ISO-10303-21;
HEADER;
FILE_DESCRIPTION (( 'STEP AP203' ),
    '1' );
FILE_NAME ('Part1_Default_sldprt.STEP',
    '2026-09-20T20:20:10',
    ( '' ),
    ( '' ),
    'SwSTEP 2.0',
    'SolidWorks 2025',
    '' );
FILE_SCHEMA (( 'CONFIG_CONTROL_DESIGN' ));
ENDSEC;

DATA;
#1 = AXIS2_PLACEMENT_3D ( 'NONE', #2638, #3628, #2374 ) ;
#2 = LINE ( 'NONE', #1352, #3137 ) ;
#3 = DIRECTION ( 'NONE',  ( -0.02462468796396178466, 0.000000000000000000, 0.9996967663960296679 ) ) ;
#4 = ADVANCED_FACE ( 'NONE', ( #3673 ), #2357, .T. ) ;
#5 = TOROIDAL_SURFACE ( 'NONE', #3992, -5.048377722264533851, 14.81030521360773555 ) ;
#6 = ORIENTED_EDGE ( 'NONE', *, *, #2119, .T. ) ;
#7 = CARTESIAN_POINT ( 'NONE',  ( 28.29850750463186415, -17.00000000000000000, 130.7298906069905513 ) ) ;
#8 = ADVANCED_FACE ( 'NONE', ( #2661 ), #3596, .F. ) ;
#9 =( BOUNDED_CURVE ( )  B_SPLINE_CURVE ( 3, ( #1516, #1150, #1173, #2416 ),
 .UNSPECIFIED., .F., .T. ) 
 B_SPLINE_CURVE_WITH_KNOTS ( ( 4, 4 ),
 ( 4.593705936631071296, 4.646349276500941983 ),
 .UNSPECIFIED. ) 
 CURVE ( )  GEOMETRIC_REPRESENTATION_ITEM ( )  RATIONAL_B_SPLINE_CURVE ( ( 1.000000000000000000, 0.9997690698973551449, 0.9997690698973551449, 1.000000000000000000 ) ) 
 REPRESENTATION_ITEM ( '' )  );
#10 = ORIENTED_EDGE ( 'NONE', *, *, #3819, .F. ) ;
#11 = CARTESIAN_POINT ( 'NONE',  ( 16.78709093729635526, 0.000000000000000000, 121.6165256147145897 ) ) ;
#12 = APPROVAL_STATUS ( 'not_yet_approved' ) ;
#13 = CARTESIAN_POINT ( 'NONE',  ( -128.4776386913718227, 0.9483153750594430775, 115.2198278650776615 ) ) ;
#14 = ORIENTED_EDGE ( 'NONE', *, *, #3989, .T. ) ;
#15 = EDGE_LOOP ( 'NONE', ( #235, #1647, #632, #3456 ) ) ;
#16 = LINE ( 'NONE', #903, #620 ) ;
#17 = PLANE ( 'NONE',  #2662 ) ;
#18 = ADVANCED_FACE ( 'NONE', ( #415 ), #2052, .F. ) ;
#19 = ORIENTED_EDGE ( 'NONE', *, *, #753, .F. ) ;
#20 = ADVANCED_FACE ( 'NONE', ( #689 ), #2900, .T. ) ;
#21 = CARTESIAN_POINT ( 'NONE',  ( -93.58998498314163328, 1.785863469935020653, 132.9966908371429213 ) ) ;
#22 = EDGE_CURVE ( 'NONE', #1058, #1093, #2339, .T. ) ;
#23 = LINE ( 'NONE', #2627, #972 ) ;
#24 = LINE ( 'NONE', #1330, #3936 ) ;
#25 = ADVANCED_FACE ( 'NONE', ( #726 ), #3352, .F. ) ;
#26 = AXIS2_PLACEMENT_3D ( 'NONE', #1013, #2648, #3939 ) ;
#27 = ORIENTED_EDGE ( 'NONE', *, *, #2702, .T. ) ;
#28 = ORIENTED_EDGE ( 'NONE', *, *, #1198, .F. ) ;
#29 = DIRECTION ( 'NONE',  ( 0.01230358619206042663, 0.000000000000000000, 0.9999243080187693034 ) ) ;
#30 = ORIENTED_EDGE ( 'NONE', *, *, #3293, .T. ) ;
#31 = CARTESIAN_POINT ( 'NONE',  ( -43.16474346568502796, 0.02678750503904320582, 110.8812450970612815 ) ) ;
#32 = FACE_OUTER_BOUND ( 'NONE', #3586, .T. ) ;
#33 = EDGE_LOOP ( 'NONE', ( #820, #2248 ) ) ;
#34 = VERTEX_POINT ( 'NONE', #2010 ) ;
#35 = CARTESIAN_POINT ( 'NONE',  ( 3.927829035509790234, 2.250755091891136317, 129.2754156960170349 ) ) ;
#36 = AXIS2_PLACEMENT_3D ( 'NONE', #3420, #563, #1853 ) ;
#37 = DIRECTION ( 'NONE',  ( -0.9996967663960294459, 0.000000000000000000, -0.02462468796396177773 ) ) ;
#38 = ORIENTED_EDGE ( 'NONE', *, *, #4098, .T. ) ;
#39 = AXIS2_PLACEMENT_3D ( 'NONE', #2286, #3578, #42 ) ;
#40 = CARTESIAN_POINT ( 'NONE',  ( -128.5925918083506758, 1.689621749021610775, 115.6294420112386234 ) ) ;
#41 = DIRECTION ( 'NONE',  ( -0.000000000000000000, -1.000000000000000000, 0.000000000000000000 ) ) ;
#42 = DIRECTION ( 'NONE',  ( 2.664535259100374119E-14, 0.000000000000000000, 1.000000000000000000 ) ) ;
#43 = FACE_OUTER_BOUND ( 'NONE', #1936, .T. ) ;
#44 = EDGE_CURVE ( 'NONE', #885, #174, #2932, .T. ) ;
#45 = VERTEX_POINT ( 'NONE', #3970 ) ;
#46 = CARTESIAN_POINT ( 'NONE',  ( -8.268077246489378140, 3.116255064327557686E-16, 125.6781397611437825 ) ) ;
#47 = ORIENTED_EDGE ( 'NONE', *, *, #1074, .T. ) ;
#48 = VECTOR ( 'NONE', #343, 1000.000000000000114 ) ;
#49 = CARTESIAN_POINT ( 'NONE',  ( 2.107266151969093934E-14, 3.000000000000000000, 132.8488609767405819 ) ) ;
#50 =( NAMED_UNIT ( * ) SI_UNIT ( $, .STERADIAN. ) SOLID_ANGLE_UNIT ( ) );
#51 = CYLINDRICAL_SURFACE ( 'NONE', #1678, 26.49856672401595858 ) ;
#52 = VERTEX_POINT ( 'NONE', #109 ) ;
#53 = CARTESIAN_POINT ( 'NONE',  ( 3.992871017403648359, 2.169605836168796653, 128.2280114497851855 ) ) ;
#54 = CYLINDRICAL_SURFACE ( 'NONE', #4007, 22.47851606900064425 ) ;
#55 = CARTESIAN_POINT ( 'NONE',  ( 28.29850750463186415, 3.000000000000000000, 41.74514583558259773 ) ) ;
#56 = VECTOR ( 'NONE', #1485, 1000.000000000000000 ) ;
#57 = EDGE_CURVE ( 'NONE', #4115, #2832, #1214, .T. ) ;
#58 = CIRCLE ( 'NONE', #2425, 4.000000000000003553 ) ;
#59 = CARTESIAN_POINT ( 'NONE',  ( 13.81834525936066704, 0.000000000000000000, 108.4918928017733037 ) ) ;
#60 = AXIS2_PLACEMENT_3D ( 'NONE', #3650, #1398, #2690 ) ;
#61 = EDGE_LOOP ( 'NONE', ( #4111, #1766, #3086, #3269 ) ) ;
#62 = DIRECTION ( 'NONE',  ( -0.01230358619206021326, 0.000000000000000000, -0.9999243080187693034 ) ) ;
#63 = AXIS2_PLACEMENT_3D ( 'NONE', #3201, #312, #2875 ) ;
#64 = ORIENTED_EDGE ( 'NONE', *, *, #414, .F. ) ;
#65 = CYLINDRICAL_SURFACE ( 'NONE', #1394, 4.000000000000003553 ) ;
#66 = ADVANCED_FACE ( 'NONE', ( #2952 ), #2008, .F. ) ;
#67 = CARTESIAN_POINT ( 'NONE',  ( 0.000000000000000000, 0.000000000000000000, 41.74514583558259062 ) ) ;
#68 = CARTESIAN_POINT ( 'NONE',  ( 16.58504898725228571, 3.000000000000000000, 129.8188908357887499 ) ) ;
#69 = ORIENTED_EDGE ( 'NONE', *, *, #3217, .T. ) ;
#70 = CARTESIAN_POINT ( 'NONE',  ( -16.58504898725224663, 0.000000000000000000, 127.2853359122747605 ) ) ;
#71 = DIRECTION ( 'NONE',  ( 0.9996967663960295569, 0.000000000000000000, 0.02462468796396076465 ) ) ;
#72 = AXIS2_PLACEMENT_3D ( 'NONE', #2401, #3374, #794 ) ;
#73 = VECTOR ( 'NONE', #1624, 1000.000000000000000 ) ;
#74 = ORIENTED_EDGE ( 'NONE', *, *, #3022, .F. ) ;
#75 = EDGE_CURVE ( 'NONE', #2557, #3057, #2322, .T. ) ;
#76 = CARTESIAN_POINT ( 'NONE',  ( 2.324106586466194821E-14, 3.000000000000000000, 138.9021133740317282 ) ) ;
#77 = DIRECTION ( 'NONE',  ( 0.01230358619206044397, 0.000000000000000000, 0.9999243080187691923 ) ) ;
#78 = DIRECTION ( 'NONE',  ( 0.000000000000000000, 0.000000000000000000, 1.000000000000000000 ) ) ;
#79 = ORIENTED_EDGE ( 'NONE', *, *, #3901, .F. ) ;
#80 = AXIS2_PLACEMENT_3D ( 'NONE', #2695, #3369, #3052 ) ;
#81 = CARTESIAN_POINT ( 'NONE',  ( -28.29850750463182507, 3.000000000000000000, 117.9205482819357371 ) ) ;
#82 = PLANE ( 'NONE',  #3974 ) ;
#83 = AXIS2_PLACEMENT_3D ( 'NONE', #1261, #3512, #3537 ) ;
#84 = ORIENTED_EDGE ( 'NONE', *, *, #428, .F. ) ;
#85 = DIRECTION ( 'NONE',  ( 0.6156614753256590689, 0.000000000000000000, 0.7880107536067213481 ) ) ;
#86 = LINE ( 'NONE', #1042, #804 ) ;
#87 = CARTESIAN_POINT ( 'NONE',  ( 16.25614435196553842, 0.000000000000000000, 128.7829896864512307 ) ) ;
#88 = ORIENTED_EDGE ( 'NONE', *, *, #2746, .F. ) ;
#89 = CARTESIAN_POINT ( 'NONE',  ( 2.993872308654817349, 2.705934258179995532E-16, 131.1574068157636930 ) ) ;
#90 = CARTESIAN_POINT ( 'NONE',  ( 8.209923638391265044, 0.000000000000000000, 128.8819945503953477 ) ) ;
#91 = DIRECTION ( 'NONE',  ( -0.6156614753256592909, 0.000000000000000000, -0.7880107536067212370 ) ) ;
#92 = AXIS2_PLACEMENT_3D ( 'NONE', #3831, #684, #1279 ) ;
#93 = CARTESIAN_POINT ( 'NONE',  ( 124.7413739335738256, 3.000000000000000000, 140.3939883263020079 ) ) ;
#94 = CIRCLE ( 'NONE', #1109, 2.544615367057037947 ) ;
#95 = ADVANCED_FACE ( 'NONE', ( #1827 ), #2696, .T. ) ;
#96 = CARTESIAN_POINT ( 'NONE',  ( -126.7673064840126642, 1.933681764685062587, 130.6077393845574761 ) ) ;
#97 = CARTESIAN_POINT ( 'NONE',  ( 124.0669831219265546, 2.424912756171457406, 125.3080804290228656 ) ) ;
#98 = VERTEX_POINT ( 'NONE', #2492 ) ;
#99 = PLANE ( 'NONE',  #2836 ) ;
#100 = CARTESIAN_POINT ( 'NONE',  ( -28.29850750463182507, 1.780599916887184886, 135.0908839571044382 ) ) ;
#101 = ORIENTED_EDGE ( 'NONE', *, *, #1211, .F. ) ;
#102 = CARTESIAN_POINT ( 'NONE',  ( -124.8375808934546143, 0.8779368942899365980, 112.7113955615242133 ) ) ;
#103 = DIRECTION ( 'NONE',  ( 0.01230358619206012305, 0.000000000000000000, 0.9999243080187693034 ) ) ;
#104 = DIRECTION ( 'NONE',  ( 0.9999243080187693034, 0.000000000000000000, -0.01230358619206012305 ) ) ;
#105 = ORIENTED_EDGE ( 'NONE', *, *, #1211, .T. ) ;
#106 = CARTESIAN_POINT ( 'NONE',  ( 3.860946723383300583, 1.724430541974488529, 127.4535948425616851 ) ) ;
#107 = DIRECTION ( 'NONE',  ( 0.9999243080187693034, 0.000000000000000000, -0.01230358619206012305 ) ) ;
#108 = ADVANCED_FACE ( 'NONE', ( #3441 ), #1275, .T. ) ;
#109 = CARTESIAN_POINT ( 'NONE',  ( 25.99889206176743528, 0.000000000000000000, 135.6417949169029384 ) ) ;
#110 = DIRECTION ( 'NONE',  ( 0.000000000000000000, -1.000000000000000000, -0.000000000000000000 ) ) ;
#111 = CARTESIAN_POINT ( 'NONE',  ( 24.03250381854550710, 3.000000000000000000, 121.4472630397739863 ) ) ;
#112 = CARTESIAN_POINT ( 'NONE',  ( -124.5353832096426174, 1.866482816056901139, 131.7776951856637311 ) ) ;
#113 = AXIS2_PLACEMENT_3D ( 'NONE', #1991, #3292, #2380 ) ;
#114 = ORIENTED_EDGE ( 'NONE', *, *, #3454, .F. ) ;
#115 = DIRECTION ( 'NONE',  ( 0.6156614753256591799, 0.000000000000000000, 0.7880107536067212370 ) ) ;
#116 = VECTOR ( 'NONE', #3372, 1000.000000000000114 ) ;
#117 = CARTESIAN_POINT ( 'NONE',  ( 2.014054019100348358E-14, 3.000000000000000000, 118.4660899111570416 ) ) ;
#118 = AXIS2_PLACEMENT_3D ( 'NONE', #4189, #683, #3226 ) ;
#119 = ORIENTED_EDGE ( 'NONE', *, *, #3073, .F. ) ;
#120 = DIRECTION ( 'NONE',  ( 0.000000000000000000, 1.000000000000000000, 0.000000000000000000 ) ) ;
#121 = CARTESIAN_POINT ( 'NONE',  ( 16.61758014681925744, 0.000000000000000000, 128.7785423933719358 ) ) ;
#122 = DIRECTION ( 'NONE',  ( -0.6156614753256589578, 0.000000000000000000, -0.7880107536067213481 ) ) ;
#123 = EDGE_CURVE ( 'NONE', #2424, #3385, #2100, .T. ) ;
#124 = ORIENTED_EDGE ( 'NONE', *, *, #299, .F. ) ;
#125 = CARTESIAN_POINT ( 'NONE',  ( 44.30380905979447448, 0.2231119695520408786, 146.3303690260216570 ) ) ;
#126 = DIRECTION ( 'NONE',  ( 0.6156614753256589578, 0.000000000000000000, 0.7880107536067213481 ) ) ;
#127 = CARTESIAN_POINT ( 'NONE',  ( -11.85525590424998121, 2.147002566691951100E-16, 140.1113758700543315 ) ) ;
#128 = CARTESIAN_POINT ( 'NONE',  ( -29.10880820221326459, 0.000000000000000000, 157.5547905061403924 ) ) ;
#129 = DIRECTION ( 'NONE',  ( -0.9963288581758777962, 0.000000000000000000, 0.08560844798237811359 ) ) ;
#130 = EDGE_CURVE ( 'NONE', #45, #1058, #3418, .T. ) ;
#131 = CIRCLE ( 'NONE', #1753, 1.753160640428558015 ) ;
#132 = EDGE_CURVE ( 'NONE', #2755, #1477, #2081, .T. ) ;
#133 = VERTEX_POINT ( 'NONE', #127 ) ;
#134 = DIRECTION ( 'NONE',  ( 0.000000000000000000, 1.000000000000000000, 0.000000000000000000 ) ) ;
#135 = VERTEX_POINT ( 'NONE', #834 ) ;
#136 = DIRECTION ( 'NONE',  ( 0.9987049606810051161, 7.734885974112813963E-18, 0.05087633547290796449 ) ) ;
#137 = ORIENTED_EDGE ( 'NONE', *, *, #1487, .T. ) ;
#138 = CARTESIAN_POINT ( 'NONE',  ( 15.32435095716585849, 0.000000000000000000, 107.7580527337903646 ) ) ;
#139 = DIRECTION ( 'NONE',  ( 0.01230358619206011611, 0.000000000000000000, 0.9999243080187693034 ) ) ;
#140 = CARTESIAN_POINT ( 'NONE',  ( 13.83732356703482047, 0.000000000000000000, 107.7214240412640862 ) ) ;
#141 = EDGE_CURVE ( 'NONE', #3145, #1303, #3694, .T. ) ;
#142 = VERTEX_POINT ( 'NONE', #2804 ) ;
#143 = DIRECTION ( 'NONE',  ( 0.01230358619205983335, 0.000000000000000000, 0.9999243080187693034 ) ) ;
#144 = AXIS2_PLACEMENT_3D ( 'NONE', #3251, #350, #1383 ) ;
#145 = FACE_OUTER_BOUND ( 'NONE', #2750, .T. ) ;
#146 = CARTESIAN_POINT ( 'NONE',  ( 127.2082378294358307, 1.957684975441091435, 127.0307899710252713 ) ) ;
#147 = CARTESIAN_POINT ( 'NONE',  ( 28.29850750463186415, 3.000000000000000000, 139.1836784661277306 ) ) ;
#148 = DIRECTION ( 'NONE',  ( 0.000000000000000000, 1.000000000000000000, -0.000000000000000000 ) ) ;
#149 = ORIENTED_EDGE ( 'NONE', *, *, #1975, .F. ) ;
#150 = EDGE_LOOP ( 'NONE', ( #1916, #2741, #199 ) ) ;
#151 = ORIENTED_EDGE ( 'NONE', *, *, #2204, .F. ) ;
#152 = EDGE_CURVE ( 'NONE', #1058, #156, #669, .T. ) ;
#153 = DIRECTION ( 'NONE',  ( 0.6156614753256591799, 0.000000000000000000, 0.7880107536067212370 ) ) ;
#154 = CARTESIAN_POINT ( 'NONE',  ( -16.61758014681921836, 0.000000000000000000, 128.3256843546915604 ) ) ;
#155 = VECTOR ( 'NONE', #2599, 1000.000000000000114 ) ;
#156 = VERTEX_POINT ( 'NONE', #4033 ) ;
#157 = DIRECTION ( 'NONE',  ( -1.000000000000000000, 0.000000000000000000, 1.224646799147353947E-16 ) ) ;
#158 = EDGE_CURVE ( 'NONE', #2557, #3433, #1720, .T. ) ;
#159 = ORIENTED_EDGE ( 'NONE', *, *, #313, .F. ) ;
#160 = LINE ( 'NONE', #1146, #3511 ) ;
#161 = DIRECTION ( 'NONE',  ( -0.9996967663960293349, 0.000000000000000000, -0.02462468796396482737 ) ) ;
#162 = DIRECTION ( 'NONE',  ( -0.000000000000000000, 1.000000000000000000, 0.000000000000000000 ) ) ;
#163 = EDGE_LOOP ( 'NONE', ( #2329, #3141, #1629, #979 ) ) ;
#164 = LINE ( 'NONE', #1127, #1033 ) ;
#165 = CARTESIAN_POINT ( 'NONE',  ( 125.6381451498662898, 1.889520339270223559, 125.6902030405219790 ) ) ;
#166 = EDGE_LOOP ( 'NONE', ( #3243, #19, #2426, #3198 ) ) ;
#167 = CARTESIAN_POINT ( 'NONE',  ( 127.5295215345828836, 0.6850812594541052514, 143.2698425161161424 ) ) ;
#168 = CYLINDRICAL_SURFACE ( 'NONE', #3484, 46.46041339749348964 ) ;
#169 = B_SPLINE_CURVE_WITH_KNOTS ( 'NONE', 3,
 ( #3084, #112, #176, #3636, #732, #417, #2996, #96, #754, #1410, #2221, #1859, #3176, #2546, #864, #2132 ),
 .UNSPECIFIED., .F., .F.,
 ( 4, 2, 2, 2, 2, 2, 2, 4 ),
 ( 0.000000000000000000, 0.001386303367901708201, 0.002079455051852562193, 0.002772606735803416402, 0.003465758419754270611, 0.004158910103705124386, 0.004852061787655979029, 0.005545213471606832804 ),
 .UNSPECIFIED. ) ;
#170 = PLANE ( 'NONE',  #2778 ) ;
#171 = EDGE_LOOP ( 'NONE', ( #3876, #1866, #3621, #777 ) ) ;
#172 = DIRECTION ( 'NONE',  ( 1.224275445084856662E-16, 1.000000000000000000, 3.015654529506814774E-18 ) ) ;
#173 = EDGE_CURVE ( 'NONE', #543, #3652, #2838, .T. ) ;
#174 = VERTEX_POINT ( 'NONE', #3098 ) ;
#175 = ORIENTED_EDGE ( 'NONE', *, *, #3255, .T. ) ;
#176 = CARTESIAN_POINT ( 'NONE',  ( -124.9885695056424453, 1.873122150814338971, 131.6792577164434874 ) ) ;
#177 = DIRECTION ( 'NONE',  ( -0.000000000000000000, -1.000000000000000000, 0.000000000000000000 ) ) ;
#178 = EDGE_CURVE ( 'NONE', #922, #3411, #3817, .T. ) ;
#179 = B_SPLINE_CURVE_WITH_KNOTS ( 'NONE', 3,
 ( #2654, #3909, #662, #1377 ),
 .UNSPECIFIED., .F., .F.,
 ( 4, 4 ),
 ( 0.000000000000000000, 1.000000000000000000 ),
 .UNSPECIFIED. ) ;
#180 = ORIENTED_EDGE ( 'NONE', *, *, #910, .F. ) ;
#181 = AXIS2_PLACEMENT_3D ( 'NONE', #93, #2994, #2323 ) ;
#182 = DIRECTION ( 'NONE',  ( 0.000000000000000000, -1.000000000000000000, -0.000000000000000000 ) ) ;
#183 = AXIS2_PLACEMENT_3D ( 'NONE', #637, #2917, #3236 ) ;
#184 = ORIENTED_EDGE ( 'NONE', *, *, #3160, .T. ) ;
#185 = CARTESIAN_POINT ( 'NONE',  ( -3.833889401245578643, 1.721882163622378892, 129.6507349764798960 ) ) ;
#186 = AXIS2_PLACEMENT_3D ( 'NONE', #1176, #2074, #1469 ) ;
#187 = CARTESIAN_POINT ( 'NONE',  ( -124.8375808934546143, 3.000000000000000000, 112.7113955615242133 ) ) ;
#188 = DIRECTION ( 'NONE',  ( -1.224646799147353947E-16, 0.000000000000000000, -1.000000000000000000 ) ) ;
#189 = CIRCLE ( 'NONE', #1408, 180.7774700275770385 ) ;
#190 = CARTESIAN_POINT ( 'NONE',  ( -44.17553311328696708, 0.000000000000000000, 110.7738577220418392 ) ) ;
#191 = CARTESIAN_POINT ( 'NONE',  ( -17.18925122003600947, 3.000000000000000000, 118.4545593302449049 ) ) ;
#192 = CIRCLE ( 'NONE', #3371, 2.935653437930426879 ) ;
#193 = ADVANCED_FACE ( 'NONE', ( #3464 ), #2216, .T. ) ;
#194 = CARTESIAN_POINT ( 'NONE',  ( 126.9245037294896292, 1.941800388984471271, 126.6661654750306809 ) ) ;
#195 = EDGE_CURVE ( 'NONE', #3430, #3367, #2342, .T. ) ;
#196 = CARTESIAN_POINT ( 'NONE',  ( 28.29850750463186415, 0.000000000000000000, 139.1836784661277591 ) ) ;
#197 = CARTESIAN_POINT ( 'NONE',  ( 75.33938752215367174, 0.000000000000000000, 140.7578850154839643 ) ) ;
#198 = CARTESIAN_POINT ( 'NONE',  ( -16.25614435196550289, 0.000000000000000000, 128.3212370616122371 ) ) ;
#199 = ORIENTED_EDGE ( 'NONE', *, *, #4025, .F. ) ;
#200 = FACE_OUTER_BOUND ( 'NONE', #1577, .T. ) ;
#201 = AXIS2_PLACEMENT_3D ( 'NONE', #4096, #2110, #2835 ) ;
#202 = EDGE_CURVE ( 'NONE', #3994, #3952, #3017, .T. ) ;
#203 = ORIENTED_EDGE ( 'NONE', *, *, #377, .T. ) ;
#204 = AXIS2_PLACEMENT_3D ( 'NONE', #4012, #3675, #772 ) ;
#205 = ORIENTED_EDGE ( 'NONE', *, *, #1458, .T. ) ;
#206 = CARTESIAN_POINT ( 'NONE',  ( -127.8115405316983271, 2.866742394924873594, 128.6792323673041665 ) ) ;
#207 = DIRECTION ( 'NONE',  ( 0.01230358619206009529, 0.000000000000000000, 0.9999243080187693034 ) ) ;
#208 = CIRCLE ( 'NONE', #1831, 2.544615367057037947 ) ;
#209 = ADVANCED_FACE ( 'NONE', ( #898 ), #3532, .F. ) ;
#210 = ORIENTED_EDGE ( 'NONE', *, *, #2657, .T. ) ;
#211 = FACE_OUTER_BOUND ( 'NONE', #858, .T. ) ;
#212 = ORIENTED_EDGE ( 'NONE', *, *, #2768, .T. ) ;
#213 = DIRECTION ( 'NONE',  ( 0.000000000000000000, 8.847089727481714604E-15, -1.000000000000000000 ) ) ;
#214 = CARTESIAN_POINT ( 'NONE',  ( -37.77216479325501552, 0.5531304509636448818, 113.0439446932408032 ) ) ;
#215 = DIRECTION ( 'NONE',  ( -0.9999243080187693034, -0.000000000000000000, 0.01230358619206012305 ) ) ;
#216 = ORIENTED_EDGE ( 'NONE', *, *, #3760, .F. ) ;
#217 = CARTESIAN_POINT ( 'NONE',  ( -126.8698503641277568, 1.063444529770838809, 113.3169086853019678 ) ) ;
#218 = DIRECTION ( 'NONE',  ( 0.01230358619206023928, 0.000000000000000000, 0.9999243080187693034 ) ) ;
#219 = DIRECTION ( 'NONE',  ( -1.000000000000000000, 0.000000000000000000, 0.000000000000000000 ) ) ;
#220 = TOROIDAL_SURFACE ( 'NONE', #1699, 5.436335871037394796, 4.023363924561850880 ) ;
#221 = ORIENTED_EDGE ( 'NONE', *, *, #3426, .T. ) ;
#222 = FACE_OUTER_BOUND ( 'NONE', #1857, .T. ) ;
#223 = EDGE_LOOP ( 'NONE', ( #2378, #1954, #245, #3121, #1190, #1136 ) ) ;
#224 = CARTESIAN_POINT ( 'NONE',  ( -3.955015777760627849, -2.268504230786084985, 127.8344504508194035 ) ) ;
#225 = ORIENTED_EDGE ( 'NONE', *, *, #2657, .F. ) ;
#226 = ORIENTED_EDGE ( 'NONE', *, *, #3361, .T. ) ;
#227 = DIRECTION ( 'NONE',  ( -0.6156614753256590689, 0.000000000000000000, -0.7880107536067212370 ) ) ;
#228 = DIRECTION ( 'NONE',  ( -1.000000000000000000, 0.000000000000000000, 0.000000000000000000 ) ) ;
#229 = AXIS2_PLACEMENT_3D ( 'NONE', #3735, #2143, #4082 ) ;
#230 = EDGE_CURVE ( 'NONE', #2428, #1479, #3429, .T. ) ;
#231 = EDGE_LOOP ( 'NONE', ( #2715, #3879, #2236, #2292 ) ) ;
#232 = AXIS2_PLACEMENT_3D ( 'NONE', #1542, #3467, #4086 ) ;
#233 = CARTESIAN_POINT ( 'NONE',  ( 10.90005575648331160, 0.000000000000000000, 128.8488937725489052 ) ) ;
#234 = VECTOR ( 'NONE', #3517, 1000.000000000000000 ) ;
#235 = ORIENTED_EDGE ( 'NONE', *, *, #625, .F. ) ;
#236 = CARTESIAN_POINT ( 'NONE',  ( 124.8375808934546569, 3.000000000000000000, 144.3928311865392971 ) ) ;
#237 = EDGE_CURVE ( 'NONE', #495, #2424, #3252, .T. ) ;
#238 = ORIENTED_EDGE ( 'NONE', *, *, #4152, .F. ) ;
#239 = CARTESIAN_POINT ( 'NONE',  ( 42.71867598408456246, 0.3258824745975830162, 146.0440857978441613 ) ) ;
#240 = FACE_OUTER_BOUND ( 'NONE', #2612, .T. ) ;
#241 = DIRECTION ( 'NONE',  ( 0.000000000000000000, -4.527628272299465885E-14, -1.000000000000000000 ) ) ;
#242 = VERTEX_POINT ( 'NONE', #11 ) ;
#243 = CARTESIAN_POINT ( 'NONE',  ( -24.03250381854546802, 0.000000000000000000, 135.6569637082895099 ) ) ;
#244 = DIRECTION ( 'NONE',  ( -0.000000000000000000, -1.000000000000000000, 0.000000000000000000 ) ) ;
#245 = ORIENTED_EDGE ( 'NONE', *, *, #428, .T. ) ;
#246 = VERTEX_POINT ( 'NONE', #1296 ) ;
#247 = DIRECTION ( 'NONE',  ( -0.000000000000000000, -1.000000000000000000, 0.000000000000000000 ) ) ;
#248 = FACE_OUTER_BOUND ( 'NONE', #166, .T. ) ;
#249 = EDGE_CURVE ( 'NONE', #1216, #52, #4041, .T. ) ;
#250 = ORIENTED_EDGE ( 'NONE', *, *, #693, .F. ) ;
#251 = DIRECTION ( 'NONE',  ( 0.000000000000000000, 0.000000000000000000, 1.000000000000000000 ) ) ;
#252 = EDGE_CURVE ( 'NONE', #3768, #3208, #575, .T. ) ;
#253 = VERTEX_POINT ( 'NONE', #1539 ) ;
#254 = VECTOR ( 'NONE', #1974, 1000.000000000000000 ) ;
#255 = ORIENTED_EDGE ( 'NONE', *, *, #2311, .T. ) ;
#256 = CARTESIAN_POINT ( 'NONE',  ( -13.61423995985303570, 4.488022391862254195E-17, 155.2086177991332647 ) ) ;
#257 = AXIS2_PLACEMENT_3D ( 'NONE', #4077, #2182, #251 ) ;
#258 = ORIENTED_EDGE ( 'NONE', *, *, #2702, .F. ) ;
#259 = CARTESIAN_POINT ( 'NONE',  ( 3.764155984084603723, -1.395115876468075999, 127.1487449648856796 ) ) ;
#260 = CIRCLE ( 'NONE', #3922, 11.20485320828254316 ) ;
#261 = CARTESIAN_POINT ( 'NONE',  ( 44.30380905979438921, 0.000000000000000000, 146.3303690260216570 ) ) ;
#262 = LINE ( 'NONE', #3762, #3278 ) ;
#263 = ORIENTED_EDGE ( 'NONE', *, *, #3717, .F. ) ;
#264 = CARTESIAN_POINT ( 'NONE',  ( 128.9606803236352732, 2.608366254045692667, 136.5624472643206957 ) ) ;
#265 = AXIS2_PLACEMENT_3D ( 'NONE', #1638, #2992, #91 ) ;
#266 = FACE_OUTER_BOUND ( 'NONE', #4172, .T. ) ;
#267 = CIRCLE ( 'NONE', #2770, 2.828599487879394303 ) ;
#268 = ORIENTED_EDGE ( 'NONE', *, *, #3840, .F. ) ;
#269 = ORIENTED_EDGE ( 'NONE', *, *, #1727, .F. ) ;
#270 = DIRECTION ( 'NONE',  ( 0.02462468796396177773, 0.000000000000000000, -0.9996967663960294459 ) ) ;
#271 = CARTESIAN_POINT ( 'NONE',  ( 3.711885367247640181E-14, 3.000000000000000000, 215.3590809124808914 ) ) ;
#272 = AXIS2_PLACEMENT_3D ( 'NONE', #4072, #1793, #3134 ) ;
#273 = EDGE_CURVE ( 'NONE', #429, #3516, #4187, .T. ) ;
#274 = EDGE_CURVE ( 'NONE', #1003, #3516, #860, .T. ) ;
#275 = LINE ( 'NONE', #2224, #1976 ) ;
#276 = DIRECTION ( 'NONE',  ( -1.000000000000000000, 0.000000000000000000, 0.000000000000000000 ) ) ;
#277 = AXIS2_PLACEMENT_3D ( 'NONE', #4091, #172, #2666 ) ;
#278 =( BOUNDED_CURVE ( )  B_SPLINE_CURVE ( 3, ( #3740, #857, #2763, #1157 ),
 .UNSPECIFIED., .F., .T. ) 
 B_SPLINE_CURVE_WITH_KNOTS ( ( 4, 4 ),
 ( 4.613349399300799902, 4.712388980384689674 ),
 .UNSPECIFIED. ) 
 CURVE ( )  GEOMETRIC_REPRESENTATION_ITEM ( )  RATIONAL_B_SPLINE_CURVE ( ( 1.000000000000000000, 0.9991827638049128879, 0.9991827638049128879, 1.000000000000000000 ) ) 
 REPRESENTATION_ITEM ( '' )  );
#279 = ORIENTED_EDGE ( 'NONE', *, *, #3503, .F. ) ;
#280 = DIRECTION ( 'NONE',  ( -1.000000000000000000, -0.000000000000000000, -0.000000000000000000 ) ) ;
#281 = EDGE_LOOP ( 'NONE', ( #124, #1295, #948, #3990 ) ) ;
#282 = CARTESIAN_POINT ( 'NONE',  ( 3.232102180831015303, -1.136249228999226091, 130.8631972619943440 ) ) ;
#283 = ADVANCED_FACE ( 'NONE', ( #406 ), #998, .T. ) ;
#284 = DATE_AND_TIME ( #2616, #3033 ) ;
#285 = CARTESIAN_POINT ( 'NONE',  ( 13.63017942147721762, 3.595138586167412710E-16, 125.8794252578361892 ) ) ;
#286 = ORIENTED_EDGE ( 'NONE', *, *, #693, .T. ) ;
#287 = CARTESIAN_POINT ( 'NONE',  ( 127.3825201210780875, 1.175793550745129146, 143.4055136956839931 ) ) ;
#288 = DIRECTION ( 'NONE',  ( -0.6156614753256592909, 0.000000000000000000, -0.7880107536067211260 ) ) ;
#289 = ORIENTED_EDGE ( 'NONE', *, *, #2065, .T. ) ;
#290 = ORIENTED_EDGE ( 'NONE', *, *, #776, .F. ) ;
#291 = CARTESIAN_POINT ( 'NONE',  ( -2.199302045677577588, 3.000000000000000000, 118.4660899111570416 ) ) ;
#292 = LINE ( 'NONE', #950, #2087 ) ;
#293 = VECTOR ( 'NONE', #2467, 1000.000000000000114 ) ;
#294 = ADVANCED_FACE ( 'NONE', ( #363 ), #2884, .T. ) ;
#295 = CARTESIAN_POINT ( 'NONE',  ( 2.092780475106851024E-14, 3.000000000000000000, 128.5047235328461852 ) ) ;
#296 = FACE_OUTER_BOUND ( 'NONE', #171, .T. ) ;
#297 = VERTEX_POINT ( 'NONE', #3587 ) ;
#298 = LINE ( 'NONE', #3845, #2079 ) ;
#299 = EDGE_CURVE ( 'NONE', #465, #574, #1602, .T. ) ;
#300 = CIRCLE ( 'NONE', #1382, 2.828599487879394303 ) ;
#301 =( BOUNDED_CURVE ( )  B_SPLINE_CURVE ( 3, ( #3620, #3081, #1475, #97 ),
 .UNSPECIFIED., .F., .T. ) 
 B_SPLINE_CURVE_WITH_KNOTS ( ( 4, 4 ),
 ( 4.487351897991028515, 4.546262198970885571 ),
 .UNSPECIFIED. ) 
 CURVE ( )  GEOMETRIC_REPRESENTATION_ITEM ( )  RATIONAL_B_SPLINE_CURVE ( ( 1.000000000000000000, 0.9997108189453777216, 0.9997108189453777216, 1.000000000000000000 ) ) 
 REPRESENTATION_ITEM ( '' )  );
#302 = EDGE_LOOP ( 'NONE', ( #1358, #1457, #340, #4079 ) ) ;
#303 = CARTESIAN_POINT ( 'NONE',  ( 3.181060502676555490, -1.007914178485809220, 130.9307837611155207 ) ) ;
#304 = ORIENTED_EDGE ( 'NONE', *, *, #625, .T. ) ;
#305 = APPLICATION_PROTOCOL_DEFINITION ( 'international standard', 'config_control_design', 1994, #3882 ) ;
#306 = DIRECTION ( 'NONE',  ( -0.01230358619206021326, 0.000000000000000000, -0.9999243080187693034 ) ) ;
#307 = B_SPLINE_CURVE_WITH_KNOTS ( 'NONE', 3,
 ( #2933, #2894, #3218, #3540 ),
 .UNSPECIFIED., .F., .F.,
 ( 4, 4 ),
 ( 0.000000000000000000, 0.004559287252869798426 ),
 .UNSPECIFIED. ) ;
#308 = ORIENTED_EDGE ( 'NONE', *, *, #2840, .T. ) ;
#309 = DIRECTION ( 'NONE',  ( 0.9987106871536896024, 0.000000000000000000, -0.05076379974947803353 ) ) ;
#310 = CARTESIAN_POINT ( 'NONE',  ( -1.136304144762484425, 3.000000000000000000, 128.8073135801968760 ) ) ;
#311 = ORIENTED_EDGE ( 'NONE', *, *, #3087, .F. ) ;
#312 = DIRECTION ( 'NONE',  ( 0.000000000000000000, -1.000000000000000000, -0.000000000000000000 ) ) ;
#313 = EDGE_CURVE ( 'NONE', #3433, #2910, #578, .T. ) ;
#314 = EDGE_CURVE ( 'NONE', #2193, #2257, #3322, .T. ) ;
#315 = CARTESIAN_POINT ( 'NONE',  ( -10.93867797836519529, 5.636806178977419014E-16, 125.1164677790933553 ) ) ;
#316 = CARTESIAN_POINT ( 'NONE',  ( 23.14120380932828525, 0.000000000000000000, 128.6982723515571934 ) ) ;
#317 = ORIENTED_EDGE ( 'NONE', *, *, #444, .T. ) ;
#318 = DIRECTION ( 'NONE',  ( 0.000000000000000000, -1.000000000000000000, -0.000000000000000000 ) ) ;
#319 = APPROVAL ( #3533, 'UNSPECIFIED' ) ;
#320 = ORIENTED_EDGE ( 'NONE', *, *, #3715, .T. ) ;
#321 = CARTESIAN_POINT ( 'NONE',  ( 3.989974739639407186, -2.278303758510544785, 128.8257468106613999 ) ) ;
#322 = DIRECTION ( 'NONE',  ( 0.01230358619205992356, 0.000000000000000000, 0.9999243080187693034 ) ) ;
#323 = EDGE_LOOP ( 'NONE', ( #1902, #4061, #2928, #2509 ) ) ;
#324 = ORIENTED_EDGE ( 'NONE', *, *, #1249, .F. ) ;
#325 = DIRECTION ( 'NONE',  ( 0.9996967663960293349, 0.000000000000000000, 0.02462468796396471982 ) ) ;
#326 = VECTOR ( 'NONE', #1698, 1000.000000000000000 ) ;
#327 = DIRECTION ( 'NONE',  ( -0.9999243080187693034, -0.000000000000000000, 0.01230358619206012305 ) ) ;
#328 = EDGE_CURVE ( 'NONE', #465, #2371, #2672, .T. ) ;
#329 = ORIENTED_EDGE ( 'NONE', *, *, #3296, .F. ) ;
#330 = VECTOR ( 'NONE', #2679, 1000.000000000000000 ) ;
#331 =( GEOMETRIC_REPRESENTATION_CONTEXT ( 3 ) GLOBAL_UNCERTAINTY_ASSIGNED_CONTEXT ( ( #1861 ) ) GLOBAL_UNIT_ASSIGNED_CONTEXT ( ( #982, #2946, #50 ) ) REPRESENTATION_CONTEXT ( 'NONE', 'WORKASPACE' ) );
#332 = DIRECTION ( 'NONE',  ( -0.01230358619206042663, 0.000000000000000000, -0.9999243080187693034 ) ) ;
#333 = AXIS2_PLACEMENT_3D ( 'NONE', #2208, #2920, #1335 ) ;
#334 = EDGE_CURVE ( 'NONE', #3136, #1957, #2262, .T. ) ;
#335 = LINE ( 'NONE', #1961, #2035 ) ;
#336 = DIRECTION ( 'NONE',  ( 0.9996967663960293349, 0.000000000000000000, 0.02462468796396399470 ) ) ;
#337 = EDGE_CURVE ( 'NONE', #3803, #3652, #930, .T. ) ;
#338 = AXIS2_PLACEMENT_3D ( 'NONE', #3462, #876, #2167 ) ;
#339 = VECTOR ( 'NONE', #3719, 1000.000000000000000 ) ;
#340 = ORIENTED_EDGE ( 'NONE', *, *, #314, .T. ) ;
#341 = CARTESIAN_POINT ( 'NONE',  ( 128.2350038443127858, 2.047288548883296588, 131.3604310401653663 ) ) ;
#342 = ORIENTED_EDGE ( 'NONE', *, *, #3197, .T. ) ;
#343 = DIRECTION ( 'NONE',  ( 0.9996967663960293349, 0.000000000000000000, 0.02462468796396471982 ) ) ;
#344 = APPROVAL_ROLE ( '' ) ;
#345 = MANIFOLD_SOLID_BREP ( 'Body-Move/Copy2[1]', #3370 ) ;
#346 = CARTESIAN_POINT ( 'NONE',  ( -28.29850750463182507, 2.994741839151652929, 125.5492456872030260 ) ) ;
#347 = ORIENTED_EDGE ( 'NONE', *, *, #1155, .F. ) ;
#348 = ORIENTED_EDGE ( 'NONE', *, *, #1425, .T. ) ;
#349 = CARTESIAN_POINT ( 'NONE',  ( 2.015108967307826057E-14, 3.000000000000000000, 118.4660899111570416 ) ) ;
#350 = DIRECTION ( 'NONE',  ( 1.000000000000000000, -0.000000000000000000, -0.000000000000000000 ) ) ;
#351 = ORIENTED_EDGE ( 'NONE', *, *, #1362, .T. ) ;
#352 = DIRECTION ( 'NONE',  ( -0.000000000000000000, 1.000000000000000000, 0.000000000000000000 ) ) ;
#353 = EDGE_CURVE ( 'NONE', #1995, #665, #2333, .T. ) ;
#354 = CARTESIAN_POINT ( 'NONE',  ( -0.4896729104812839184, 0.000000000000000000, 132.4746379451150062 ) ) ;
#355 = CARTESIAN_POINT ( 'NONE',  ( 128.2621433932850721, 2.994741839151660034, 131.5549810608604844 ) ) ;
#356 = AXIS2_PLACEMENT_3D ( 'NONE', #3308, #3594, #3554 ) ;
#357 = LINE ( 'NONE', #1924, #2305 ) ;
#358 = VECTOR ( 'NONE', #3541, 1000.000000000000000 ) ;
#359 = VERTEX_POINT ( 'NONE', #384 ) ;
#360 = VERTEX_POINT ( 'NONE', #49 ) ;
#361 = CARTESIAN_POINT ( 'NONE',  ( 11.23010504506709317, 0.000000000000000000, 128.8448326752866819 ) ) ;
#362 = ORIENTED_EDGE ( 'NONE', *, *, #44, .F. ) ;
#363 = FACE_OUTER_BOUND ( 'NONE', #1185, .T. ) ;
#364 = ADVANCED_FACE ( 'NONE', ( #1688 ), #3969, .T. ) ;
#365 = FACE_OUTER_BOUND ( 'NONE', #1790, .T. ) ;
#366 = DIRECTION ( 'NONE',  ( 0.9999243080187693034, 0.000000000000000000, -0.01230358619206012305 ) ) ;
#367 = ORIENTED_EDGE ( 'NONE', *, *, #2276, .T. ) ;
#368 = ORIENTED_EDGE ( 'NONE', *, *, #612, .F. ) ;
#369 = DIRECTION ( 'NONE',  ( 0.9996967663960293349, 0.000000000000000000, 0.02462468796396471982 ) ) ;
#370 = CIRCLE ( 'NONE', #3553, 26.49856672401597280 ) ;
#371 = CARTESIAN_POINT ( 'NONE',  ( -8.209923638391227740, 0.000000000000000000, 128.2222321976681485 ) ) ;
#372 = CARTESIAN_POINT ( 'NONE',  ( -127.0947330688638175, 2.664192639129250750, 130.2582237086033956 ) ) ;
#373 = CIRCLE ( 'NONE', #2806, 2.708110989951162395 ) ;
#374 = CARTESIAN_POINT ( 'NONE',  ( -16.78709093729631974, 3.000000000000000000, 135.4877011333489065 ) ) ;
#375 = LINE ( 'NONE', #3955, #358 ) ;
#376 = LINE ( 'NONE', #1309, #797 ) ;
#377 = EDGE_CURVE ( 'NONE', #1655, #700, #1937, .T. ) ;
#378 = ORIENTED_EDGE ( 'NONE', *, *, #444, .F. ) ;
#379 = DIRECTION ( 'NONE',  ( 0.000000000000000000, -1.000000000000000000, -0.000000000000000000 ) ) ;
#380 = ADVANCED_FACE ( 'NONE', ( #1397, #2273 ), #65, .T. ) ;
#381 = EDGE_CURVE ( 'NONE', #1919, #4156, #179, .T. ) ;
#382 = EDGE_LOOP ( 'NONE', ( #3871, #2268, #2154, #3712, #3264, #3318, #3224, #221, #2115, #608, #1142, #4014, #3763, #3132, #2828, #485 ) ) ;
#383 = AXIS2_PLACEMENT_3D ( 'NONE', #1630, #2293, #3946 ) ;
#384 = CARTESIAN_POINT ( 'NONE',  ( 128.9606803236352732, 1.683562034957478248, 136.5624472643206957 ) ) ;
#385 = DIRECTION ( 'NONE',  ( -0.9987106871536896024, 0.000000000000000000, 0.05076379974947803353 ) ) ;
#386 = CYLINDRICAL_SURFACE ( 'NONE', #2998, 183.7774700275770101 ) ;
#387 = ORIENTED_EDGE ( 'NONE', *, *, #1612, .F. ) ;
#388 = CARTESIAN_POINT ( 'NONE',  ( -29.10880820221326459, 3.000000000000000000, 157.5547905061403924 ) ) ;
#389 = VECTOR ( 'NONE', #369, 1000.000000000000114 ) ;
#390 = ORIENTED_EDGE ( 'NONE', *, *, #792, .T. ) ;
#391 = AXIS2_PLACEMENT_3D ( 'NONE', #512, #3117, #2044 ) ;
#392 = DIRECTION ( 'NONE',  ( 0.000000000000000000, 0.000000000000000000, 1.000000000000000000 ) ) ;
#393 = CIRCLE ( 'NONE', #1550, 2.980686335360524630 ) ;
#394 = AXIS2_PLACEMENT_3D ( 'NONE', #3927, #2961, #3282 ) ;
#395 = CARTESIAN_POINT ( 'NONE',  ( 128.5925918083507042, 1.689621749021610775, 141.4747847368248586 ) ) ;
#396 = EDGE_CURVE ( 'NONE', #2922, #1957, #1948, .T. ) ;
#397 = LINE ( 'NONE', #2364, #3118 ) ;
#398 = VECTOR ( 'NONE', #2674, 1000.000000000000000 ) ;
#399 = EDGE_CURVE ( 'NONE', #818, #1912, #4119, .T. ) ;
#400 = VERTEX_POINT ( 'NONE', #3963 ) ;
#401 = CARTESIAN_POINT ( 'NONE',  ( 0.000000000000000000, 3.000000000000000000, 41.74514583558259062 ) ) ;
#402 = CARTESIAN_POINT ( 'NONE',  ( 28.29850750463186415, -43.45345674200559927, 130.4896822148203910 ) ) ;
#403 = VECTOR ( 'NONE', #2348, 1000.000000000000000 ) ;
#404 = VECTOR ( 'NONE', #41, 1000.000000000000000 ) ;
#405 = ORIENTED_EDGE ( 'NONE', *, *, #3217, .F. ) ;
#406 = FACE_OUTER_BOUND ( 'NONE', #1510, .T. ) ;
#407 = FACE_OUTER_BOUND ( 'NONE', #3106, .T. ) ;
#408 = DIRECTION ( 'NONE',  ( -0.6156614753256592909, 0.000000000000000000, -0.7880107536067211260 ) ) ;
#409 = EDGE_LOOP ( 'NONE', ( #863, #317 ) ) ;
#410 = CARTESIAN_POINT ( 'NONE',  ( 3.963765655602905280, 2.056361237159752164, 127.9496106019962269 ) ) ;
#411 = DIRECTION ( 'NONE',  ( 0.000000000000000000, -1.000000000000000000, -0.000000000000000000 ) ) ;
#412 = VECTOR ( 'NONE', #2174, 1000.000000000000114 ) ;
#413 = AXIS2_PLACEMENT_3D ( 'NONE', #2267, #1269, #3523 ) ;
#414 = EDGE_CURVE ( 'NONE', #746, #3824, #3699, .T. ) ;
#415 = FACE_OUTER_BOUND ( 'NONE', #1026, .T. ) ;
#416 = DIRECTION ( 'NONE',  ( 0.000000000000000000, -1.000000000000000000, 0.000000000000000000 ) ) ;
#417 = CARTESIAN_POINT ( 'NONE',  ( -126.2349959383467279, 1.909972564163541664, 131.0620056132225955 ) ) ;
#418 = CARTESIAN_POINT ( 'NONE',  ( -3.515886773465370041, 1.486766274287785785E-19, 130.4122193247605708 ) ) ;
#419 = EDGE_LOOP ( 'NONE', ( #1890, #1081, #2600, #959 ) ) ;
#420 = CIRCLE ( 'NONE', #2456, 4.000000000000003553 ) ;
#421 = LINE ( 'NONE', #1748, #3980 ) ;
#422 = EDGE_CURVE ( 'NONE', #3212, #3551, #160, .T. ) ;
#423 = PLANE ( 'NONE',  #2352 ) ;
#424 = AXIS2_PLACEMENT_3D ( 'NONE', #655, #694, #2977 ) ;
#425 = VERTEX_POINT ( 'NONE', #3666 ) ;
#426 = DIRECTION ( 'NONE',  ( -0.9999243080187693034, -0.000000000000000000, 0.01230358619206012305 ) ) ;
#427 = LINE ( 'NONE', #2986, #3925 ) ;
#428 = EDGE_CURVE ( 'NONE', #3602, #2527, #2116, .T. ) ;
#429 = VERTEX_POINT ( 'NONE', #2412 ) ;
#430 = CARTESIAN_POINT ( 'NONE',  ( 3.338436102058443655, 1.371604602268327477, 130.7100996254742427 ) ) ;
#431 = CARTESIAN_POINT ( 'NONE',  ( -127.9628692543607684, 2.967303867983953847, 127.6945941593044296 ) ) ;
#432 = CARTESIAN_POINT ( 'NONE',  ( -127.7634056080583775, 2.841979769743775197, 128.8926704778344003 ) ) ;
#433 = DIRECTION ( 'NONE',  ( -0.6156614753256592909, 0.000000000000000000, -0.7880107536067211260 ) ) ;
#434 = CIRCLE ( 'NONE', #975, 4.023363924561850880 ) ;
#435 = DIRECTION ( 'NONE',  ( 0.000000000000000000, 0.000000000000000000, -1.000000000000000000 ) ) ;
#436 = CIRCLE ( 'NONE', #3489, 180.7774700275770670 ) ;
#437 = CARTESIAN_POINT ( 'NONE',  ( -71.05686825914492033, 0.1595802760846098123, 111.4175015417764740 ) ) ;
#438 = ADVANCED_FACE ( 'NONE', ( #1082 ), #1666, .T. ) ;
#439 = ORIENTED_EDGE ( 'NONE', *, *, #334, .F. ) ;
#440 = CARTESIAN_POINT ( 'NONE',  ( -124.0669831219265120, 2.424912756171457406, 131.7961463190406164 ) ) ;
#441 = DIRECTION ( 'NONE',  ( 0.000000000000000000, 0.000000000000000000, -1.000000000000000000 ) ) ;
#442 = ORIENTED_EDGE ( 'NONE', *, *, #3019, .F. ) ;
#443 = CARTESIAN_POINT ( 'NONE',  ( -3.763535132643746284, 2.020268752852876215, 127.1427750902022780 ) ) ;
#444 = EDGE_CURVE ( 'NONE', #3422, #894, #3012, .T. ) ;
#445 = CARTESIAN_POINT ( 'NONE',  ( 8.205461457500961231, 3.376018273914984634E-16, 126.3372414667628334 ) ) ;
#446 = DIRECTION ( 'NONE',  ( 0.9999243080187693034, 0.000000000000000000, -0.01230358619206012305 ) ) ;
#447 = ORIENTED_EDGE ( 'NONE', *, *, #1057, .T. ) ;
#448 = AXIS2_PLACEMENT_3D ( 'NONE', #2541, #3536, #2888 ) ;
#450 = ADVANCED_FACE ( 'NONE', ( #2779 ), #2091, .T. ) ;
#449 = FACE_OUTER_BOUND ( 'NONE', #1412, .T. ) ;
#451 = AXIS2_PLACEMENT_3D ( 'NONE', #1708, #1040, #743 ) ;
#452 = DIRECTION ( 'NONE',  ( -1.000000000000000000, 0.000000000000000000, -0.000000000000000000 ) ) ;
#453 = CARTESIAN_POINT ( 'NONE',  ( -0.3274479399117785072, 0.000000000000000000, 132.6048549806630206 ) ) ;
#454 = CARTESIAN_POINT ( 'NONE',  ( 1.697831348147292138E-14, 3.000000000000000000, 138.6381368369064546 ) ) ;
#455 = ORIENTED_EDGE ( 'NONE', *, *, #2402, .F. ) ;
#456 = AXIS2_PLACEMENT_3D ( 'NONE', #2433, #2206, #1844 ) ;
#457 = CARTESIAN_POINT ( 'NONE',  ( -16.55071000268215897, 0.000000000000000000, 138.4944336824514437 ) ) ;
#458 = VECTOR ( 'NONE', #2594, 1000.000000000000000 ) ;
#459 = EDGE_CURVE ( 'NONE', #2668, #818, #3638, .T. ) ;
#460 = EDGE_LOOP ( 'NONE', ( #1422, #2853, #1704, #877, #1226, #3975, #1038, #2968, #1554, #2312, #1982 ) ) ;
#461 = CARTESIAN_POINT ( 'NONE',  ( -128.2621433932850437, 2.994741839151660034, 125.5492456872030260 ) ) ;
#462 = AXIS2_PLACEMENT_3D ( 'NONE', #2644, #1347, #1029 ) ;
#463 = DIRECTION ( 'NONE',  ( 0.000000000000000000, 0.000000000000000000, -1.000000000000000000 ) ) ;
#464 = AXIS2_PLACEMENT_3D ( 'NONE', #3223, #318, #679 ) ;
#465 = VERTEX_POINT ( 'NONE', #3687 ) ;
#466 = CARTESIAN_POINT ( 'NONE',  ( -3.071932613383151711, 2.671808633727791171E-16, 125.9428433602321462 ) ) ;
#467 = PLANE ( 'NONE',  #60 ) ;
#468 = DIRECTION ( 'NONE',  ( -0.4203195660668387901, 0.000000000000000000, 0.9073761416201026053 ) ) ;
#469 = ORIENTED_EDGE ( 'NONE', *, *, #2086, .F. ) ;
#470 = LINE ( 'NONE', #1757, #1621 ) ;
#471 = DIRECTION ( 'NONE',  ( 0.01230358619206009529, 0.000000000000000000, 0.9999243080187693034 ) ) ;
#472 = CARTESIAN_POINT ( 'NONE',  ( -126.3054132750024934, 0.9743729018714606394, 113.0224964494655779 ) ) ;
#473 = CARTESIAN_POINT ( 'NONE',  ( 2.092780475106851024E-14, 0.000000000000000000, 132.5047235328461852 ) ) ;
#474 = AXIS2_PLACEMENT_3D ( 'NONE', #3099, #4110, #3168 ) ;
#475 = CARTESIAN_POINT ( 'NONE',  ( 28.29850750463186415, 3.000000000000000000, 122.0133427909590438 ) ) ;
#476 = EDGE_LOOP ( 'NONE', ( #1300, #2021, #3926, #3731 ) ) ;
#477 = CIRCLE ( 'NONE', #277, 4.300065869620395276 ) ;
#478 = ORIENTED_EDGE ( 'NONE', *, *, #1019, .F. ) ;
#479 = ORIENTED_EDGE ( 'NONE', *, *, #273, .T. ) ;
#480 = CARTESIAN_POINT ( 'NONE',  ( -17.95177362065738080, 0.000000000000000000, 140.8119508608733099 ) ) ;
#481 = DIRECTION ( 'NONE',  ( 0.9999243080187693034, 0.000000000000000000, -0.01230358619206012305 ) ) ;
#482 = EDGE_CURVE ( 'NONE', #3131, #2318, #2799, .T. ) ;
#483 = ORIENTED_EDGE ( 'NONE', *, *, #2810, .F. ) ;
#484 = LINE ( 'NONE', #2727, #602 ) ;
#485 = ORIENTED_EDGE ( 'NONE', *, *, #3880, .T. ) ;
#486 = CARTESIAN_POINT ( 'NONE',  ( -3.613303237757628850, 1.782865487476771538, 126.7842367361522946 ) ) ;
#487 = DIRECTION ( 'NONE',  ( 0.9996573800555197398, 4.711489861183830073E-18, 0.02617484480439273564 ) ) ;
#488 = CARTESIAN_POINT ( 'NONE',  ( 16.57450563276012900, 0.000000000000000000, 125.2778351205920444 ) ) ;
#489 = ORIENTED_EDGE ( 'NONE', *, *, #961, .F. ) ;
#490 = DIRECTION ( 'NONE',  ( -0.000000000000000000, -1.000000000000000000, 0.000000000000000000 ) ) ;
#491 = CIRCLE ( 'NONE', #80, 2.980686335360524630 ) ;
#492 = CARTESIAN_POINT ( 'NONE',  ( -23.14120380932824617, 0.000000000000000000, 128.4059543965063028 ) ) ;
#493 = CARTESIAN_POINT ( 'NONE',  ( -16.58504898725224663, 3.000000000000000000, 127.2853359122747605 ) ) ;
#494 = EDGE_CURVE ( 'NONE', #2817, #3222, #3439, .T. ) ;
#495 = VERTEX_POINT ( 'NONE', #3047 ) ;
#496 = CARTESIAN_POINT ( 'NONE',  ( 16.78709093729635526, 3.000000000000000000, 121.6165256147145897 ) ) ;
#497 = DIRECTION ( 'NONE',  ( -0.9999243080187693034, 0.000000000000000000, 0.01230358619206012305 ) ) ;
#498 = FACE_OUTER_BOUND ( 'NONE', #2707, .T. ) ;
#499 = ORIENTED_EDGE ( 'NONE', *, *, #1208, .T. ) ;
#500 = CARTESIAN_POINT ( 'NONE',  ( -42.71867598408452693, 0.07032594677695847007, 111.0601409502193206 ) ) ;
#501 = VERTEX_POINT ( 'NONE', #1462 ) ;
#502 = VERTEX_POINT ( 'NONE', #138 ) ;
#503 = CARTESIAN_POINT ( 'NONE',  ( -9.555338446233552219, 0.000000000000000000, -62.16165546049179369 ) ) ;
#504 = DIRECTION ( 'NONE',  ( 0.9999243080187693034, 0.000000000000000000, -0.01230358619206012305 ) ) ;
#505 = CIRCLE ( 'NONE', #2606, 20.00000000000000355 ) ;
#506 = CC_DESIGN_DATE_AND_TIME_ASSIGNMENT ( #626, #3245, ( #3515 ) ) ;
#507 = ORIENTED_EDGE ( 'NONE', *, *, #1883, .T. ) ;
#508 = B_SPLINE_CURVE_WITH_KNOTS ( 'NONE', 3,
 ( #2284, #595, #3839, #634, #4198, #2547, #929, #40 ),
 .UNSPECIFIED., .F., .F.,
 ( 4, 2, 2, 4 ),
 ( 0.000000000000000000, 0.002506832419181197202, 0.003760248628771795804, 0.005013664838362394405 ),
 .UNSPECIFIED. ) ;
#509 = LINE ( 'NONE', #4047, #3097 ) ;
#510 = ADVANCED_FACE ( 'NONE', ( #1121 ), #2072, .F. ) ;
#511 = VERTEX_POINT ( 'NONE', #2164 ) ;
#512 = CARTESIAN_POINT ( 'NONE',  ( 8.236769351995187449, 0.000000000000000000, 128.8816642268412807 ) ) ;
#513 = FACE_OUTER_BOUND ( 'NONE', #3473, .T. ) ;
#514 = DIRECTION ( 'NONE',  ( 0.000000000000000000, -0.000000000000000000, 1.000000000000000000 ) ) ;
#515 = CARTESIAN_POINT ( 'NONE',  ( 11.11532500644900345, 0.000000000000000000, 128.8462449882857186 ) ) ;
#516 = ADVANCED_FACE ( 'NONE', ( #1193 ), #3783, .T. ) ;
#517 = CARTESIAN_POINT ( 'NONE',  ( 2.092780475106851024E-14, 3.000000000000000000, 128.5047235328461852 ) ) ;
#518 = DIRECTION ( 'NONE',  ( 0.000000000000000000, 4.453375001072437381E-15, -1.000000000000000000 ) ) ;
#519 = CARTESIAN_POINT ( 'NONE',  ( 126.8604302382210562, 0.5782527172847945485, 143.7931746334840568 ) ) ;
#520 = DIRECTION ( 'NONE',  ( -0.9996967663960293349, 0.000000000000000000, -0.02462468796396399470 ) ) ;
#521 = CARTESIAN_POINT ( 'NONE',  ( 0.2348346069227857935, -4.336808689942017736E-16, 124.4291165911302954 ) ) ;
#522 = ORIENTED_EDGE ( 'NONE', *, *, #711, .F. ) ;
#523 = AXIS2_PLACEMENT_3D ( 'NONE', #1651, #2634, #1021 ) ;
#524 = DIRECTION ( 'NONE',  ( 1.000000000000000000, 0.000000000000000000, 0.000000000000000000 ) ) ;
#525 = ORIENTED_EDGE ( 'NONE', *, *, #753, .T. ) ;
#526 = ORIENTED_EDGE ( 'NONE', *, *, #202, .T. ) ;
#527 = DIRECTION ( 'NONE',  ( -0.6156614753256590689, 0.000000000000000000, -0.7880107536067212370 ) ) ;
#528 = LINE ( 'NONE', #3061, #2166 ) ;
#529 = AXIS2_PLACEMENT_3D ( 'NONE', #515, #215, #2489 ) ;
#530 = ORIENTED_EDGE ( 'NONE', *, *, #1718, .F. ) ;
#531 = VECTOR ( 'NONE', #435, 1000.000000000000000 ) ;
#532 = LINE ( 'NONE', #1553, #3575 ) ;
#533 = CIRCLE ( 'NONE', #2073, 1.753160640428558015 ) ;
#534 = VERTEX_POINT ( 'NONE', #1049 ) ;
#535 = CARTESIAN_POINT ( 'NONE',  ( -3.554762933815991843, 0.5992589665768089935, 130.3390472875240675 ) ) ;
#536 = AXIS2_PLACEMENT_3D ( 'NONE', #4109, #1759, #2737 ) ;
#537 = DIRECTION ( 'NONE',  ( -0.08560844798237636499, 1.221348500772578461E-16, -0.9963288581758779072 ) ) ;
#538 = AXIS2_PLACEMENT_3D ( 'NONE', #3044, #2708, #2346 ) ;
#539 = CARTESIAN_POINT ( 'NONE',  ( 1.405681022971797324E-14, -6.066500288313496192, 114.7825662019847641 ) ) ;
#540 = DIRECTION ( 'NONE',  ( -0.9996967663960293349, 0.000000000000000000, -0.02462468796396471982 ) ) ;
#541 = FACE_OUTER_BOUND ( 'NONE', #2576, .T. ) ;
#542 = CARTESIAN_POINT ( 'NONE',  ( -25.15237773515566388, 0.000000000000000000, 128.4307009213634387 ) ) ;
#543 = VERTEX_POINT ( 'NONE', #1348 ) ;
#544 = COORDINATED_UNIVERSAL_TIME_OFFSET ( 5, 0, .AHEAD. ) ;
#545 = CARTESIAN_POINT ( 'NONE',  ( -8.383657868041806793, 6.657591323555883156E-16, 148.7462020207817943 ) ) ;
#546 = ORIENTED_EDGE ( 'NONE', *, *, #2625, .F. ) ;
#547 = CARTESIAN_POINT ( 'NONE',  ( 128.2621433932850721, 2.994741839151660034, 131.5549810608604844 ) ) ;
#548 = ADVANCED_FACE ( 'NONE', ( #2341 ), #3938, .F. ) ;
#549 = ORIENTED_EDGE ( 'NONE', *, *, #1305, .F. ) ;
#550 = LOCAL_TIME ( 1, 20, 10.00000000000000000, #544 ) ;
#551 = ORIENTED_EDGE ( 'NONE', *, *, #3841, .T. ) ;
#552 = DIRECTION ( 'NONE',  ( -0.000000000000000000, -1.000000000000000000, 0.000000000000000000 ) ) ;
#553 = CYLINDRICAL_SURFACE ( 'NONE', #1415, 14.81030521360773911 ) ;
#554 = EDGE_CURVE ( 'NONE', #787, #3562, #1350, .T. ) ;
#555 = ORIENTED_EDGE ( 'NONE', *, *, #1458, .F. ) ;
#556 = CARTESIAN_POINT ( 'NONE',  ( -128.2350038443127573, 2.047288548883296588, 125.7437957078981441 ) ) ;
#557 = EDGE_LOOP ( 'NONE', ( #736, #569, #3700, #3573 ) ) ;
#558 = CARTESIAN_POINT ( 'NONE',  ( -13.88156773654646514, 0.000000000000000000, 128.2920190419850144 ) ) ;
#559 = CARTESIAN_POINT ( 'NONE',  ( 1.441397174384583257, 0.000000000000000000, 132.2359933147939159 ) ) ;
#560 = ORIENTED_EDGE ( 'NONE', *, *, #3150, .F. ) ;
#561 = CARTESIAN_POINT ( 'NONE',  ( 3.954258925583266748, -2.270253173607244879, 129.1266485422362962 ) ) ;
#562 = FACE_OUTER_BOUND ( 'NONE', #4135, .T. ) ;
#563 = DIRECTION ( 'NONE',  ( -0.000000000000000000, -1.000000000000000000, -0.000000000000000000 ) ) ;
#564 = ORIENTED_EDGE ( 'NONE', *, *, #3897, .T. ) ;
#565 = CARTESIAN_POINT ( 'NONE',  ( -28.29850750463182507, 0.000000000000000000, 215.3590809124808914 ) ) ;
#566 = CARTESIAN_POINT ( 'NONE',  ( -3.631114001692599569, -1.017300489324769242, 130.1836834675372643 ) ) ;
#567 = EDGE_CURVE ( 'NONE', #45, #534, #3276, .T. ) ;
#568 = VECTOR ( 'NONE', #1940, 1000.000000000000000 ) ;
#569 = ORIENTED_EDGE ( 'NONE', *, *, #3493, .F. ) ;
#570 = ORIENTED_EDGE ( 'NONE', *, *, #3525, .T. ) ;
#571 = LINE ( 'NONE', #3769, #234 ) ;
#572 = PLANE ( 'NONE',  #272 ) ;
#573 = ADVANCED_FACE ( 'NONE', ( #3037 ), #3676, .T. ) ;
#574 = VERTEX_POINT ( 'NONE', #2680 ) ;
#575 = B_SPLINE_CURVE_WITH_KNOTS ( 'NONE', 3,
 ( #1276, #4148, #3891, #239 ),
 .UNSPECIFIED., .F., .F.,
 ( 4, 4 ),
 ( 2.249884515467363565E-15, 0.001425547793234604186 ),
 .UNSPECIFIED. ) ;
#576 = AXIS2_PLACEMENT_3D ( 'NONE', #2772, #1115, #3701 ) ;
#577 = ORIENTED_EDGE ( 'NONE', *, *, #2381, .F. ) ;
#578 =( BOUNDED_CURVE ( )  B_SPLINE_CURVE ( 3, ( #102, #682, #2351, #2022 ),
 .UNSPECIFIED., .F., .T. ) 
 B_SPLINE_CURVE_WITH_KNOTS ( ( 4, 4 ),
 ( 1.874699937735782251, 1.918723793060051586 ),
 .UNSPECIFIED. ) 
 CURVE ( )  GEOMETRIC_REPRESENTATION_ITEM ( )  RATIONAL_B_SPLINE_CURVE ( ( 1.000000000000000000, 0.9998384982013279743, 0.9998384982013279743, 1.000000000000000000 ) ) 
 REPRESENTATION_ITEM ( '' )  );
#579 = ORIENTED_EDGE ( 'NONE', *, *, #2535, .F. ) ;
#580 = DIRECTION ( 'NONE',  ( -0.9999243080187693034, -0.000000000000000000, 0.01230358619206012305 ) ) ;
#581 = VERTEX_POINT ( 'NONE', #1367 ) ;
#582 = EDGE_CURVE ( 'NONE', #2314, #3722, #728, .T. ) ;
#583 = DIRECTION ( 'NONE',  ( 0.000000000000000000, 0.000000000000000000, 1.000000000000000000 ) ) ;
#584 = DIRECTION ( 'NONE',  ( 0.000000000000000000, -1.224554103204817785E-16, 1.000000000000000000 ) ) ;
#585 = CARTESIAN_POINT ( 'NONE',  ( 28.29850750463186415, 3.000000000000000000, 139.1836784661277306 ) ) ;
#586 = EDGE_CURVE ( 'NONE', #501, #3551, #1740, .T. ) ;
#587 = B_SPLINE_CURVE_WITH_KNOTS ( 'NONE', 3,
 ( #1045, #3914, #747, #1672, #768, #1364, #3950, #106, #1635, #1712, #410, #53, #3307, #1656, #2677, #1086, #35, #2337, #2026, #2950, #3987, #3328, #430, #1343, #3967, #723, #2694, #3935, #1401, #89 ),
 .UNSPECIFIED., .F., .F.,
 ( 4, 2, 2, 2, 2, 2, 2, 2, 2, 2, 2, 2, 2, 2, 4 ),
 ( 0.001614534556691571681, 0.002066865838066520890, 0.002519197119441470099, 0.003423859682191338159, 0.003876190963566243132, 0.004328522244941148539, 0.004780853526316053946, 0.005233184807690959353, 0.005685516089065863893, 0.006137847370440768432, 0.007042509933190650370, 0.007494841214565563584, 0.007947172495940478532, 0.008399503777315391745, 0.008851835058690306693 ),
 .UNSPECIFIED. ) ;
#588 = EDGE_LOOP ( 'NONE', ( #2809, #151, #1133, #870 ) ) ;
#589 = CARTESIAN_POINT ( 'NONE',  ( -3.515886773465370041, 1.486766274287785785E-19, 130.4122193247605708 ) ) ;
#590 = CARTESIAN_POINT ( 'NONE',  ( 1.633590569003032699E-14, 3.000000000000000000, 132.9436406591117361 ) ) ;
#591 = EDGE_CURVE ( 'NONE', #2149, #2197, #1091, .T. ) ;
#592 = VERTEX_POINT ( 'NONE', #3919 ) ;
#593 = EDGE_LOOP ( 'NONE', ( #2711, #2506, #2514, #216 ) ) ;
#594 = DIRECTION ( 'NONE',  ( 0.000000000000000000, 1.224554103204818771E-16, 1.000000000000000000 ) ) ;
#595 = CARTESIAN_POINT ( 'NONE',  ( -129.0646846789497317, 2.498368717048184529, 119.7074499752105794 ) ) ;
#596 = AXIS2_PLACEMENT_3D ( 'NONE', #2598, #3209, #2885 ) ;
#597 = CARTESIAN_POINT ( 'NONE',  ( -3.617900179077162992, 0.000000000000000000, 122.4990036882872033 ) ) ;
#598 = DIRECTION ( 'NONE',  ( -0.000000000000000000, 1.000000000000000000, 0.000000000000000000 ) ) ;
#599 = EDGE_CURVE ( 'NONE', #2149, #843, #3971, .T. ) ;
#600 = VERTEX_POINT ( 'NONE', #1069 ) ;
#601 = DIRECTION ( 'NONE',  ( -0.9999243080187693034, -0.000000000000000000, 0.01230358619206012305 ) ) ;
#602 = VECTOR ( 'NONE', #3320, 1000.000000000000114 ) ;
#603 = ORIENTED_EDGE ( 'NONE', *, *, #202, .F. ) ;
#604 = CARTESIAN_POINT ( 'NONE',  ( 3.927438477261007588, -2.250412745445927065, 129.2773214782828290 ) ) ;
#605 = AXIS2_PLACEMENT_3D ( 'NONE', #256, #2534, #3755 ) ;
#606 = LINE ( 'NONE', #2147, #1416 ) ;
#607 = LINE ( 'NONE', #627, #3895 ) ;
#608 = ORIENTED_EDGE ( 'NONE', *, *, #328, .T. ) ;
#609 = CARTESIAN_POINT ( 'NONE',  ( 128.5925918083507042, 1.689621749021610775, 141.4747847368248586 ) ) ;
#610 = FACE_OUTER_BOUND ( 'NONE', #3495, .T. ) ;
#611 = CIRCLE ( 'NONE', #2012, 3.500972268307137369 ) ;
#612 = EDGE_CURVE ( 'NONE', #2250, #1461, #2360, .T. ) ;
#613 = ORIENTED_EDGE ( 'NONE', *, *, #1649, .F. ) ;
#614 = EDGE_LOOP ( 'NONE', ( #1910, #3327, #1145, #3490, #1693, #1863, #623, #1237 ) ) ;
#615 = DIRECTION ( 'NONE',  ( -0.08560844798237371434, 1.221348500772578708E-16, -0.9963288581758781293 ) ) ;
#616 = DIRECTION ( 'NONE',  ( 1.224646799147353947E-16, 0.000000000000000000, 1.000000000000000000 ) ) ;
#617 = AXIS2_PLACEMENT_3D ( 'NONE', #2201, #3497, #1881 ) ;
#618 = EDGE_CURVE ( 'NONE', #2491, #502, #1942, .T. ) ;
#619 = DIRECTION ( 'NONE',  ( 0.000000000000000000, 1.000000000000000000, -0.000000000000000000 ) ) ;
#620 = VECTOR ( 'NONE', #309, 1000.000000000000000 ) ;
#621 = PLANE ( 'NONE',  #2438 ) ;
#622 = ORIENTED_EDGE ( 'NONE', *, *, #3326, .F. ) ;
#623 = ORIENTED_EDGE ( 'NONE', *, *, #44, .T. ) ;
#624 = CARTESIAN_POINT ( 'NONE',  ( 3.992958447691284718, -2.169998167232029207, 128.2291513275175419 ) ) ;
#625 = EDGE_CURVE ( 'NONE', #746, #135, #2031, .T. ) ;
#626 = DATE_AND_TIME ( #663, #1153 ) ;
#627 = CARTESIAN_POINT ( 'NONE',  ( 2.237370412667354466E-14, 0.000000000000000000, 134.6052230597762787 ) ) ;
#628 = EDGE_LOOP ( 'NONE', ( #1342, #841, #3982, #3193 ) ) ;
#629 = CARTESIAN_POINT ( 'NONE',  ( 128.4782912792573484, 1.590512227809028678, 141.8820735068974273 ) ) ;
#630 = CARTESIAN_POINT ( 'NONE',  ( 1.221866257298932368E-14, 0.000000000000000000, 135.7369907584217685 ) ) ;
#631 = EDGE_CURVE ( 'NONE', #429, #3385, #2896, .T. ) ;
#632 = ORIENTED_EDGE ( 'NONE', *, *, #2837, .T. ) ;
#633 = CIRCLE ( 'NONE', #2382, 4.289567438934708044 ) ;
#634 = CARTESIAN_POINT ( 'NONE',  ( -128.9902308405482927, 2.136076439241250569, 117.6513822304667798 ) ) ;
#635 = CONICAL_SURFACE ( 'NONE', #4092, 1.487478443580312115, 0.02850683268840408999 ) ;
#636 = CARTESIAN_POINT ( 'NONE',  ( 28.29850750463186415, 0.000000000000000000, 121.9635346225471437 ) ) ;
#637 = CARTESIAN_POINT ( 'NONE',  ( 16.58504898725228571, 3.000000000000000000, 129.8188908357887499 ) ) ;
#638 = CONICAL_SURFACE ( 'NONE', #2391, 3.752155603605012324, 0.03848173118449152441 ) ;
#639 = EDGE_LOOP ( 'NONE', ( #1213, #2043, #4175, #3170 ) ) ;
#640 = CARTESIAN_POINT ( 'NONE',  ( -13.57092751158137567, 0.000000000000000000, 138.5678321533781627 ) ) ;
#641 = EDGE_CURVE ( 'NONE', #3131, #678, #1607, .T. ) ;
#642 = EDGE_CURVE ( 'NONE', #704, #783, #2663, .T. ) ;
#643 = AXIS2_PLACEMENT_3D ( 'NONE', #4158, #3496, #3838 ) ;
#644 = ORIENTED_EDGE ( 'NONE', *, *, #2592, .F. ) ;
#645 = CARTESIAN_POINT ( 'NONE',  ( 3.567217710068854686, -1.780399808774628223, 130.3188288020126890 ) ) ;
#646 = COORDINATED_UNIVERSAL_TIME_OFFSET ( 5, 0, .AHEAD. ) ;
#647 = CARTESIAN_POINT ( 'NONE',  ( -128.5925918083506758, 1.018901876480210467, 115.6294420112386234 ) ) ;
#648 = EDGE_CURVE ( 'NONE', #2533, #592, #1336, .T. ) ;
#649 = ORIENTED_EDGE ( 'NONE', *, *, #2837, .F. ) ;
#650 = CARTESIAN_POINT ( 'NONE',  ( 125.0549612316264927, 0.8795770844604773320, 144.3876012982430268 ) ) ;
#651 = CARTESIAN_POINT ( 'NONE',  ( 1.604619215278546562E-14, 3.000000000000000000, 124.2553657713229143 ) ) ;
#652 = ORIENTED_EDGE ( 'NONE', *, *, #1612, .T. ) ;
#653 = EDGE_CURVE ( 'NONE', #1163, #3828, #690, .T. ) ;
#654 = CARTESIAN_POINT ( 'NONE',  ( -32.84787537361833643, 1.532434666349224983, 135.3894332712108906 ) ) ;
#655 = CARTESIAN_POINT ( 'NONE',  ( -28.29850750463182507, -43.45345674200559927, 126.6145445332431052 ) ) ;
#656 = DIRECTION ( 'NONE',  ( -0.6156614753256591799, 0.000000000000000000, -0.7880107536067211260 ) ) ;
#657 = VECTOR ( 'NONE', #2516, 1000.000000000000000 ) ;
#658 = EDGE_LOOP ( 'NONE', ( #3355, #4144, #2025, #289, #3893, #2902, #2112, #210 ) ) ;
#659 = ORIENTED_EDGE ( 'NONE', *, *, #2498, .T. ) ;
#660 = CARTESIAN_POINT ( 'NONE',  ( -31.34208711872500075, 1.771177239598605624, 135.1354223219947812 ) ) ;
#661 = ORIENTED_EDGE ( 'NONE', *, *, #1062, .T. ) ;
#662 = CARTESIAN_POINT ( 'NONE',  ( 44.23967108654069591, 0.000000000000000000, 146.3303690260216570 ) ) ;
#663 = CALENDAR_DATE ( 2026, 21, 9 ) ;
#664 = DIRECTION ( 'NONE',  ( 0.000000000000000000, -1.000000000000000000, -0.000000000000000000 ) ) ;
#665 = VERTEX_POINT ( 'NONE', #374 ) ;
#666 = CARTESIAN_POINT ( 'NONE',  ( 125.6933974252092696, 0.9116233840108449726, 144.2850229239531927 ) ) ;
#667 = CARTESIAN_POINT ( 'NONE',  ( 37.77759303888235110, 1.029936546752736826, 144.0624590586902798 ) ) ;
#668 = ORIENTED_EDGE ( 'NONE', *, *, #3560, .F. ) ;
#669 = CIRCLE ( 'NONE', #3032, 11.20485320828255915 ) ;
#670 = VECTOR ( 'NONE', #1642, 1000.000000000000000 ) ;
#671 = CARTESIAN_POINT ( 'NONE',  ( 8.209923638391265044, 0.000000000000000000, 128.8819945503953477 ) ) ;
#672 = VECTOR ( 'NONE', #2165, 1000.000000000000000 ) ;
#673 = DIRECTION ( 'NONE',  ( 0.000000000000000000, -1.000000000000000000, -0.000000000000000000 ) ) ;
#674 = DIRECTION ( 'NONE',  ( 1.000000000000000000, -0.000000000000000000, -0.000000000000000000 ) ) ;
#675 = DIRECTION ( 'NONE',  ( 0.000000000000000000, 1.000000000000000000, 0.000000000000000000 ) ) ;
#676 = ADVANCED_FACE ( 'NONE', ( #2953 ), #3130, .F. ) ;
#677 = AXIS2_PLACEMENT_3D ( 'NONE', #2171, #899, #2124 ) ;
#678 = VERTEX_POINT ( 'NONE', #2105 ) ;
#679 = DIRECTION ( 'NONE',  ( 0.6156614753256591799, 0.000000000000000000, 0.7880107536067212370 ) ) ;
#680 = AXIS2_PLACEMENT_3D ( 'NONE', #1252, #1014, #656 ) ;
#681 = ORIENTED_EDGE ( 'NONE', *, *, #3525, .F. ) ;
#682 = CARTESIAN_POINT ( 'NONE',  ( -97.79543679966474201, 0.6738970105271107069, 112.0607967351005101 ) ) ;
#683 = DIRECTION ( 'NONE',  ( 0.000000000000000000, 0.000000000000000000, 1.000000000000000000 ) ) ;
#684 = DIRECTION ( 'NONE',  ( -0.9999243080187693034, 0.000000000000000000, 0.01230358619206012305 ) ) ;
#685 = VERTEX_POINT ( 'NONE', #2447 ) ;
#686 = ORIENTED_EDGE ( 'NONE', *, *, #195, .T. ) ;
#687 = CARTESIAN_POINT ( 'NONE',  ( -75.33938752215362911, 0.000000000000000000, 116.3463417325795319 ) ) ;
#688 = CARTESIAN_POINT ( 'NONE',  ( 16.22236882315477402, 0.000000000000000000, 126.0380199071629903 ) ) ;
#689 = FACE_OUTER_BOUND ( 'NONE', #767, .T. ) ;
#690 = LINE ( 'NONE', #111, #254 ) ;
#691 = ADVANCED_FACE ( 'NONE', ( #498 ), #2423, .T. ) ;
#692 = DIRECTION ( 'NONE',  ( 0.000000000000000000, -1.000000000000000000, 0.000000000000000000 ) ) ;
#693 = EDGE_CURVE ( 'NONE', #3430, #543, #3870, .T. ) ;
#694 = DIRECTION ( 'NONE',  ( 1.000000000000000000, -0.000000000000000000, -0.000000000000000000 ) ) ;
#695 = ADVANCED_FACE ( 'NONE', ( #3398 ), #170, .T. ) ;
#696 = CONICAL_SURFACE ( 'NONE', #2595, 2.968840882149699656, 1.507594121024852019 ) ;
#697 = CARTESIAN_POINT ( 'NONE',  ( 25.15237773515570296, 0.000000000000000000, 128.6735258267000575 ) ) ;
#698 = ORIENTED_EDGE ( 'NONE', *, *, #1764, .T. ) ;
#699 = DIRECTION ( 'NONE',  ( -0.000000000000000000, -1.000000000000000000, 0.000000000000000000 ) ) ;
#700 = VERTEX_POINT ( 'NONE', #3056 ) ;
#701 = CARTESIAN_POINT ( 'NONE',  ( -42.71867598408452693, 0.07032594677695847007, 111.0601409502193206 ) ) ;
#702 = CALENDAR_DATE ( 2026, 21, 9 ) ;
#703 = CARTESIAN_POINT ( 'NONE',  ( -11.16799189463109876, 0.000000000000000000, 133.3073896733295669 ) ) ;
#704 = VERTEX_POINT ( 'NONE', #3152 ) ;
#705 = VERTEX_POINT ( 'NONE', #1807 ) ;
#706 = CYLINDRICAL_SURFACE ( 'NONE', #789, 12.47109237842124685 ) ;
#707 = VECTOR ( 'NONE', #3932, 1000.000000000000114 ) ;
#708 = DIRECTION ( 'NONE',  ( 0.6156614753256591799, 0.000000000000000000, 0.7880107536067211260 ) ) ;
#709 = ADVANCED_FACE ( 'NONE', ( #2127 ), #1158, .T. ) ;
#710 = CARTESIAN_POINT ( 'NONE',  ( 11.04068529726757930, 0.000000000000000000, 122.7802038853981941 ) ) ;
#711 = EDGE_CURVE ( 'NONE', #3753, #3799, #208, .T. ) ;
#712 = DIRECTION ( 'NONE',  ( -0.02462468796396177773, 0.000000000000000000, 0.9996967663960294459 ) ) ;
#713 = DIRECTION ( 'NONE',  ( -0.01230358619205992356, 0.000000000000000000, -0.9999243080187693034 ) ) ;
#714 = ORIENTED_EDGE ( 'NONE', *, *, #2681, .T. ) ;
#715 = CARTESIAN_POINT ( 'NONE',  ( 28.29850750463186415, 2.866742394924869153, 128.4249943807593297 ) ) ;
#716 = PLANE ( 'NONE',  #3524 ) ;
#717 = EDGE_CURVE ( 'NONE', #1263, #3690, #4064, .T. ) ;
#718 = ORIENTED_EDGE ( 'NONE', *, *, #1155, .T. ) ;
#719 = CARTESIAN_POINT ( 'NONE',  ( 9.555338446233587746, 3.000000000000000000, 319.2658822085552970 ) ) ;
#720 = DIRECTION ( 'NONE',  ( 0.000000000000000000, -1.000000000000000000, -0.000000000000000000 ) ) ;
#721 = FACE_OUTER_BOUND ( 'NONE', #2161, .T. ) ;
#722 = ORIENTED_EDGE ( 'NONE', *, *, #4075, .T. ) ;
#723 = CARTESIAN_POINT ( 'NONE',  ( 3.094687332106329514, 0.7412546108830403435, 131.0400300949620487 ) ) ;
#724 = CARTESIAN_POINT ( 'NONE',  ( 8.236769351995187449, 0.000000000000000000, 128.8816642268412807 ) ) ;
#725 = CIRCLE ( 'NONE', #529, 6.066500288313485534 ) ;
#726 = FACE_OUTER_BOUND ( 'NONE', #4030, .T. ) ;
#727 = VECTOR ( 'NONE', #416, 1000.000000000000000 ) ;
#728 = LINE ( 'NONE', #710, #3704 ) ;
#729 = EDGE_CURVE ( 'NONE', #581, #2524, #2150, .T. ) ;
#730 = AXIS2_PLACEMENT_3D ( 'NONE', #1973, #1323, #1384 ) ;
#731 = AXIS2_PLACEMENT_3D ( 'NONE', #1926, #2270, #29 ) ;
#732 = CARTESIAN_POINT ( 'NONE',  ( -125.8439657839686419, 1.895909013545594490, 131.3079985111940289 ) ) ;
#733 = CARTESIAN_POINT ( 'NONE',  ( 28.29850750463186415, -66.54258662559813331, 129.8322935073664723 ) ) ;
#734 = AXIS2_PLACEMENT_3D ( 'NONE', #68, #3027, #122 ) ;
#735 = EDGE_CURVE ( 'NONE', #3945, #360, #837, .T. ) ;
#736 = ORIENTED_EDGE ( 'NONE', *, *, #2710, .F. ) ;
#737 = CARTESIAN_POINT ( 'NONE',  ( 90.19000727105782289, 3.000000000000000000, 27.67679655332452882 ) ) ;
#738 = B_SPLINE_CURVE_WITH_KNOTS ( 'NONE', 3,
 ( #3466, #3487, #3148, #1177 ),
 .UNSPECIFIED., .F., .F.,
 ( 4, 4 ),
 ( 1.062282601842354152E-16, 0.01602204246298591025 ),
 .UNSPECIFIED. ) ;
#739 = DIRECTION ( 'NONE',  ( 0.000000000000000000, -1.000000000000000000, 0.000000000000000000 ) ) ;
#740 = VECTOR ( 'NONE', #3157, 1000.000000000000000 ) ;
#741 = CC_DESIGN_APPROVAL ( #2507, ( #4069 ) ) ;
#742 = ORIENTED_EDGE ( 'NONE', *, *, #3407, .T. ) ;
#743 = DIRECTION ( 'NONE',  ( -1.000000000000000000, 1.224275445084856908E-16, 0.000000000000000000 ) ) ;
#744 = DIRECTION ( 'NONE',  ( 0.01230358619206009529, 0.000000000000000000, 0.9999243080187693034 ) ) ;
#745 = PLANE ( 'NONE',  #1921 ) ;
#746 = VERTEX_POINT ( 'NONE', #3469 ) ;
#747 = CARTESIAN_POINT ( 'NONE',  ( 3.571450928707136541, 0.3021812856000548608, 126.7031166885920186 ) ) ;
#748 = CARTESIAN_POINT ( 'NONE',  ( -128.1470440337508592, 3.000000000000000000, 126.3743361410729307 ) ) ;
#749 = AXIS2_PLACEMENT_3D ( 'NONE', #3101, #2496, #2077 ) ;
#750 = ADVANCED_FACE ( 'NONE', ( #1833 ), #4073, .T. ) ;
#751 = CARTESIAN_POINT ( 'NONE',  ( -126.8105341847988399, 2.615941341464485870, 130.5880652362940282 ) ) ;
#752 = DIRECTION ( 'NONE',  ( 0.000000000000000000, -1.000000000000000000, -0.000000000000000000 ) ) ;
#753 = EDGE_CURVE ( 'NONE', #2169, #1453, #955, .T. ) ;
#754 = CARTESIAN_POINT ( 'NONE',  ( -126.9245037294896292, 1.941800388984456616, 130.4380612730328721 ) ) ;
#755 = FACE_OUTER_BOUND ( 'NONE', #2614, .T. ) ;
#756 = EDGE_CURVE ( 'NONE', #1517, #1477, #2788, .T. ) ;
#757 = VERTEX_POINT ( 'NONE', #4089 ) ;
#758 = LINE ( 'NONE', #81, #3366 ) ;
#759 = CARTESIAN_POINT ( 'NONE',  ( 28.29850750463186415, 1.567371092336705685, 122.0133427909590438 ) ) ;
#760 = VECTOR ( 'NONE', #1923, 1000.000000000000000 ) ;
#761 = ORIENTED_EDGE ( 'NONE', *, *, #2728, .T. ) ;
#762 = CARTESIAN_POINT ( 'NONE',  ( -3.945708974274233505, 2.252313939051397540, 127.8316161422391986 ) ) ;
#763 = CARTESIAN_POINT ( 'NONE',  ( 13.66629848658081059, 0.000000000000000000, 128.8148564903416968 ) ) ;
#764 = DIRECTION ( 'NONE',  ( 0.000000000000000000, 0.000000000000000000, -1.000000000000000000 ) ) ;
#765 = AXIS2_PLACEMENT_3D ( 'NONE', #831, #4006, #2783 ) ;
#766 = EDGE_CURVE ( 'NONE', #1479, #3707, #3764, .T. ) ;
#767 = EDGE_LOOP ( 'NONE', ( #2929, #3375, #2861, #405 ) ) ;
#768 = CARTESIAN_POINT ( 'NONE',  ( 3.621510324086524513, 0.7438394427197390080, 126.8051614280066843 ) ) ;
#769 = DIRECTION ( 'NONE',  ( 0.9999243080187693034, 0.000000000000000000, -0.01230358619206012305 ) ) ;
#770 = DIRECTION ( 'NONE',  ( -0.9996967663960295569, 0.000000000000000000, -0.02462468796396178120 ) ) ;
#771 = ADVANCED_FACE ( 'NONE', ( #222 ), #1110, .T. ) ;
#772 = DIRECTION ( 'NONE',  ( -0.6156614753256504091, 0.000000000000000000, -0.7880107536067281204 ) ) ;
#773 = CIRCLE ( 'NONE', #1526, 4.289567438934708044 ) ;
#774 = CARTESIAN_POINT ( 'NONE',  ( 8.236769351995187449, 0.000000000000000000, 128.8816642268412807 ) ) ;
#775 = VECTOR ( 'NONE', #3356, 1000.000000000000114 ) ;
#776 = EDGE_CURVE ( 'NONE', #3633, #1645, #1761, .T. ) ;
#777 = ORIENTED_EDGE ( 'NONE', *, *, #3772, .F. ) ;
#778 = CARTESIAN_POINT ( 'NONE',  ( -124.8375808934546143, 0.4506449216101909849, 112.7113955615242133 ) ) ;
#779 = CIRCLE ( 'NONE', #1012, 46.46041339749348964 ) ;
#780 = VERTEX_POINT ( 'NONE', #1875 ) ;
#781 = CARTESIAN_POINT ( 'NONE',  ( -128.4958474957592500, 2.956318281587523966, 123.8739364173510893 ) ) ;
#782 = LINE ( 'NONE', #3644, #2774 ) ;
#783 = VERTEX_POINT ( 'NONE', #4173 ) ;
#784 = DIRECTION ( 'NONE',  ( -0.6156614753256591799, 0.000000000000000000, -0.7880107536067212370 ) ) ;
#785 = CARTESIAN_POINT ( 'NONE',  ( 127.6984293701857212, 2.816836860014719335, 128.0044895988908138 ) ) ;
#786 = DIRECTION ( 'NONE',  ( 0.1381612490552097949, 0.000000000000000000, 0.9904097481646190193 ) ) ;
#787 = VERTEX_POINT ( 'NONE', #3230 ) ;
#788 = DIRECTION ( 'NONE',  ( -0.6156614753256547390, 0.000000000000000000, -0.7880107536067245677 ) ) ;
#789 = AXIS2_PLACEMENT_3D ( 'NONE', #3631, #2989, #2299 ) ;
#790 = DIRECTION ( 'NONE',  ( 0.000000000000000000, -1.000000000000000000, -0.000000000000000000 ) ) ;
#791 = CARTESIAN_POINT ( 'NONE',  ( 127.8387986360044692, 2.002542376129711865, 128.5202316118488568 ) ) ;
#792 = EDGE_CURVE ( 'NONE', #2392, #1963, #16, .T. ) ;
#793 = CARTESIAN_POINT ( 'NONE',  ( 127.9480680568905200, 0.7784167464710453066, 142.7944329591587405 ) ) ;
#794 = DIRECTION ( 'NONE',  ( 0.9996967663960293349, 0.000000000000000000, 0.02462468796396482737 ) ) ;
#795 = VERTEX_POINT ( 'NONE', #243 ) ;
#796 = ORIENTED_EDGE ( 'NONE', *, *, #3897, .F. ) ;
#797 = VECTOR ( 'NONE', #3843, 1000.000000000000000 ) ;
#798 = CARTESIAN_POINT ( 'NONE',  ( 44.30380905979447448, 0.2231119695520408786, 146.3303690260216570 ) ) ;
#799 = CARTESIAN_POINT ( 'NONE',  ( 17.18925122003604855, 3.000000000000000000, 138.6496674178185913 ) ) ;
#800 = CIRCLE ( 'NONE', #731, 3.752155603605012324 ) ;
#801 = EDGE_LOOP ( 'NONE', ( #2107, #3723, #1598, #1683 ) ) ;
#802 = DIRECTION ( 'NONE',  ( 0.9999243080187693034, 0.000000000000000000, -0.01230358619206012305 ) ) ;
#803 = CARTESIAN_POINT ( 'NONE',  ( -17.18925122003600947, 0.000000000000000000, 118.4545593302449049 ) ) ;
#804 = VECTOR ( 'NONE', #720, 1000.000000000000000 ) ;
#805 = EDGE_CURVE ( 'NONE', #1671, #3450, #1281, .T. ) ;
#806 = EDGE_LOOP ( 'NONE', ( #3890, #4136, #3937 ) ) ;
#807 = CARTESIAN_POINT ( 'NONE',  ( -3.848561209481528245, 2.138915626958361127, 127.4057800074828748 ) ) ;
#808 = DIRECTION ( 'NONE',  ( -0.9999243080187693034, -0.000000000000000000, 0.01230358619206012305 ) ) ;
#809 = CARTESIAN_POINT ( 'NONE',  ( -16.78709093729631974, 0.000000000000000000, 135.4877011333489065 ) ) ;
#810 = EDGE_LOOP ( 'NONE', ( #3028, #3248, #479, #1543 ) ) ;
#811 = AXIS2_PLACEMENT_3D ( 'NONE', #1266, #3518, #1958 ) ;
#812 = CARTESIAN_POINT ( 'NONE',  ( -44.30380905979435369, 0.000000000000000000, 110.7738577220418392 ) ) ;
#813 = LINE ( 'NONE', #2377, #3542 ) ;
#814 = CARTESIAN_POINT ( 'NONE',  ( 125.8439657839686987, 1.895909013545594268, 125.7962282368694815 ) ) ;
#815 = ORIENTED_EDGE ( 'NONE', *, *, #2589, .T. ) ;
#816 = PLANE ( 'NONE',  #2198 ) ;
#817 = DIRECTION ( 'NONE',  ( 0.01230358619205989060, 0.000000000000000000, 0.9999243080187691923 ) ) ;
#818 = VERTEX_POINT ( 'NONE', #2830 ) ;
#819 = ORIENTED_EDGE ( 'NONE', *, *, #2276, .F. ) ;
#820 = ORIENTED_EDGE ( 'NONE', *, *, #2245, .T. ) ;
#821 = EDGE_CURVE ( 'NONE', #2371, #2527, #3171, .T. ) ;
#822 = CARTESIAN_POINT ( 'NONE',  ( 28.29850750463186415, 1.373935149280275381, 139.1836784661277875 ) ) ;
#823 = CYLINDRICAL_SURFACE ( 'NONE', #1286, 4.000000000000017764 ) ;
#824 = ADVANCED_FACE ( 'NONE', ( #967 ), #2407, .F. ) ;
#825 = EDGE_LOOP ( 'NONE', ( #2980, #2949, #69, #268 ) ) ;
#826 = DIRECTION ( 'NONE',  ( -0.9987049606810052271, 7.734885974112664511E-18, -0.05087633547290675712 ) ) ;
#827 = ORIENTED_EDGE ( 'NONE', *, *, #1697, .T. ) ;
#828 = CARTESIAN_POINT ( 'NONE',  ( -3.131789420674914393, 0.5963575259663709272, 126.0160882770245365 ) ) ;
#829 = FACE_OUTER_BOUND ( 'NONE', #3253, .T. ) ;
#830 = DIRECTION ( 'NONE',  ( -0.6156614753256590689, 0.000000000000000000, -0.7880107536067212370 ) ) ;
#831 = CARTESIAN_POINT ( 'NONE',  ( 16.58504898725228571, 0.000000000000000000, 129.8188908357887499 ) ) ;
#832 = AXIS2_PLACEMENT_3D ( 'NONE', #3758, #1175, #854 ) ;
#833 = LINE ( 'NONE', #3330, #1514 ) ;
#834 = CARTESIAN_POINT ( 'NONE',  ( 28.29850750463186415, 3.000000000000000000, 122.0133427909590438 ) ) ;
#835 = DIRECTION ( 'NONE',  ( 0.000000000000000000, 0.000000000000000000, 1.000000000000000000 ) ) ;
#836 = DIRECTION ( 'NONE',  ( -1.000000000000000000, 1.224275445084856662E-16, 0.000000000000000000 ) ) ;
#837 = LINE ( 'NONE', #3696, #2585 ) ;
#838 = ORIENTED_EDGE ( 'NONE', *, *, #252, .F. ) ;
#839 = CARTESIAN_POINT ( 'NONE',  ( 23.09503883945330927, 4.595065349857679423E-16, 124.9464007560437153 ) ) ;
#840 = ADVANCED_FACE ( 'NONE', ( #1301 ), #1599, .T. ) ;
#841 = ORIENTED_EDGE ( 'NONE', *, *, #618, .T. ) ;
#842 = B_SPLINE_CURVE_WITH_KNOTS ( 'NONE', 3,
 ( #1344, #2641, #2620, #2603 ),
 .UNSPECIFIED., .F., .F.,
 ( 4, 4 ),
 ( 0.000000000000000000, 0.004559654080033334785 ),
 .UNSPECIFIED. ) ;
#843 = VERTEX_POINT ( 'NONE', #2911 ) ;
#844 = DIRECTION ( 'NONE',  ( -1.000000000000000000, 0.000000000000000000, -0.000000000000000000 ) ) ;
#845 = CARTESIAN_POINT ( 'NONE',  ( -128.8178630225503412, 1.157228763989414322, 116.4321542689326350 ) ) ;
#846 = CIRCLE ( 'NONE', #3618, 29.49856672401589464 ) ;
#847 = ORIENTED_EDGE ( 'NONE', *, *, #599, .F. ) ;
#848 = CYLINDRICAL_SURFACE ( 'NONE', #2002, 4.000000000000003553 ) ;
#849 = ORIENTED_EDGE ( 'NONE', *, *, #3150, .T. ) ;
#850 = CARTESIAN_POINT ( 'NONE',  ( -3.730198391765944699, 1.396114786812919561, 129.9515509863873604 ) ) ;
#851 = FACE_OUTER_BOUND ( 'NONE', #825, .T. ) ;
#852 = EDGE_CURVE ( 'NONE', #780, #2545, #2302, .T. ) ;
#853 = CARTESIAN_POINT ( 'NONE',  ( -44.11139514003327378, 0.000000000000000000, 110.7738577220418392 ) ) ;
#854 = DIRECTION ( 'NONE',  ( 1.224646799147353947E-16, 0.000000000000000000, 1.000000000000000000 ) ) ;
#855 = CARTESIAN_POINT ( 'NONE',  ( -125.2695716793396912, 0.8867316266721004814, 112.7394065051334024 ) ) ;
#856 = CARTESIAN_POINT ( 'NONE',  ( -28.29850750463182507, -17.00000000000000000, 126.3743361410729307 ) ) ;
#857 = CARTESIAN_POINT ( 'NONE',  ( 127.9628692543607826, 2.967303867983953847, 129.4096325887590524 ) ) ;
#858 = EDGE_LOOP ( 'NONE', ( #1242, #1832, #3788, #2345, #3606 ) ) ;
#859 = DIRECTION ( 'NONE',  ( -0.6156614753256597350, 0.000000000000000000, -0.7880107536067207930 ) ) ;
#860 = CIRCLE ( 'NONE', #1204, 2.968840882149699656 ) ;
#861 = CARTESIAN_POINT ( 'NONE',  ( -0.4896729104812839184, 0.000000000000000000, 132.4746379451150062 ) ) ;
#862 = VERTEX_POINT ( 'NONE', #2602 ) ;
#863 = ORIENTED_EDGE ( 'NONE', *, *, #1998, .T. ) ;
#864 = CARTESIAN_POINT ( 'NONE',  ( -127.8387986360044977, 2.002542376129711865, 128.5839951362146678 ) ) ;
#865 = DIRECTION ( 'NONE',  ( 0.9999243080187693034, 0.000000000000000000, -0.01230358619206012305 ) ) ;
#866 = EDGE_CURVE ( 'NONE', #3222, #1953, #2279, .T. ) ;
#867 = ORIENTED_EDGE ( 'NONE', *, *, #2890, .F. ) ;
#868 = CARTESIAN_POINT ( 'NONE',  ( -123.9095379374174684, 3.000000000000000000, 127.7992461434201630 ) ) ;
#869 = EDGE_CURVE ( 'NONE', #1453, #3126, #3510, .T. ) ;
#870 = ORIENTED_EDGE ( 'NONE', *, *, #3332, .T. ) ;
#871 = DIRECTION ( 'NONE',  ( -0.01230358619205990274, 0.000000000000000000, -0.9999243080187691923 ) ) ;
#872 = VECTOR ( 'NONE', #3716, 1000.000000000000114 ) ;
#873 = DIRECTION ( 'NONE',  ( -0.02405173997020965473, 0.000000000000000000, -0.9997107150593143032 ) ) ;
#874 = AXIS2_PLACEMENT_3D ( 'NONE', #1561, #2211, #1896 ) ;
#875 = AXIS2_PLACEMENT_3D ( 'NONE', #4165, #3907, #1944 ) ;
#876 = DIRECTION ( 'NONE',  ( -0.9999243080187693034, 0.000000000000000000, 0.01230358619206012305 ) ) ;
#877 = ORIENTED_EDGE ( 'NONE', *, *, #1386, .T. ) ;
#878 = CARTESIAN_POINT ( 'NONE',  ( -124.8375808934546143, 0.8779368942899365980, 112.7113955615242133 ) ) ;
#879 = CARTESIAN_POINT ( 'NONE',  ( 10.86143353460139238, 0.000000000000000000, 125.7100285761276695 ) ) ;
#880 = CARTESIAN_POINT ( 'NONE',  ( -13.60788492745919775, 0.000000000000000000, 140.0682048363330807 ) ) ;
#881 = ORIENTED_EDGE ( 'NONE', *, *, #3211, .T. ) ;
#882 = CARTESIAN_POINT ( 'NONE',  ( -10.90005575648327607, 0.000000000000000000, 128.2553329755145910 ) ) ;
#883 = CARTESIAN_POINT ( 'NONE',  ( 2.092780475106851024E-14, 0.000000000000000000, 128.5047235328461852 ) ) ;
#884 = CIRCLE ( 'NONE', #201, 183.7774700275770101 ) ;
#885 = VERTEX_POINT ( 'NONE', #2851 ) ;
#886 = VECTOR ( 'NONE', #1783, 1000.000000000000114 ) ;
#887 = ORIENTED_EDGE ( 'NONE', *, *, #582, .T. ) ;
#888 = DIRECTION ( 'NONE',  ( 0.9963288581758777962, 0.000000000000000000, -0.08560844798237811359 ) ) ;
#889 = DIRECTION ( 'NONE',  ( 0.000000000000000000, -1.000000000000000000, -0.000000000000000000 ) ) ;
#890 = EDGE_CURVE ( 'NONE', #2545, #1671, #2904, .T. ) ;
#891 = ORIENTED_EDGE ( 'NONE', *, *, #937, .F. ) ;
#892 = CARTESIAN_POINT ( 'NONE',  ( -13.66629848658077506, 0.000000000000000000, 128.2893702577217994 ) ) ;
#893 = ADVANCED_FACE ( 'NONE', ( #1955 ), #1934, .T. ) ;
#894 = VERTEX_POINT ( 'NONE', #589 ) ;
#895 = ORIENTED_EDGE ( 'NONE', *, *, #1088, .T. ) ;
#896 = CARTESIAN_POINT ( 'NONE',  ( -127.8711769300759613, 2.901991765339423601, 128.3518911396410545 ) ) ;
#897 = ORIENTED_EDGE ( 'NONE', *, *, #1114, .F. ) ;
#898 = FACE_OUTER_BOUND ( 'NONE', #382, .T. ) ;
#899 = DIRECTION ( 'NONE',  ( 0.000000000000000000, 1.000000000000000000, 0.000000000000000000 ) ) ;
#900 = DIRECTION ( 'NONE',  ( -0.1381612490552097949, 0.000000000000000000, -0.9904097481646190193 ) ) ;
#901 = VECTOR ( 'NONE', #1445, 1000.000000000000000 ) ;
#902 = EDGE_LOOP ( 'NONE', ( #4068, #4040, #3647, #2769 ) ) ;
#903 = CARTESIAN_POINT ( 'NONE',  ( 23.09503883945330571, 0.000000000000000000, 124.9464007560437153 ) ) ;
#904 = CARTESIAN_POINT ( 'NONE',  ( -127.8558282595982689, 2.891058964262407383, 128.4619181766460656 ) ) ;
#905 = AXIS2_PLACEMENT_3D ( 'NONE', #295, #2754, #514 ) ;
#906 = EDGE_LOOP ( 'NONE', ( #668, #3852, #2156 ) ) ;
#907 = ORIENTED_EDGE ( 'NONE', *, *, #642, .F. ) ;
#908 = CARTESIAN_POINT ( 'NONE',  ( 9.555338446233587746, 3.000000000000000000, 319.2658822085552970 ) ) ;
#909 = CARTESIAN_POINT ( 'NONE',  ( -128.1981714229683575, 3.000000000000000000, 126.0078291427249866 ) ) ;
#910 = EDGE_CURVE ( 'NONE', #2424, #495, #587, .T. ) ;
#911 = CARTESIAN_POINT ( 'NONE',  ( -0.4896729104811142208, 3.000000000000000000, 132.4746379451150915 ) ) ;
#912 = VECTOR ( 'NONE', #2296, 1000.000000000000000 ) ;
#913 = FACE_OUTER_BOUND ( 'NONE', #3844, .T. ) ;
#914 = CIRCLE ( 'NONE', #1111, 4.289567438934708044 ) ;
#915 = ORIENTED_EDGE ( 'NONE', *, *, #1763, .F. ) ;
#916 = CARTESIAN_POINT ( 'NONE',  ( 13.88156773654650245, 0.000000000000000000, 128.8122077060784818 ) ) ;
#917 = ADVANCED_FACE ( 'NONE', ( #3271 ), #706, .T. ) ;
#918 = ORIENTED_EDGE ( 'NONE', *, *, #3790, .F. ) ;
#919 = CARTESIAN_POINT ( 'NONE',  ( 3.007348470401049578, -0.3026535210969325540, 131.1423983829676843 ) ) ;
#920 = LINE ( 'NONE', #2444, #952 ) ;
#921 = DIRECTION ( 'NONE',  ( 0.9999243080187693034, 0.000000000000000000, -0.01230358619206012305 ) ) ;
#922 = VERTEX_POINT ( 'NONE', #2640 ) ;
#923 = CARTESIAN_POINT ( 'NONE',  ( 128.7040797422912135, 1.786292480482522205, 141.0775181287633018 ) ) ;
#924 = CARTESIAN_POINT ( 'NONE',  ( -127.8115405316983271, 2.866742394924873594, 128.6792323673041665 ) ) ;
#925 = ADVANCED_FACE ( 'NONE', ( #1064 ), #1988, .T. ) ;
#926 = ORIENTED_EDGE ( 'NONE', *, *, #1346, .T. ) ;
#927 = VERTEX_POINT ( 'NONE', #349 ) ;
#928 = CARTESIAN_POINT ( 'NONE',  ( -11.29221819550301475, -6.182479618458067331E-16, 123.2113984722240758 ) ) ;
#929 = CARTESIAN_POINT ( 'NONE',  ( -128.7040797422911282, 1.786292480482521983, 116.0267086193001944 ) ) ;
#930 = CIRCLE ( 'NONE', #523, 4.300065869620395276 ) ;
#931 = DIRECTION ( 'NONE',  ( 0.01230358619205992356, 0.000000000000000000, 0.9999243080187693034 ) ) ;
#932 = DIRECTION ( 'NONE',  ( -0.01230358619205983335, 0.000000000000000000, -0.9999243080187693034 ) ) ;
#933 = ADVANCED_FACE ( 'NONE', ( #2659 ), #1721, .F. ) ;
#934 = ORIENTED_EDGE ( 'NONE', *, *, #711, .T. ) ;
#935 = CARTESIAN_POINT ( 'NONE',  ( -16.72153333649337270, 0.000000000000000000, 151.6056001016872301 ) ) ;
#936 = VECTOR ( 'NONE', #182, 1000.000000000000000 ) ;
#937 = EDGE_CURVE ( 'NONE', #818, #400, #3613, .T. ) ;
#938 = ORIENTED_EDGE ( 'NONE', *, *, #3146, .T. ) ;
#939 = CARTESIAN_POINT ( 'NONE',  ( 3.595494748353909031, -0.6024353671861392145, 126.7474839043279928 ) ) ;
#940 = AXIS2_PLACEMENT_3D ( 'NONE', #640, #2573, #996 ) ;
#941 = PERSON_AND_ORGANIZATION ( #2463, #3867 ) ;
#942 = DIRECTION ( 'NONE',  ( 0.000000000000000000, 1.000000000000000000, 0.000000000000000000 ) ) ;
#943 = VERTEX_POINT ( 'NONE', #1694 ) ;
#944 = DIRECTION ( 'NONE',  ( -0.4425185826867385486, 1.104797992365958794E-16, -0.8967593344799484889 ) ) ;
#945 = CARTESIAN_POINT ( 'NONE',  ( -127.8359426809993238, 2.879295884804149885, 128.5710292531028642 ) ) ;
#946 = EDGE_LOOP ( 'NONE', ( #1574, #1633, #390, #320 ) ) ;
#947 = EDGE_CURVE ( 'NONE', #600, #2755, #3592, .T. ) ;
#948 = ORIENTED_EDGE ( 'NONE', *, *, #1536, .T. ) ;
#949 = CARTESIAN_POINT ( 'NONE',  ( -42.71867598408452693, 0.3258824745975830162, 111.0601409502193206 ) ) ;
#950 = CARTESIAN_POINT ( 'NONE',  ( 2.143074414753346868E-14, 3.000000000000000000, 121.3672359896417134 ) ) ;
#951 = CONICAL_SURFACE ( 'NONE', #338, 2.544615367057037947, 0.06320220577004709295 ) ;
#952 = VECTOR ( 'NONE', #2538, 1000.000000000000000 ) ;
#953 = EDGE_CURVE ( 'NONE', #253, #465, #2969, .T. ) ;
#954 = EDGE_CURVE ( 'NONE', #3799, #704, #3009, .T. ) ;
#955 = CIRCLE ( 'NONE', #3116, 2.745177567217123915 ) ;
#956 = DIRECTION ( 'NONE',  ( 0.000000000000000000, 1.000000000000000000, 0.000000000000000000 ) ) ;
#957 = AXIS2_PLACEMENT_3D ( 'NONE', #2956, #524, #3103 ) ;
#958 = EDGE_CURVE ( 'NONE', #2106, #3602, #1321, .T. ) ;
#959 = ORIENTED_EDGE ( 'NONE', *, *, #2636, .F. ) ;
#960 = DIRECTION ( 'NONE',  ( 1.000000000000000000, -0.000000000000000000, -0.000000000000000000 ) ) ;
#961 = EDGE_CURVE ( 'NONE', #1093, #795, #3848, .T. ) ;
#962 = ORIENTED_EDGE ( 'NONE', *, *, #1208, .F. ) ;
#963 = DIRECTION ( 'NONE',  ( -0.000000000000000000, -1.000000000000000000, -0.000000000000000000 ) ) ;
#964 = APPROVAL_DATE_TIME ( #284, #1946 ) ;
#965 = DIRECTION ( 'NONE',  ( -0.000000000000000000, -1.000000000000000000, 0.000000000000000000 ) ) ;
#966 = ORIENTED_EDGE ( 'NONE', *, *, #3851, .T. ) ;
#967 = FACE_OUTER_BOUND ( 'NONE', #3746, .T. ) ;
#968 = CARTESIAN_POINT ( 'NONE',  ( -3.996877715804947773, -2.278386258142767407, 128.2860400249905979 ) ) ;
#969 = ORIENTED_EDGE ( 'NONE', *, *, #3064, .T. ) ;
#970 = AXIS2_PLACEMENT_3D ( 'NONE', #1028, #2951, #37 ) ;
#971 = DIRECTION ( 'NONE',  ( 0.6156614753256590689, 0.000000000000000000, 0.7880107536067212370 ) ) ;
#972 = VECTOR ( 'NONE', #3923, 1000.000000000000000 ) ;
#973 = DIRECTION ( 'NONE',  ( 0.9996967663960294459, 0.000000000000000000, 0.02462468796396177773 ) ) ;
#974 = DIRECTION ( 'NONE',  ( -1.224275445084856662E-16, 1.000000000000000000, -3.015654529506814774E-18 ) ) ;
#975 = AXIS2_PLACEMENT_3D ( 'NONE', #3100, #3125, #836 ) ;
#976 = ORIENTED_EDGE ( 'NONE', *, *, #631, .T. ) ;
#977 = DIRECTION ( 'NONE',  ( 0.000000000000000000, 0.000000000000000000, -1.000000000000000000 ) ) ;
#978 = CIRCLE ( 'NONE', #1452, 180.7774700275770385 ) ;
#979 = ORIENTED_EDGE ( 'NONE', *, *, #2137, .F. ) ;
#980 = CARTESIAN_POINT ( 'NONE',  ( 3.057414042944513355, -0.5961742236941023343, 131.0841988297607941 ) ) ;
#981 = EDGE_CURVE ( 'NONE', #3722, #4186, #725, .T. ) ;
#982 =( LENGTH_UNIT ( ) NAMED_UNIT ( * ) SI_UNIT ( .MILLI., .METRE. ) );
#983 = CARTESIAN_POINT ( 'NONE',  ( 13.80943118414340454, 7.180166548431832191E-16, 122.9496005671066996 ) ) ;
#984 = ORIENTED_EDGE ( 'NONE', *, *, #591, .T. ) ;
#985 = ORIENTED_EDGE ( 'NONE', *, *, #1425, .F. ) ;
#986 = CARTESIAN_POINT ( 'NONE',  ( 128.7961704294995116, 1.879102039428984350, 140.6730865279774889 ) ) ;
#987 = CARTESIAN_POINT ( 'NONE',  ( -28.29850750463182507, 0.000000000000000000, 135.1406921255163525 ) ) ;
#988 = EDGE_LOOP ( 'NONE', ( #2554, #27, #3395, #1206, #3857, #3942, #2063, #895, #2520, #2128, #1203, #2135, #1284, #4070, #2130, #3459, #2887, #105 ) ) ;
#989 = DIRECTION ( 'NONE',  ( 0.000000000000000000, 1.000000000000000000, 0.000000000000000000 ) ) ;
#990 = EDGE_CURVE ( 'NONE', #156, #795, #1195, .T. ) ;
#991 = CARTESIAN_POINT ( 'NONE',  ( 127.0399417885794975, 0.6028801734693971515, 143.6744928039959177 ) ) ;
#992 = DIRECTION ( 'NONE',  ( -0.9996967663960292239, 0.000000000000000000, -0.02462468796397008705 ) ) ;
#993 = CARTESIAN_POINT ( 'NONE',  ( -9.555338446233552219, 0.000000000000000000, -62.16165546049179369 ) ) ;
#994 = VERTEX_POINT ( 'NONE', #3392 ) ;
#995 = CC_DESIGN_DATE_AND_TIME_ASSIGNMENT ( #1983, #4170, ( #3113 ) ) ;
#996 = DIRECTION ( 'NONE',  ( 0.9996967663960294459, 0.000000000000000000, 0.02462468796396177426 ) ) ;
#997 = EDGE_LOOP ( 'NONE', ( #3986, #819, #1169, #2139 ) ) ;
#998 = CYLINDRICAL_SURFACE ( 'NONE', #3565, 3.999999999999983125 ) ;
#999 = EDGE_CURVE ( 'NONE', #174, #922, #9, .T. ) ;
#1000 = VECTOR ( 'NONE', #2529, 1000.000000000000000 ) ;
#1001 = MECHANICAL_CONTEXT ( 'NONE', #3351, 'mechanical' ) ;
#1002 = CARTESIAN_POINT ( 'NONE',  ( -126.2967302434263814, 0.5167737507588974211, 113.0188647865913936 ) ) ;
#1003 = VERTEX_POINT ( 'NONE', #2466 ) ;
#1004 = ORIENTED_EDGE ( 'NONE', *, *, #2687, .F. ) ;
#1005 = DIRECTION ( 'NONE',  ( 0.07543437730817480202, 1.222201675894205750E-16, 0.9971507682994220634 ) ) ;
#1006 = FACE_OUTER_BOUND ( 'NONE', #1341, .T. ) ;
#1007 = EDGE_CURVE ( 'NONE', #1517, #3828, #3092, .T. ) ;
#1008 = CARTESIAN_POINT ( 'NONE',  ( -124.5092780521296874, 2.427834074321652658, 131.7787235154094390 ) ) ;
#1009 = CARTESIAN_POINT ( 'NONE',  ( -31.34170547533566520, 1.562731483711497393, 135.1353579426909164 ) ) ;
#1010 = CIRCLE ( 'NONE', #2230, 2.745177567217123915 ) ;
#1011 = FACE_OUTER_BOUND ( 'NONE', #806, .T. ) ;
#1012 = AXIS2_PLACEMENT_3D ( 'NONE', #4056, #2441, #3691 ) ;
#1013 = CARTESIAN_POINT ( 'NONE',  ( 16.25614435196553842, 0.000000000000000000, 128.7829896864512307 ) ) ;
#1014 = DIRECTION ( 'NONE',  ( -0.000000000000000000, -1.000000000000000000, 0.000000000000000000 ) ) ;
#1015 = CIRCLE ( 'NONE', #1219, 22.47851606900064425 ) ;
#1016 = VERTEX_POINT ( 'NONE', #2048 ) ;
#1017 = LINE ( 'NONE', #2313, #1345 ) ;
#1018 = AXIS2_PLACEMENT_3D ( 'NONE', #1161, #1073, #2344 ) ;
#1019 = EDGE_CURVE ( 'NONE', #3367, #3430, #2347, .T. ) ;
#1020 = ORIENTED_EDGE ( 'NONE', *, *, #3760, .T. ) ;
#1021 = DIRECTION ( 'NONE',  ( 0.000000000000000000, 0.000000000000000000, -1.000000000000000000 ) ) ;
#1022 = PERSON_AND_ORGANIZATION ( #2463, #3867 ) ;
#1023 = CARTESIAN_POINT ( 'NONE',  ( -13.95370428894956305, 0.000000000000000000, 122.4294119030132180 ) ) ;
#1024 = ADVANCED_FACE ( 'NONE', ( #3120 ), #3757, .F. ) ;
#1025 = ORIENTED_EDGE ( 'NONE', *, *, #792, .F. ) ;
#1026 = EDGE_LOOP ( 'NONE', ( #47, #2177, #603, #1506 ) ) ;
#1027 = CARTESIAN_POINT ( 'NONE',  ( 13.62882791428607376, 0.000000000000000000, 116.1857924087167078 ) ) ;
#1028 = CARTESIAN_POINT ( 'NONE',  ( -13.81834525936063152, 0.000000000000000000, 148.6123339462901924 ) ) ;
#1029 = DIRECTION ( 'NONE',  ( -0.9996967663960294459, 0.000000000000000000, -0.02462468796396177773 ) ) ;
#1030 = CARTESIAN_POINT ( 'NONE',  ( 0.2348346069656242208, 3.000000000000000000, 124.4291165911637194 ) ) ;
#1031 = EDGE_CURVE ( 'NONE', #2922, #2868, #1735, .T. ) ;
#1032 = CARTESIAN_POINT ( 'NONE',  ( 128.9606803236352732, 2.608366254045692667, 136.5624472643206957 ) ) ;
#1033 = VECTOR ( 'NONE', #4057, 1000.000000000000114 ) ;
#1034 = CARTESIAN_POINT ( 'NONE',  ( 128.1981714229683860, 3.000000000000000000, 131.0963976053384954 ) ) ;
#1035 = ORIENTED_EDGE ( 'NONE', *, *, #75, .T. ) ;
#1036 = DIRECTION ( 'NONE',  ( -1.224646799147353947E-16, 0.000000000000000000, -1.000000000000000000 ) ) ;
#1037 = DIRECTION ( 'NONE',  ( 1.224646799147353947E-16, 0.000000000000000000, 1.000000000000000000 ) ) ;
#1038 = ORIENTED_EDGE ( 'NONE', *, *, #1152, .T. ) ;
#1039 = B_SPLINE_CURVE_WITH_KNOTS ( 'NONE', 3,
 ( #1918, #667, #2931, #3272 ),
 .UNSPECIFIED., .F., .F.,
 ( 4, 4 ),
 ( 1.065569565630163274E-16, 0.01607692385751324088 ),
 .UNSPECIFIED. ) ;
#1040 = DIRECTION ( 'NONE',  ( 1.224275445084856662E-16, 1.000000000000000000, 3.015654529506814774E-18 ) ) ;
#1041 = EDGE_CURVE ( 'NONE', #3145, #2197, #1066, .T. ) ;
#1042 = CARTESIAN_POINT ( 'NONE',  ( -44.30380905979524186, 3.000000000000000000, 110.7738577220418392 ) ) ;
#1043 = CARTESIAN_POINT ( 'NONE',  ( 13.70241755168440534, 3.595138586167412710E-16, 131.7502877228471903 ) ) ;
#1044 = ORIENTED_EDGE ( 'NONE', *, *, #2361, .F. ) ;
#1045 = CARTESIAN_POINT ( 'NONE',  ( 3.563831863968799585, 9.645261661374725578E-16, 126.6883803809718216 ) ) ;
#1046 = AXIS2_PLACEMENT_3D ( 'NONE', #1830, #1200, #900 ) ;
#1047 = CARTESIAN_POINT ( 'NONE',  ( -16.22236882315473494, 0.000000000000000000, 131.0662068409005201 ) ) ;
#1048 = DIRECTION ( 'NONE',  ( 0.9999243080187693034, 0.000000000000000000, -0.01230358619206012305 ) ) ;
#1049 = CARTESIAN_POINT ( 'NONE',  ( 1.855942683623820091E-14, 0.000000000000000000, 138.9021133740317566 ) ) ;
#1050 = EDGE_CURVE ( 'NONE', #3136, #3205, #1411, .T. ) ;
#1051 = CARTESIAN_POINT ( 'NONE',  ( -28.29850750463182507, 3.000000000000000000, 126.0078291427249866 ) ) ;
#1052 = DIRECTION ( 'NONE',  ( -0.01230358619206009529, 0.000000000000000000, -0.9999243080187693034 ) ) ;
#1053 = ORIENTED_EDGE ( 'NONE', *, *, #2891, .F. ) ;
#1054 = FACE_OUTER_BOUND ( 'NONE', #3001, .T. ) ;
#1055 = VECTOR ( 'NONE', #3285, 1000.000000000000114 ) ;
#1056 = CARTESIAN_POINT ( 'NONE',  ( -11.29221819550301475, 0.000000000000000000, 123.2113984722240616 ) ) ;
#1057 = EDGE_CURVE ( 'NONE', #1671, #2658, #4010, .T. ) ;
#1058 = VERTEX_POINT ( 'NONE', #1466 ) ;
#1059 = CARTESIAN_POINT ( 'NONE',  ( 123.9095379374175110, 3.000000000000000000, 129.3049806046433332 ) ) ;
#1060 = CARTESIAN_POINT ( 'NONE',  ( -23.09503883945327019, 0.000000000000000000, 132.1578259920197809 ) ) ;
#1061 = DIRECTION ( 'NONE',  ( 0.000000000000000000, 0.000000000000000000, -1.000000000000000000 ) ) ;
#1062 = EDGE_CURVE ( 'NONE', #2176, #2149, #3336, .T. ) ;
#1063 = ORIENTED_EDGE ( 'NONE', *, *, #3426, .F. ) ;
#1064 = FACE_OUTER_BOUND ( 'NONE', #1095, .T. ) ;
#1065 = FACE_OUTER_BOUND ( 'NONE', #2484, .T. ) ;
#1066 = CIRCLE ( 'NONE', #3436, 2.935653437930426879 ) ;
#1067 = CARTESIAN_POINT ( 'NONE',  ( -125.7600456890238547, 2.494602330378443256, 131.3728256017805904 ) ) ;
#1068 = AXIS2_PLACEMENT_3D ( 'NONE', #774, #1677, #1659 ) ;
#1069 = CARTESIAN_POINT ( 'NONE',  ( 28.29850750463186415, 2.186267646384888685, 139.1836784661277875 ) ) ;
#1070 = VECTOR ( 'NONE', #1941, 1000.000000000000114 ) ;
#1071 = CC_DESIGN_PERSON_AND_ORGANIZATION_ASSIGNMENT ( #1022, #3568, ( #3515 ) ) ;
#1072 = VECTOR ( 'NONE', #1294, 1000.000000000000114 ) ;
#1073 = DIRECTION ( 'NONE',  ( 0.000000000000000000, 1.000000000000000000, 0.000000000000000000 ) ) ;
#1074 = EDGE_CURVE ( 'NONE', #242, #1216, #3677, .T. ) ;
#1075 = ORIENTED_EDGE ( 'NONE', *, *, #3458, .F. ) ;
#1076 = FACE_OUTER_BOUND ( 'NONE', #231, .T. ) ;
#1077 = DIRECTION ( 'NONE',  ( -1.000000000000000000, 0.000000000000000000, 0.000000000000000000 ) ) ;
#1078 = VECTOR ( 'NONE', #2856, 1000.000000000000114 ) ;
#1079 = ADVANCED_FACE ( 'NONE', ( #2120 ), #3437, .F. ) ;
#1080 = CC_DESIGN_SECURITY_CLASSIFICATION ( #3113, ( #4069 ) ) ;
#1081 = ORIENTED_EDGE ( 'NONE', *, *, #954, .T. ) ;
#1082 = FACE_OUTER_BOUND ( 'NONE', #2332, .T. ) ;
#1083 = CARTESIAN_POINT ( 'NONE',  ( 28.29850750463186415, 3.000000000000000000, 130.7298906069905513 ) ) ;
#1084 = DIRECTION ( 'NONE',  ( -0.01230358619205990274, 0.000000000000000000, -0.9999243080187691923 ) ) ;
#1085 = ORIENTED_EDGE ( 'NONE', *, *, #3332, .F. ) ;
#1086 = CARTESIAN_POINT ( 'NONE',  ( 3.954192926227977800, 2.270282566593327278, 129.1274443062892487 ) ) ;
#1087 = CARTESIAN_POINT ( 'NONE',  ( 10.93867797836523081, 3.844292197845188073E-16, 131.9877589689701267 ) ) ;
#1088 = EDGE_CURVE ( 'NONE', #3424, #4088, #1423, .T. ) ;
#1089 = ORIENTED_EDGE ( 'NONE', *, *, #1679, .F. ) ;
#1090 = CARTESIAN_POINT ( 'NONE',  ( 28.29850750463186415, 2.994741839151652929, 131.5549810608604844 ) ) ;
#1091 = LINE ( 'NONE', #3616, #3096 ) ;
#1092 = B_SPLINE_CURVE_WITH_KNOTS ( 'NONE', 3,
 ( #418, #1703, #2997, #566, #3129, #2889, #2542, #3854, #3214, #1545, #2239, #2811, #968, #224, #1836, #2259, #3153, #3195, #1282, #4194, #1856, #1524, #1900, #1225, #3792, #2583 ),
 .UNSPECIFIED., .F., .F.,
 ( 4, 2, 2, 2, 2, 2, 2, 2, 2, 2, 2, 2, 4 ),
 ( 0.008991472215345909860, 0.009893656764899517661, 0.01034474903967632156, 0.01079584131445312720, 0.01169802586400679051, 0.01214911813878358574, 0.01260021041356038096, 0.01350239496311388641, 0.01395348723789060358, 0.01440457951266732248, 0.01530676406222070476, 0.01575785633699739591, 0.01620894861177408705 ),
 .UNSPECIFIED. ) ;
#1093 = VERTEX_POINT ( 'NONE', #2756 ) ;
#1094 = DIRECTION ( 'NONE',  ( -1.000000000000000000, 0.000000000000000000, 0.000000000000000000 ) ) ;
#1095 = EDGE_LOOP ( 'NONE', ( #1552, #891, #2388, #2909 ) ) ;
#1096 = AXIS2_PLACEMENT_3D ( 'NONE', #597, #162, #3498 ) ;
#1097 = CARTESIAN_POINT ( 'NONE',  ( -16.25614435196550289, 0.000000000000000000, 128.3212370616122371 ) ) ;
#1098 = PLANE ( 'NONE',  #1813 ) ;
#1099 = EDGE_CURVE ( 'NONE', #600, #4042, #779, .T. ) ;
#1100 = ORIENTED_EDGE ( 'NONE', *, *, #1797, .F. ) ;
#1101 = CARTESIAN_POINT ( 'NONE',  ( -4.010632261237394580, 2.281961638946350845, 128.4321460355553199 ) ) ;
#1102 = CARTESIAN_POINT ( 'NONE',  ( -3.071932613383151711, 2.671808633727791171E-16, 125.9428433602321462 ) ) ;
#1103 = DIRECTION ( 'NONE',  ( -0.9904097481646191303, 0.000000000000000000, 0.1381612490552098227 ) ) ;
#1104 = EDGE_LOOP ( 'NONE', ( #88, #2101, #1271, #2633 ) ) ;
#1105 = CARTESIAN_POINT ( 'NONE',  ( -28.29850750463182507, 2.186267646384888685, 117.9205482819357087 ) ) ;
#1106 = CARTESIAN_POINT ( 'NONE',  ( 13.95370428894959858, 0.000000000000000000, 134.6748148450502640 ) ) ;
#1107 = DIRECTION ( 'NONE',  ( -0.6156614753256547390, 0.000000000000000000, -0.7880107536067245677 ) ) ;
#1108 = CARTESIAN_POINT ( 'NONE',  ( 128.3020028482282555, 0.8788509120579619527, 142.2653536770084202 ) ) ;
#1109 = AXIS2_PLACEMENT_3D ( 'NONE', #3534, #1615, #322 ) ;
#1110 = PLANE ( 'NONE',  #72 ) ;
#1111 = AXIS2_PLACEMENT_3D ( 'NONE', #1481, #2705, #2014 ) ;
#1112 = ORIENTED_EDGE ( 'NONE', *, *, #2971, .T. ) ;
#1113 = ORIENTED_EDGE ( 'NONE', *, *, #2636, .T. ) ;
#1114 = EDGE_CURVE ( 'NONE', #943, #705, #470, .T. ) ;
#1115 = DIRECTION ( 'NONE',  ( 1.000000000000000000, -0.000000000000000000, -0.000000000000000000 ) ) ;
#1116 = VECTOR ( 'NONE', #4107, 1000.000000000000000 ) ;
#1117 = ORIENTED_EDGE ( 'NONE', *, *, #482, .F. ) ;
#1118 = CARTESIAN_POINT ( 'NONE',  ( -16.58504898725224663, 3.000000000000000000, 127.2853359122747605 ) ) ;
#1119 = DIRECTION ( 'NONE',  ( -0.6156614753256591799, 0.000000000000000000, -0.7880107536067212370 ) ) ;
#1120 = VERTEX_POINT ( 'NONE', #559 ) ;
#1121 = FACE_OUTER_BOUND ( 'NONE', #419, .T. ) ;
#1122 = LINE ( 'NONE', #1083, #2965 ) ;
#1123 = FACE_OUTER_BOUND ( 'NONE', #3500, .T. ) ;
#1124 = ORIENTED_EDGE ( 'NONE', *, *, #2464, .F. ) ;
#1125 = CARTESIAN_POINT ( 'NONE',  ( -24.03250381854546802, 3.000000000000000000, 135.6569637082895099 ) ) ;
#1126 = AXIS2_PLACEMENT_3D ( 'NONE', #1027, #1381, #2320 ) ;
#1127 = CARTESIAN_POINT ( 'NONE',  ( 12.35029617690378423, 1.821635714731315343E-16, 107.6847953487378078 ) ) ;
#1128 = ADVANCED_FACE ( 'NONE', ( #1848 ), #951, .T. ) ;
#1129 = DIRECTION ( 'NONE',  ( 0.02462468796396178466, 0.000000000000000000, -0.9996967663960296679 ) ) ;
#1130 = CARTESIAN_POINT ( 'NONE',  ( -5.430497631436770334E-12, 3.000000000000000000, 132.8488609767366597 ) ) ;
#1131 = DIRECTION ( 'NONE',  ( -0.02462468796396177773, 0.000000000000000000, 0.9996967663960294459 ) ) ;
#1132 = CARTESIAN_POINT ( 'NONE',  ( -8.236769351995151922, 0.000000000000000000, 128.2225625212222155 ) ) ;
#1133 = ORIENTED_EDGE ( 'NONE', *, *, #642, .T. ) ;
#1134 = ADVANCED_FACE ( 'NONE', ( #4117 ), #823, .T. ) ;
#1135 = ADVANCED_FACE ( 'NONE', ( #3110 ), #3376, .T. ) ;
#1136 = ORIENTED_EDGE ( 'NONE', *, *, #953, .F. ) ;
#1137 = VERTEX_POINT ( 'NONE', #3428 ) ;
#1138 = CIRCLE ( 'NONE', #3706, 4.000000000000003553 ) ;
#1139 = DIRECTION ( 'NONE',  ( -0.9999243080187693034, -0.000000000000000000, 0.01230358619206012305 ) ) ;
#1140 = DIRECTION ( 'NONE',  ( 0.6156614753256588468, 0.000000000000000000, 0.7880107536067216811 ) ) ;
#1141 = CONICAL_SURFACE ( 'NONE', #3519, 6.066500288313485534, 1.497386861111960288 ) ;
#1142 = ORIENTED_EDGE ( 'NONE', *, *, #821, .T. ) ;
#1143 = DIRECTION ( 'NONE',  ( -0.000000000000000000, -1.000000000000000000, -0.000000000000000000 ) ) ;
#1144 = VECTOR ( 'NONE', #3286, 1000.000000000000000 ) ;
#1145 = ORIENTED_EDGE ( 'NONE', *, *, #653, .F. ) ;
#1146 = CARTESIAN_POINT ( 'NONE',  ( 2.199302045677614892, 3.000000000000000000, 138.6381368369064546 ) ) ;
#1147 = CARTESIAN_POINT ( 'NONE',  ( -42.71867598408452693, 0.07032594677695847007, 111.0601409502193206 ) ) ;
#1148 = CARTESIAN_POINT ( 'NONE',  ( 12.35029617690378423, 1.821635714731315343E-16, 107.6847953487378078 ) ) ;
#1149 = AXIS2_PLACEMENT_3D ( 'NONE', #1324, #3881, #971 ) ;
#1150 = CARTESIAN_POINT ( 'NONE',  ( 63.17659236582677806, 1.674895221417532110, 122.9094969302657319 ) ) ;
#1152 = EDGE_CURVE ( 'NONE', #3472, #3057, #3138, .T. ) ;
#1151 = CARTESIAN_POINT ( 'NONE',  ( -127.8711769300759613, 2.901991765339423601, 128.3518911396410545 ) ) ;
#1153 = LOCAL_TIME ( 1, 20, 10.00000000000000000, #3609 ) ;
#1154 = CARTESIAN_POINT ( 'NONE',  ( 28.29850750463186415, -66.54258662559813331, 129.8322935073664723 ) ) ;
#1155 = EDGE_CURVE ( 'NONE', #3768, #1919, #528, .T. ) ;
#1156 = CARTESIAN_POINT ( 'NONE',  ( 43.62888740708590518, 0.002878127569035252367, 146.3187605173282577 ) ) ;
#1157 = CARTESIAN_POINT ( 'NONE',  ( 128.1470440337508876, 3.000000000000000000, 130.7298906069905513 ) ) ;
#1158 = CONICAL_SURFACE ( 'NONE', #1288, 3.139102801331551174, 0.06320220577004587170 ) ;
#1159 = CARTESIAN_POINT ( 'NONE',  ( -1.271454052069118101E-10, -4.336808689942017736E-16, 124.2553657712305011 ) ) ;
#1160 = ORIENTED_EDGE ( 'NONE', *, *, #2055, .T. ) ;
#1161 = CARTESIAN_POINT ( 'NONE',  ( 21.49992093543580296, 0.000000000000000000, 164.7952629366026827 ) ) ;
#1162 = ORIENTED_EDGE ( 'NONE', *, *, #2877, .F. ) ;
#1163 = VERTEX_POINT ( 'NONE', #1508 ) ;
#1164 = CARTESIAN_POINT ( 'NONE',  ( 128.9606803236352732, 1.683562034957478248, 136.5624472643206957 ) ) ;
#1165 = CARTESIAN_POINT ( 'NONE',  ( -28.29850750463182507, 2.866742394924869153, 128.6792323673041665 ) ) ;
#1166 = ADVANCED_FACE ( 'NONE', ( #248 ), #3866, .T. ) ;
#1167 = ORIENTED_EDGE ( 'NONE', *, *, #396, .F. ) ;
#1168 = FACE_BOUND ( 'NONE', #4037, .T. ) ;
#1169 = ORIENTED_EDGE ( 'NONE', *, *, #2979, .F. ) ;
#1170 = VECTOR ( 'NONE', #3614, 1000.000000000000000 ) ;
#1171 = CARTESIAN_POINT ( 'NONE',  ( -3.949095931488165068, 2.054537343365865354, 129.1561012264036208 ) ) ;
#1172 = CARTESIAN_POINT ( 'NONE',  ( 13.57092751158141297, 0.000000000000000000, 118.5363945946853335 ) ) ;
#1173 = CARTESIAN_POINT ( 'NONE',  ( 93.58998498314166170, 1.785863469935020653, 124.1075359109205891 ) ) ;
#1174 = CIRCLE ( 'NONE', #1849, 3.139102801331551174 ) ;
#1175 = DIRECTION ( 'NONE',  ( -1.000000000000000000, 0.000000000000000000, 1.224646799147353947E-16 ) ) ;
#1176 = CARTESIAN_POINT ( 'NONE',  ( -23.14120380932824617, 0.000000000000000000, 128.4059543965063028 ) ) ;
#1177 = CARTESIAN_POINT ( 'NONE',  ( 28.29850750463186415, 1.373935149280275381, 139.1836784661277875 ) ) ;
#1178 = CARTESIAN_POINT ( 'NONE',  ( -9.555338446233552219, 3.000000000000000000, -62.16165546049179369 ) ) ;
#1179 = ORIENTED_EDGE ( 'NONE', *, *, #2271, .F. ) ;
#1180 = CARTESIAN_POINT ( 'NONE',  ( -28.29850750463182507, 0.000000000000000000, 135.1406921255163525 ) ) ;
#1181 = ORIENTED_EDGE ( 'NONE', *, *, #3805, .T. ) ;
#1182 = CARTESIAN_POINT ( 'NONE',  ( -28.29850750463182507, -66.54258662559813331, 127.2719332406970238 ) ) ;
#1183 = ORIENTED_EDGE ( 'NONE', *, *, #4166, .T. ) ;
#1184 = CIRCLE ( 'NONE', #1557, 4.300065869620395276 ) ;
#1185 = EDGE_LOOP ( 'NONE', ( #1470, #1201, #3912 ) ) ;
#1186 = CARTESIAN_POINT ( 'NONE',  ( 28.29850750463186415, -58.90928934414226603, 135.5921151696859681 ) ) ;
#1187 = DIRECTION ( 'NONE',  ( -0.01230358619206012305, 0.000000000000000000, -0.9999243080187693034 ) ) ;
#1188 = EDGE_CURVE ( 'NONE', #2653, #1093, #3748, .T. ) ;
#1189 = CIRCLE ( 'NONE', #1713, 62.19039892000448333 ) ;
#1190 = ORIENTED_EDGE ( 'NONE', *, *, #1497, .T. ) ;
#1191 = CARTESIAN_POINT ( 'NONE',  ( -127.8711769300759329, 2.006199079044285405, 128.3518911396410545 ) ) ;
#1192 = ORIENTED_EDGE ( 'NONE', *, *, #612, .T. ) ;
#1193 = FACE_OUTER_BOUND ( 'NONE', #4168, .T. ) ;
#1194 = LINE ( 'NONE', #2753, #672 ) ;
#1195 = LINE ( 'NONE', #1125, #2563 ) ;
#1196 = EDGE_LOOP ( 'NONE', ( #649, #1933, #1075, #1865, #3590 ) ) ;
#1197 = CARTESIAN_POINT ( 'NONE',  ( -128.5925918083506758, 1.689621749021610775, 115.6294420112386234 ) ) ;
#1198 = EDGE_CURVE ( 'NONE', #943, #3311, #2794, .T. ) ;
#1199 = DIRECTION ( 'NONE',  ( -1.000000000000000000, 0.000000000000000000, 0.000000000000000000 ) ) ;
#1200 = DIRECTION ( 'NONE',  ( 0.9904097481646191303, 0.000000000000000000, -0.1381612490552098227 ) ) ;
#1201 = ORIENTED_EDGE ( 'NONE', *, *, #3283, .T. ) ;
#1202 = DIRECTION ( 'NONE',  ( -0.000000000000000000, 1.000000000000000000, 0.000000000000000000 ) ) ;
#1203 = ORIENTED_EDGE ( 'NONE', *, *, #152, .F. ) ;
#1204 = AXIS2_PLACEMENT_3D ( 'NONE', #3807, #2984, #1317 ) ;
#1205 = CARTESIAN_POINT ( 'NONE',  ( -1.136304144762484425, 3.000000000000000000, 128.8073135801968760 ) ) ;
#1206 = ORIENTED_EDGE ( 'NONE', *, *, #2517, .F. ) ;
#1207 = ORIENTED_EDGE ( 'NONE', *, *, #2687, .T. ) ;
#1208 = EDGE_CURVE ( 'NONE', #2289, #2653, #2643, .T. ) ;
#1209 = DIRECTION ( 'NONE',  ( 0.000000000000000000, -3.023682562926906466E-14, -1.000000000000000000 ) ) ;
#1210 = DIRECTION ( 'NONE',  ( -0.9996967663960295569, 0.000000000000000000, -0.02462468796395883563 ) ) ;
#1211 = EDGE_CURVE ( 'NONE', #1898, #3718, #884, .T. ) ;
#1212 = AXIS2_PLACEMENT_3D ( 'NONE', #2136, #276, #1864 ) ;
#1213 = ORIENTED_EDGE ( 'NONE', *, *, #1372, .F. ) ;
#1214 = B_SPLINE_CURVE_WITH_KNOTS ( 'NONE', 3,
 ( #3917, #1008, #3274, #1067, #2359, #751, #372, #1658, #1676, #3331, #432, #1402 ),
 .UNSPECIFIED., .F., .F.,
 ( 4, 2, 2, 2, 2, 4 ),
 ( 0.000000000000000000, 0.001308940045762680944, 0.002617880091525323725, 0.003926820137287965855, 0.004581290160169308387, 0.005235760183050651786 ),
 .UNSPECIFIED. ) ;
#1215 = CARTESIAN_POINT ( 'NONE',  ( -13.60788492745919775, 0.000000000000000000, 140.0682048363330807 ) ) ;
#1216 = VERTEX_POINT ( 'NONE', #2158 ) ;
#1217 = VERTEX_POINT ( 'NONE', #4138 ) ;
#1218 = DIRECTION ( 'NONE',  ( 0.02462468796396177773, 0.000000000000000000, -0.9996967663960295569 ) ) ;
#1219 = AXIS2_PLACEMENT_3D ( 'NONE', #128, #3396, #433 ) ;
#1220 = ORIENTED_EDGE ( 'NONE', *, *, #3521, .T. ) ;
#1221 = CARTESIAN_POINT ( 'NONE',  ( 2.092780475106851024E-14, -20.00000000000000000, 128.5047235328461852 ) ) ;
#1222 = CARTESIAN_POINT ( 'NONE',  ( 125.2661954274294516, 0.4566615381315756728, 144.3651767228865879 ) ) ;
#1223 = EDGE_LOOP ( 'NONE', ( #3481, #926, #3004, #2252, #4093, #290, #255 ) ) ;
#1224 = CARTESIAN_POINT ( 'NONE',  ( 126.4985867872577501, 1.001300675365129678, 143.9936135293769439 ) ) ;
#1225 = CARTESIAN_POINT ( 'NONE',  ( -3.084646807277279024, -0.3027748591642743237, 125.9578920291150865 ) ) ;
#1226 = ORIENTED_EDGE ( 'NONE', *, *, #2795, .T. ) ;
#1227 = VECTOR ( 'NONE', #2762, 1000.000000000000114 ) ;
#1228 = ORIENTED_EDGE ( 'NONE', *, *, #1998, .F. ) ;
#1229 = DIRECTION ( 'NONE',  ( 0.9996967663960294459, 0.000000000000000000, 0.02462468796396326959 ) ) ;
#1230 = CARTESIAN_POINT ( 'NONE',  ( -16.61758014681921836, 0.000000000000000000, 128.3256843546915604 ) ) ;
#1231 = ORIENTED_EDGE ( 'NONE', *, *, #1763, .T. ) ;
#1232 = CARTESIAN_POINT ( 'NONE',  ( 2.092780475106851024E-14, -20.00000000000000000, 132.5047235328461852 ) ) ;
#1233 = FACE_OUTER_BOUND ( 'NONE', #1521, .T. ) ;
#1234 = EDGE_LOOP ( 'NONE', ( #263, #84, #4015, #3934 ) ) ;
#1235 = DIRECTION ( 'NONE',  ( -0.9996967663960294459, 0.000000000000000000, -0.02462468796396177426 ) ) ;
#1236 = EDGE_CURVE ( 'NONE', #511, #3126, #3244, .T. ) ;
#1237 = ORIENTED_EDGE ( 'NONE', *, *, #1354, .F. ) ;
#1238 = DIRECTION ( 'NONE',  ( 0.6156614753256572925, 0.000000000000000000, 0.7880107536067226803 ) ) ;
#1239 = CARTESIAN_POINT ( 'NONE',  ( 127.8711769300759897, 2.901991765339423601, 128.7523356084224417 ) ) ;
#1240 = LINE ( 'NONE', #2886, #155 ) ;
#1241 = AXIS2_PLACEMENT_3D ( 'NONE', #371, #2970, #1365 ) ;
#1242 = ORIENTED_EDGE ( 'NONE', *, *, #57, .T. ) ;
#1243 = CARTESIAN_POINT ( 'NONE',  ( 124.8375808934546569, 0.8779368942899365980, 144.3928311865392971 ) ) ;
#1244 = DIRECTION ( 'NONE',  ( -0.02462468796396177773, 0.000000000000000000, 0.9996967663960294459 ) ) ;
#1245 = ORIENTED_EDGE ( 'NONE', *, *, #1744, .F. ) ;
#1246 = EDGE_LOOP ( 'NONE', ( #1117, #225, #342, #3698 ) ) ;
#1247 = CYLINDRICAL_SURFACE ( 'NONE', #4020, 180.7774700275770670 ) ;
#1248 = CARTESIAN_POINT ( 'NONE',  ( -128.2194977492820840, 3.000000000000003109, 125.8549512437621161 ) ) ;
#1249 = EDGE_CURVE ( 'NONE', #2543, #783, #2972, .T. ) ;
#1250 = FACE_OUTER_BOUND ( 'NONE', #2478, .T. ) ;
#1251 = VECTOR ( 'NONE', #2317, 1000.000000000000000 ) ;
#1252 = CARTESIAN_POINT ( 'NONE',  ( 29.10880820221330012, 3.000000000000000000, 99.54943624192311802 ) ) ;
#1253 = ORIENTED_EDGE ( 'NONE', *, *, #2759, .F. ) ;
#1254 = LINE ( 'NONE', #1609, #1072 ) ;
#1255 = EDGE_LOOP ( 'NONE', ( #1619, #3281, #1160, #3062, #2131, #2207, #3913, #1523 ) ) ;
#1256 = CARTESIAN_POINT ( 'NONE',  ( 3.563831863968799585, -0.3038657355081925138, 126.6883803809717648 ) ) ;
#1257 = COORDINATED_UNIVERSAL_TIME_OFFSET ( 5, 0, .AHEAD. ) ;
#1258 = CARTESIAN_POINT ( 'NONE',  ( -11.18996471563039030, 0.000000000000000000, 122.1919406568902247 ) ) ;
#1259 = ORIENTED_EDGE ( 'NONE', *, *, #1305, .T. ) ;
#1260 = CARTESIAN_POINT ( 'NONE',  ( 128.9902308405483211, 2.136076439241249680, 139.4528445175967306 ) ) ;
#1261 = CARTESIAN_POINT ( 'NONE',  ( -16.58504898725224663, 3.000000000000000000, 127.2853359122747605 ) ) ;
#1262 = ADVANCED_FACE ( 'NONE', ( #4044 ), #553, .F. ) ;
#1263 = VERTEX_POINT ( 'NONE', #2815 ) ;
#1264 = EDGE_LOOP ( 'NONE', ( #530, #3669, #815, #659, #1707, #3802, #2281 ) ) ;
#1265 = DIRECTION ( 'NONE',  ( -1.000000000000000000, 0.000000000000000000, 0.000000000000000000 ) ) ;
#1266 = CARTESIAN_POINT ( 'NONE',  ( -13.66629848658077506, 0.000000000000000000, 128.2893702577217994 ) ) ;
#1267 = ADVANCED_FACE ( 'NONE', ( #3475 ), #572, .T. ) ;
#1268 = CARTESIAN_POINT ( 'NONE',  ( 127.8359426809993522, 2.879295884804149885, 128.5331974949606035 ) ) ;
#1269 = DIRECTION ( 'NONE',  ( 0.000000000000000000, -1.000000000000000000, 0.000000000000000000 ) ) ;
#1270 = AXIS2_PLACEMENT_3D ( 'NONE', #2069, #490, #2397 ) ;
#1271 = ORIENTED_EDGE ( 'NONE', *, *, #4152, .T. ) ;
#1272 = CARTESIAN_POINT ( 'NONE',  ( 16.58504898725228571, 0.000000000000000000, 129.8188908357887499 ) ) ;
#1273 = VECTOR ( 'NONE', #826, 1000.000000000000227 ) ;
#1274 = VERTEX_POINT ( 'NONE', #1165 ) ;
#1275 = CONICAL_SURFACE ( 'NONE', #536, 2.745177567217123915, 0.07340946568293808816 ) ;
#1276 = CARTESIAN_POINT ( 'NONE',  ( 44.11139514003330930, 0.2231119695520378532, 146.3303690260216570 ) ) ;
#1277 = CIRCLE ( 'NONE', #538, 3.500972268307151580 ) ;
#1278 = CARTESIAN_POINT ( 'NONE',  ( -16.25614435196550289, 0.000000000000000000, 128.3212370616122371 ) ) ;
#1279 = DIRECTION ( 'NONE',  ( 0.01230358619205989060, 0.000000000000000000, 0.9999243080187691923 ) ) ;
#1280 = ORIENTED_EDGE ( 'NONE', *, *, #2692, .T. ) ;
#1281 = LINE ( 'NONE', #1564, #2975 ) ;
#1282 = CARTESIAN_POINT ( 'NONE',  ( -3.558875300168466094, -1.688727515851360383, 126.6752294514700310 ) ) ;
#1283 = AXIS2_PLACEMENT_3D ( 'NONE', #3324, #426, #103 ) ;
#1284 = ORIENTED_EDGE ( 'NONE', *, *, #3617, .F. ) ;
#1285 = CARTESIAN_POINT ( 'NONE',  ( -128.2621433932850437, 2.994741839151660034, 125.5492456872030260 ) ) ;
#1286 = AXIS2_PLACEMENT_3D ( 'NONE', #2133, #889, #1456 ) ;
#1287 = CARTESIAN_POINT ( 'NONE',  ( -21.49992093543576743, 3.000000000000000000, 92.30896381146081353 ) ) ;
#1288 = AXIS2_PLACEMENT_3D ( 'NONE', #882, #2740, #817 ) ;
#1289 = CARTESIAN_POINT ( 'NONE',  ( 127.8115405316983555, 2.866742394924873594, 128.4249943807593297 ) ) ;
#1290 = AXIS2_PLACEMENT_3D ( 'NONE', #1182, #2327, #2129 ) ;
#1292 = EDGE_CURVE ( 'NONE', #142, #2151, #2526, .T. ) ;
#1291 = B_SPLINE_CURVE_WITH_KNOTS ( 'NONE', 3,
 ( #1164, #2200, #1548, #2855, #1880, #1904 ),
 .UNSPECIFIED., .F., .F.,
 ( 4, 2, 4 ),
 ( 2.168404344971008868E-19, 0.002485373298174743499, 0.004970746596349486998 ),
 .UNSPECIFIED. ) ;
#1293 = ORIENTED_EDGE ( 'NONE', *, *, #3772, .T. ) ;
#1294 = DIRECTION ( 'NONE',  ( -0.9996573800555197398, 4.711489861183830073E-18, -0.02617484480439273564 ) ) ;
#1295 = ORIENTED_EDGE ( 'NONE', *, *, #1497, .F. ) ;
#1296 = CARTESIAN_POINT ( 'NONE',  ( -124.8375808934546143, 0.4506449216101909849, 112.7113955615242133 ) ) ;
#1297 = EDGE_CURVE ( 'NONE', #757, #135, #1482, .T. ) ;
#1298 = DIRECTION ( 'NONE',  ( 0.000000000000000000, -1.000000000000000000, -0.000000000000000000 ) ) ;
#1299 = ORIENTED_EDGE ( 'NONE', *, *, #1435, .T. ) ;
#1300 = ORIENTED_EDGE ( 'NONE', *, *, #2833, .T. ) ;
#1301 = FACE_OUTER_BOUND ( 'NONE', #3504, .T. ) ;
#1302 = FACE_OUTER_BOUND ( 'NONE', #3561, .T. ) ;
#1303 = VERTEX_POINT ( 'NONE', #2454 ) ;
#1304 = VECTOR ( 'NONE', #1636, 1000.000000000000000 ) ;
#1305 = EDGE_CURVE ( 'NONE', #705, #3718, #292, .T. ) ;
#1306 = FACE_OUTER_BOUND ( 'NONE', #2973, .T. ) ;
#1307 = CIRCLE ( 'NONE', #39, 4.000000000000003553 ) ;
#1308 = FACE_OUTER_BOUND ( 'NONE', #2777, .T. ) ;
#1309 = CARTESIAN_POINT ( 'NONE',  ( 2.324106586466194821E-14, 3.000000000000000000, 135.9012033972842914 ) ) ;
#1310 = EDGE_CURVE ( 'NONE', #2747, #2193, #3111, .T. ) ;
#1311 = AXIS2_PLACEMENT_3D ( 'NONE', #703, #1379, #1061 ) ;
#1312 = EDGE_LOOP ( 'NONE', ( #1850, #3175, #2618, #2269 ) ) ;
#1313 = LINE ( 'NONE', #46, #1614 ) ;
#1314 = EDGE_CURVE ( 'NONE', #994, #242, #3574, .T. ) ;
#1315 = AXIS2_PLACEMENT_3D ( 'NONE', #2363, #1139, #2406 ) ;
#1316 = ORIENTED_EDGE ( 'NONE', *, *, #582, .F. ) ;
#1317 = DIRECTION ( 'NONE',  ( 0.01230358619205990274, 0.000000000000000000, 0.9999243080187691923 ) ) ;
#1318 = PERSON_AND_ORGANIZATION ( #2463, #3867 ) ;
#1319 = LINE ( 'NONE', #1023, #3144 ) ;
#1320 = ORIENTED_EDGE ( 'NONE', *, *, #2099, .F. ) ;
#1321 = LINE ( 'NONE', #2619, #389 ) ;
#1322 = FACE_OUTER_BOUND ( 'NONE', #628, .T. ) ;
#1323 = DIRECTION ( 'NONE',  ( 1.000000000000000000, 0.000000000000000000, -1.224646799147353947E-16 ) ) ;
#1324 = CARTESIAN_POINT ( 'NONE',  ( -3.617900179077162992, 0.000000000000000000, 122.4990036882872033 ) ) ;
#1325 = ADVANCED_FACE ( 'NONE', ( #1620 ), #2915, .F. ) ;
#1326 = CARTESIAN_POINT ( 'NONE',  ( -5.430497631436770334E-12, 0.000000000000000000, 132.8488609767366597 ) ) ;
#1327 = LINE ( 'NONE', #2307, #775 ) ;
#1328 = VECTOR ( 'NONE', #1899, 1000.000000000000000 ) ;
#1329 = ADVANCED_FACE ( 'NONE', ( #1640 ), #3455, .T. ) ;
#1330 = CARTESIAN_POINT ( 'NONE',  ( 28.29850750463186415, 0.2231119695520378532, 146.3303690260216570 ) ) ;
#1331 = AXIS2_PLACEMENT_3D ( 'NONE', #719, #3302, #85 ) ;
#1332 = ADVANCED_FACE ( 'NONE', ( #3254 ), #1920, .F. ) ;
#1333 = EDGE_LOOP ( 'NONE', ( #64, #2420, #2792, #455, #1179 ) ) ;
#1334 = ORIENTED_EDGE ( 'NONE', *, *, #852, .T. ) ;
#1335 = DIRECTION ( 'NONE',  ( -0.01230358619206025315, 0.000000000000000000, -0.9999243080187693034 ) ) ;
#1336 = B_SPLINE_CURVE_WITH_KNOTS ( 'NONE', 3,
 ( #1405, #2054, #1009, #2303 ),
 .UNSPECIFIED., .F., .F.,
 ( 4, 4 ),
 ( 0.000000000000000000, 0.004559287252869801896 ),
 .UNSPECIFIED. ) ;
#1337 = VERTEX_POINT ( 'NONE', #3900 ) ;
#1338 = DIRECTION ( 'NONE',  ( 0.02462468796396177773, 0.000000000000000000, -0.9996967663960294459 ) ) ;
#1339 = AXIS2_PLACEMENT_3D ( 'NONE', #892, #3409, #4121 ) ;
#1340 = CARTESIAN_POINT ( 'NONE',  ( 21.49992093543580296, 3.000000000000000000, 164.7952629366026827 ) ) ;
#1341 = EDGE_LOOP ( 'NONE', ( #3232, #1751, #1765, #796 ) ) ;
#1342 = ORIENTED_EDGE ( 'NONE', *, *, #2282, .F. ) ;
#1343 = CARTESIAN_POINT ( 'NONE',  ( 3.231134561870634858, 1.133905016937883925, 130.8645135151428178 ) ) ;
#1344 = CARTESIAN_POINT ( 'NONE',  ( 28.29850750463186415, 1.780599916887184886, 122.0133427909590438 ) ) ;
#1345 = VECTOR ( 'NONE', #699, 1000.000000000000000 ) ;
#1346 = EDGE_CURVE ( 'NONE', #2845, #2277, #3179, .T. ) ;
#1347 = DIRECTION ( 'NONE',  ( 0.02462468796396177773, 0.000000000000000000, -0.9996967663960294459 ) ) ;
#1348 = CARTESIAN_POINT ( 'NONE',  ( -11.06604981356842288, 3.464035308901325744E-16, 151.7449068612153269 ) ) ;
#1349 = VECTOR ( 'NONE', #2394, 1000.000000000000114 ) ;
#1350 = B_SPLINE_CURVE_WITH_KNOTS ( 'NONE', 3,
 ( #3597, #1030, #3634, #2011 ),
 .UNSPECIFIED., .F., .F.,
 ( 4, 4 ),
 ( 0.1907511633396663797, 0.2190138761539272005 ),
 .UNSPECIFIED. ) ;
#1351 = AXIS2_PLACEMENT_3D ( 'NONE', #671, #4178, #2222 ) ;
#1352 = CARTESIAN_POINT ( 'NONE',  ( 1.697831348147292138E-14, 3.000000000000000000, 138.6381368369064546 ) ) ;
#1353 = CARTESIAN_POINT ( 'NONE',  ( 128.2194977492821124, 3.000000000000003109, 131.2492755043013801 ) ) ;
#1354 = EDGE_CURVE ( 'NONE', #1477, #174, #307, .T. ) ;
#1355 = VERTEX_POINT ( 'NONE', #1905 ) ;
#1356 = CARTESIAN_POINT ( 'NONE',  ( -11.11532500644896615, 0.000000000000000000, 128.2579817597777492 ) ) ;
#1357 = AXIS2_PLACEMENT_3D ( 'NONE', #3637, #2978, #1052 ) ;
#1358 = ORIENTED_EDGE ( 'NONE', *, *, #2863, .F. ) ;
#1359 = DIRECTION ( 'NONE',  ( 0.000000000000000000, -1.000000000000000000, -0.000000000000000000 ) ) ;
#1360 = CARTESIAN_POINT ( 'NONE',  ( 127.8115405316983555, 2.866742394924873594, 128.4249943807593297 ) ) ;
#1361 = DIRECTION ( 'NONE',  ( -0.03936129612726407823, 0.000000000000000000, 0.9992250439051164612 ) ) ;
#1362 = EDGE_CURVE ( 'NONE', #3564, #2557, #508, .T. ) ;
#1363 = ORIENTED_EDGE ( 'NONE', *, *, #2942, .F. ) ;
#1364 = CARTESIAN_POINT ( 'NONE',  ( 3.697953368223232840, 1.157605735664605895, 126.9748430181874568 ) ) ;
#1365 = DIRECTION ( 'NONE',  ( -0.01230358619205990274, 0.000000000000000000, -0.9999243080187691923 ) ) ;
#1366 = CARTESIAN_POINT ( 'NONE',  ( -13.98060367188669773, 0.000000000000000000, 155.1995934705634284 ) ) ;
#1367 = CARTESIAN_POINT ( 'NONE',  ( 2.324106586466194821E-14, 0.000000000000000000, 135.9012033972842914 ) ) ;
#1368 = ADVANCED_FACE ( 'NONE', ( #1588 ), #2587, .F. ) ;
#1369 = CARTESIAN_POINT ( 'NONE',  ( 1.697831348147292138E-14, 3.000000000000000000, 138.6381368369064546 ) ) ;
#1370 = VECTOR ( 'NONE', #188, 1000.000000000000000 ) ;
#1371 = DIRECTION ( 'NONE',  ( 0.000000000000000000, 0.000000000000000000, -1.000000000000000000 ) ) ;
#1372 = EDGE_CURVE ( 'NONE', #3516, #1003, #3185, .T. ) ;
#1373 = EDGE_LOOP ( 'NONE', ( #250, #478, #2873, #1611 ) ) ;
#1374 = LINE ( 'NONE', #1413, #2505 ) ;
#1375 = DIRECTION ( 'NONE',  ( 0.6156614753256592909, 0.000000000000000000, 0.7880107536067212370 ) ) ;
#1376 = ORIENTED_EDGE ( 'NONE', *, *, #1637, .F. ) ;
#1377 = CARTESIAN_POINT ( 'NONE',  ( 44.30380905979438921, 0.000000000000000000, 146.3303690260216570 ) ) ;
#1378 = LINE ( 'NONE', #2334, #398 ) ;
#1379 = DIRECTION ( 'NONE',  ( 0.000000000000000000, -1.000000000000000000, -0.000000000000000000 ) ) ;
#1380 = ORIENTED_EDGE ( 'NONE', *, *, #717, .F. ) ;
#1381 = DIRECTION ( 'NONE',  ( -0.02462468796396177773, 0.000000000000000000, 0.9996967663960294459 ) ) ;
#1382 = AXIS2_PLACEMENT_3D ( 'NONE', #2834, #4137, #1229 ) ;
#1383 = DIRECTION ( 'NONE',  ( 0.000000000000000000, -4.527628272299469041E-14, 1.000000000000000000 ) ) ;
#1384 = DIRECTION ( 'NONE',  ( -1.224646799147353947E-16, 0.000000000000000000, -1.000000000000000000 ) ) ;
#1385 = CARTESIAN_POINT ( 'NONE',  ( 1.697831348147292138E-14, 0.000000000000000000, 138.6381368369064546 ) ) ;
#1386 = EDGE_CURVE ( 'NONE', #592, #2584, #2308, .T. ) ;
#1387 = ADVANCED_FACE ( 'NONE', ( #1306 ), #2605, .T. ) ;
#1388 = FACE_OUTER_BOUND ( 'NONE', #460, .T. ) ;
#1389 = EDGE_CURVE ( 'NONE', #927, #3718, #3177, .T. ) ;
#1390 = DIRECTION ( 'NONE',  ( -0.9999243080187693034, -0.000000000000000000, 0.01230358619206012305 ) ) ;
#1391 = ORIENTED_EDGE ( 'NONE', *, *, #618, .F. ) ;
#1392 = CARTESIAN_POINT ( 'NONE',  ( -124.8375808934546143, 3.000000000000000000, 112.7113955615242133 ) ) ;
#1393 = ADVANCED_FACE ( 'NONE', ( #1571 ), #716, .F. ) ;
#1394 = AXIS2_PLACEMENT_3D ( 'NONE', #2689, #3983, #3566 ) ;
#1395 = LINE ( 'NONE', #1749, #2288 ) ;
#1396 = EDGE_LOOP ( 'NONE', ( #3115, #2729, #1608, #203 ) ) ;
#1397 = FACE_OUTER_BOUND ( 'NONE', #1535, .T. ) ;
#1398 = DIRECTION ( 'NONE',  ( -0.02462468796396483084, 0.000000000000000000, 0.9996967663960294459 ) ) ;
#1399 = CARTESIAN_POINT ( 'NONE',  ( 14.34696738392039705, 0.000000000000000000, 101.9136576060698900 ) ) ;
#1400 = ORIENTED_EDGE ( 'NONE', *, *, #1188, .T. ) ;
#1401 = CARTESIAN_POINT ( 'NONE',  ( 2.993872308654996761, 0.1532823596582655046, 131.1574068157636646 ) ) ;
#1402 = CARTESIAN_POINT ( 'NONE',  ( -127.8115405316983271, 2.866742394924873594, 128.6792323673041665 ) ) ;
#1403 = CARTESIAN_POINT ( 'NONE',  ( -15.32435095716582119, 0.000000000000000000, 149.3461740142731173 ) ) ;
#1404 = AXIS2_PLACEMENT_3D ( 'NONE', #4104, #2485, #871 ) ;
#1405 = CARTESIAN_POINT ( 'NONE',  ( -28.29850750463182507, 1.567371092336705685, 135.0908839571044382 ) ) ;
#1406 = AXIS2_PLACEMENT_3D ( 'NONE', #1366, #1715, #770 ) ;
#1407 = VECTOR ( 'NONE', #4034, 1000.000000000000227 ) ;
#1408 = AXIS2_PLACEMENT_3D ( 'NONE', #3319, #3021, #115 ) ;
#1409 = VERTEX_POINT ( 'NONE', #3023 ) ;
#1410 = CARTESIAN_POINT ( 'NONE',  ( -127.2082378294358023, 1.957684975441077668, 130.0734367770382676 ) ) ;
#1411 = B_SPLINE_CURVE_WITH_KNOTS ( 'NONE', 3,
 ( #853, #190, #1825, #812 ),
 .UNSPECIFIED., .F., .F.,
 ( 4, 4 ),
 ( 0.000000000000000000, 1.000000000000000000 ),
 .UNSPECIFIED. ) ;
#1412 = EDGE_LOOP ( 'NONE', ( #311, #2580, #1845, #2403 ) ) ;
#1413 = CARTESIAN_POINT ( 'NONE',  ( 0.000000000000000000, 3.000000000000000000, 41.74514583558259062 ) ) ;
#1414 = CARTESIAN_POINT ( 'NONE',  ( -16.28991988077626729, 3.824663701534776651E-16, 125.5762672823240109 ) ) ;
#1415 = AXIS2_PLACEMENT_3D ( 'NONE', #1841, #2745, #1140 ) ;
#1416 = VECTOR ( 'NONE', #3442, 1000.000000000000000 ) ;
#1417 = VERTEX_POINT ( 'NONE', #1705 ) ;
#1418 = DIRECTION ( 'NONE',  ( -0.000000000000000000, -1.000000000000000000, -0.000000000000000000 ) ) ;
#1419 = CIRCLE ( 'NONE', #4074, 5.863050924912347028 ) ;
#1420 = CARTESIAN_POINT ( 'NONE',  ( 127.0947330688638459, 2.664192639129254303, 126.8460030394601432 ) ) ;
#1421 = CARTESIAN_POINT ( 'NONE',  ( -13.66629848658077506, 0.000000000000000000, 128.2893702577217994 ) ) ;
#1422 = ORIENTED_EDGE ( 'NONE', *, *, #3549, .T. ) ;
#1423 = LINE ( 'NONE', #2801, #1116 ) ;
#1424 = CARTESIAN_POINT ( 'NONE',  ( -2.199302045677577588, 3.000000000000000000, 118.4660899111570416 ) ) ;
#1425 = EDGE_CURVE ( 'NONE', #2169, #2193, #2670, .T. ) ;
#1426 = CARTESIAN_POINT ( 'NONE',  ( -126.4985867872576932, 1.001300675365137449, 113.1106132186865381 ) ) ;
#1427 = LINE ( 'NONE', #1448, #339 ) ;
#1428 = CARTESIAN_POINT ( 'NONE',  ( 0.1176578005748113304, -4.336808689942017736E-16, 124.3408502050289997 ) ) ;
#1429 = VERTEX_POINT ( 'NONE', #2686 ) ;
#1430 = CARTESIAN_POINT ( 'NONE',  ( 25.99889206176743528, 3.000000000000000000, 135.6417949169029384 ) ) ;
#1431 = ORIENTED_EDGE ( 'NONE', *, *, #1628, .T. ) ;
#1432 = CIRCLE ( 'NONE', #144, 19.99999999999998934 ) ;
#1433 = CARTESIAN_POINT ( 'NONE',  ( -8.205461457500925704, 3.376018273914984634E-16, 130.7669852813006628 ) ) ;
#1434 = CARTESIAN_POINT ( 'NONE',  ( -75.33938752215362911, 3.000000000000000000, 116.3463417325795319 ) ) ;
#1435 = EDGE_CURVE ( 'NONE', #862, #1953, #4067, .T. ) ;
#1436 = VECTOR ( 'NONE', #619, 1000.000000000000000 ) ;
#1437 = EDGE_LOOP ( 'NONE', ( #1986, #1259, #101, #3630 ) ) ;
#1438 = DIRECTION ( 'NONE',  ( -0.000000000000000000, -1.000000000000000000, 0.000000000000000000 ) ) ;
#1439 = CARTESIAN_POINT ( 'NONE',  ( 127.4373675148561489, 2.740404869468506810, 127.4069742439019564 ) ) ;
#1440 = CARTESIAN_POINT ( 'NONE',  ( -21.49992093543576743, 3.000000000000000000, 92.30896381146081353 ) ) ;
#1441 = EDGE_CURVE ( 'NONE', #2868, #98, #2410, .T. ) ;
#1442 = ORIENTED_EDGE ( 'NONE', *, *, #2645, .F. ) ;
#1443 = DIRECTION ( 'NONE',  ( 0.000000000000000000, -1.000000000000000000, -0.000000000000000000 ) ) ;
#1444 = EDGE_CURVE ( 'NONE', #2000, #4042, #782, .T. ) ;
#1445 = DIRECTION ( 'NONE',  ( 0.000000000000000000, -1.000000000000000000, -0.000000000000000000 ) ) ;
#1446 = ADVANCED_BREP_SHAPE_REPRESENTATION ( 'Part1_Default_sldprt', ( #3196, #345, #3181, #118 ), #331 ) ;
#1447 = CARTESIAN_POINT ( 'NONE',  ( 127.8711769300759613, 2.006199079044285405, 128.7523356084224417 ) ) ;
#1448 = CARTESIAN_POINT ( 'NONE',  ( 124.0669831219265546, 3.000000000000000000, 125.3080804290228656 ) ) ;
#1449 = VECTOR ( 'NONE', #1587, 1000.000000000000000 ) ;
#1450 = CARTESIAN_POINT ( 'NONE',  ( -127.8711769300759613, 3.000000000000000000, 128.3518911396410545 ) ) ;
#1451 = ORIENTED_EDGE ( 'NONE', *, *, #2847, .F. ) ;
#1452 = AXIS2_PLACEMENT_3D ( 'NONE', #3380, #134, #153 ) ;
#1453 = VERTEX_POINT ( 'NONE', #1414 ) ;
#1454 = EDGE_LOOP ( 'NONE', ( #1762, #3038, #1004 ) ) ;
#1455 = CYLINDRICAL_SURFACE ( 'NONE', #3556, 127.5317311779830902 ) ;
#1456 = DIRECTION ( 'NONE',  ( 0.6156614753256597350, 0.000000000000000000, 0.7880107536067207930 ) ) ;
#1457 = ORIENTED_EDGE ( 'NONE', *, *, #1310, .T. ) ;
#1458 = EDGE_CURVE ( 'NONE', #495, #429, #3998, .T. ) ;
#1459 = DIRECTION ( 'NONE',  ( 0.9981336355571196473, 8.981994390130116332E-18, 0.06106754923465562701 ) ) ;
#1460 = EDGE_CURVE ( 'NONE', #783, #1355, #484, .T. ) ;
#1461 = VERTEX_POINT ( 'NONE', #803 ) ;
#1462 = CARTESIAN_POINT ( 'NONE',  ( 1.697831348147292138E-14, 0.000000000000000000, 138.6381368369064546 ) ) ;
#1463 = CYLINDRICAL_SURFACE ( 'NONE', #2574, 4.289567438934708044 ) ;
#1464 = CARTESIAN_POINT ( 'NONE',  ( 127.8711769300759897, 2.901991765339423601, 128.7523356084224417 ) ) ;
#1465 = ORIENTED_EDGE ( 'NONE', *, *, #2311, .F. ) ;
#1466 = CARTESIAN_POINT ( 'NONE',  ( -16.86096500118822661, 3.000000000000000000, 138.4867914325370180 ) ) ;
#1467 = PRODUCT_DEFINITION_SHAPE ( 'NONE', 'NONE',  #3515 ) ;
#1468 = CARTESIAN_POINT ( 'NONE',  ( -28.29850750463182507, 0.000000000000000000, 135.1406921255163525 ) ) ;
#1469 = DIRECTION ( 'NONE',  ( 0.01230358619206042663, 0.000000000000000000, 0.9999243080187693034 ) ) ;
#1470 = ORIENTED_EDGE ( 'NONE', *, *, #1939, .F. ) ;
#1471 = CARTESIAN_POINT ( 'NONE',  ( 11.29221819550305028, -6.182479618458067331E-16, 133.8928282758394346 ) ) ;
#1472 = CARTESIAN_POINT ( 'NONE',  ( -128.5925918083506758, 1.018901876480210467, 115.6294420112386234 ) ) ;
#1473 = DATE_AND_TIME ( #1786, #550 ) ;
#1474 = DIRECTION ( 'NONE',  ( -1.000000000000000000, 0.000000000000000000, 0.000000000000000000 ) ) ;
#1475 = CARTESIAN_POINT ( 'NONE',  ( 93.48754981004164222, 2.222938355254511666, 124.1035008027066482 ) ) ;
#1476 = ADVANCED_FACE ( 'NONE', ( #2331 ), #82, .T. ) ;
#1477 = VERTEX_POINT ( 'NONE', #759 ) ;
#1478 = AXIS2_PLACEMENT_3D ( 'NONE', #3363, #120, #4027 ) ;
#1479 = VERTEX_POINT ( 'NONE', #3961 ) ;
#1480 = VECTOR ( 'NONE', #598, 1000.000000000000000 ) ;
#1481 = CARTESIAN_POINT ( 'NONE',  ( 1.136304144762521506, 3.000000000000000000, 128.2969131678666201 ) ) ;
#1482 = LINE ( 'NONE', #1860, #740 ) ;
#1483 = CIRCLE ( 'NONE', #2291, 6.066500288313498856 ) ;
#1484 = ORIENTED_EDGE ( 'NONE', *, *, #3323, .F. ) ;
#1485 = DIRECTION ( 'NONE',  ( 0.000000000000000000, 1.000000000000000000, 0.000000000000000000 ) ) ;
#1486 = CIRCLE ( 'NONE', #1, 14.81030521360773378 ) ;
#1487 = EDGE_CURVE ( 'NONE', #502, #2491, #3173, .T. ) ;
#1488 = VERTEX_POINT ( 'NONE', #100 ) ;
#1489 = CARTESIAN_POINT ( 'NONE',  ( -3.515886773465370041, 1.486766274287785785E-19, 130.4122193247605708 ) ) ;
#1490 = CARTESIAN_POINT ( 'NONE',  ( -128.9606803236352448, 2.608366254045692667, 120.5417794837427863 ) ) ;
#1491 = DIRECTION ( 'NONE',  ( -0.000000000000000000, -1.000000000000000000, 0.000000000000000000 ) ) ;
#1492 = VECTOR ( 'NONE', #3085, 1000.000000000000000 ) ;
#1493 = CARTESIAN_POINT ( 'NONE',  ( 97.79543679966474201, 0.6738970105271107069, 145.0434300129630003 ) ) ;
#1494 = CARTESIAN_POINT ( 'NONE',  ( -21.96203248489289805, 3.000000000000000000, 133.4827276729725156 ) ) ;
#1495 = CIRCLE ( 'NONE', #3657, 2.828599487879392527 ) ;
#1496 = CARTESIAN_POINT ( 'NONE',  ( 127.3356373388192537, 1.965511906460015723, 127.2274430276242327 ) ) ;
#1497 = EDGE_CURVE ( 'NONE', #2371, #465, #393, .T. ) ;
#1498 = CARTESIAN_POINT ( 'NONE',  ( 43.16474346568506348, 0.02678750503904320582, 146.2229816510022147 ) ) ;
#1499 = DIRECTION ( 'NONE',  ( 0.03936129612726407823, 0.000000000000000000, -0.9992250439051164612 ) ) ;
#1500 = AXIS2_PLACEMENT_3D ( 'NONE', #1501, #4036, #859 ) ;
#1501 = CARTESIAN_POINT ( 'NONE',  ( 44.20760209991443901, 3.000000000000000000, 142.3315261657843678 ) ) ;
#1502 = ORIENTED_EDGE ( 'NONE', *, *, #3182, .T. ) ;
#1503 = CIRCLE ( 'NONE', #2780, 5.863050924912333706 ) ;
#1504 = CARTESIAN_POINT ( 'NONE',  ( 128.2621433932850721, 2.994741839151660034, 131.5549810608604844 ) ) ;
#1505 = EDGE_LOOP ( 'NONE', ( #2476, #1547, #351, #1035 ) ) ;
#1506 = ORIENTED_EDGE ( 'NONE', *, *, #2890, .T. ) ;
#1507 = CARTESIAN_POINT ( 'NONE',  ( -16.28991988077626729, 0.000000000000000000, 125.5762672823240109 ) ) ;
#1508 = CARTESIAN_POINT ( 'NONE',  ( 24.03250381854550710, 3.000000000000000000, 121.4472630397739863 ) ) ;
#1509 = ADVANCED_FACE ( 'NONE', ( #3343 ), #1098, .F. ) ;
#1510 = EDGE_LOOP ( 'NONE', ( #3451, #2080, #4045, #3284, #1513 ) ) ;
#1511 = LINE ( 'NONE', #3499, #1480 ) ;
#1512 = ADVANCED_FACE ( 'NONE', ( #3299 ), #3623, .T. ) ;
#1513 = ORIENTED_EDGE ( 'NONE', *, *, #3956, .F. ) ;
#1514 = VECTOR ( 'NONE', #4083, 1000.000000000000000 ) ;
#1515 = CARTESIAN_POINT ( 'NONE',  ( -3.885522049078329321, 2.185728297055204994, 127.5432604419872433 ) ) ;
#1516 = CARTESIAN_POINT ( 'NONE',  ( 32.84787537361837195, 1.532434666349224983, 121.7147934768526056 ) ) ;
#1517 = VERTEX_POINT ( 'NONE', #1686 ) ;
#1518 = CARTESIAN_POINT ( 'NONE',  ( -128.4782912792573200, 1.590512227809027346, 115.2221532411660974 ) ) ;
#1519 = CARTESIAN_POINT ( 'NONE',  ( 125.8958988643291121, 0.4859398308870332972, 144.2296688069066875 ) ) ;
#1520 = DIRECTION ( 'NONE',  ( -0.9996967663960293349, 0.000000000000000000, -0.02462468796396471982 ) ) ;
#1521 = EDGE_LOOP ( 'NONE', ( #1634, #3898, #2842, #1756 ) ) ;
#1522 = CARTESIAN_POINT ( 'NONE',  ( -1.271454052069118101E-10, 3.000000000000000000, 124.2553657712305011 ) ) ;
#1523 = ORIENTED_EDGE ( 'NONE', *, *, #1697, .F. ) ;
#1524 = CARTESIAN_POINT ( 'NONE',  ( -3.165497145818445990, -0.7362038097638257117, 126.0584251845786525 ) ) ;
#1525 = ORIENTED_EDGE ( 'NONE', *, *, #2876, .F. ) ;
#1526 = AXIS2_PLACEMENT_3D ( 'NONE', #3488, #2103, #3169 ) ;
#1527 = ORIENTED_EDGE ( 'NONE', *, *, #999, .T. ) ;
#1528 = LINE ( 'NONE', #1507, #1531 ) ;
#1529 = DIRECTION ( 'NONE',  ( -0.01230358619206044397, 0.000000000000000000, -0.9999243080187691923 ) ) ;
#1530 = EDGE_CURVE ( 'NONE', #2257, #1355, #1395, .T. ) ;
#1531 = VECTOR ( 'NONE', #888, 1000.000000000000114 ) ;
#1532 = EDGE_CURVE ( 'NONE', #135, #1163, #4048, .T. ) ;
#1533 = ORIENTED_EDGE ( 'NONE', *, *, #852, .F. ) ;
#1534 = CARTESIAN_POINT ( 'NONE',  ( -23.09503883945327019, 4.595065349857666604E-16, 132.1578259920198093 ) ) ;
#1535 = EDGE_LOOP ( 'NONE', ( #3357, #3527, #827, #1431, #2220, #2415, #2482, #551 ) ) ;
#1536 = EDGE_CURVE ( 'NONE', #2371, #685, #4195, .T. ) ;
#1537 = CARTESIAN_POINT ( 'NONE',  ( 11.11532500644900345, 0.000000000000000000, 128.8462449882857186 ) ) ;
#1538 = ORIENTED_EDGE ( 'NONE', *, *, #237, .T. ) ;
#1539 = CARTESIAN_POINT ( 'NONE',  ( 1.855942683623820091E-14, 0.000000000000000000, 118.2021133740317538 ) ) ;
#1540 = CARTESIAN_POINT ( 'NONE',  ( 125.6868083019274422, 0.4736712379369203418, 144.2865361727281481 ) ) ;
#1541 = VECTOR ( 'NONE', #3289, 1000.000000000000000 ) ;
#1542 = CARTESIAN_POINT ( 'NONE',  ( -9.555338446233552219, 3.000000000000000000, -62.16165546049179369 ) ) ;
#1543 = ORIENTED_EDGE ( 'NONE', *, *, #1372, .T. ) ;
#1544 = CARTESIAN_POINT ( 'NONE',  ( 73.50179913290163825, 3.000000000000000000, 215.3590809124808914 ) ) ;
#1545 = CARTESIAN_POINT ( 'NONE',  ( -3.984876719175001636, -2.167954050496475382, 128.8797999061555402 ) ) ;
#1546 = EDGE_LOOP ( 'NONE', ( #3832, #2510, #1053 ) ) ;
#1547 = ORIENTED_EDGE ( 'NONE', *, *, #1692, .F. ) ;
#1548 = CARTESIAN_POINT ( 'NONE',  ( 129.0828898702420133, 1.504198169044332678, 138.2239526479415304 ) ) ;
#1549 = DIRECTION ( 'NONE',  ( -0.9996967663960293349, 0.000000000000000000, -0.02462468796396471982 ) ) ;
#1550 = AXIS2_PLACEMENT_3D ( 'NONE', #2709, #3063, #2041 ) ;
#1551 = ADVANCED_FACE ( 'NONE', ( #2020 ), #423, .T. ) ;
#1552 = ORIENTED_EDGE ( 'NONE', *, *, #2349, .T. ) ;
#1553 = CARTESIAN_POINT ( 'NONE',  ( 1.568810952494293629E-14, 3.000000000000000000, 135.7369907584217685 ) ) ;
#1554 = ORIENTED_EDGE ( 'NONE', *, *, #2710, .T. ) ;
#1555 = AXIS2_PLACEMENT_3D ( 'NONE', #2785, #1129, #2170 ) ;
#1556 = DIRECTION ( 'NONE',  ( 0.000000000000000000, -1.000000000000000000, -0.000000000000000000 ) ) ;
#1557 = AXIS2_PLACEMENT_3D ( 'NONE', #1399, #2395, #3325 ) ;
#1558 = ORIENTED_EDGE ( 'NONE', *, *, #2498, .F. ) ;
#1559 = DIRECTION ( 'NONE',  ( 0.6156614753256590689, 0.000000000000000000, 0.7880107536067212370 ) ) ;
#1560 = AXIS2_PLACEMENT_3D ( 'NONE', #3557, #4159, #332 ) ;
#1561 = CARTESIAN_POINT ( 'NONE',  ( 1.136304144762521506, 0.000000000000000000, 128.2969131678666201 ) ) ;
#1562 = CARTESIAN_POINT ( 'NONE',  ( 25.99889206176743528, 3.000000000000000000, 135.6417949169029384 ) ) ;
#1563 = ORIENTED_EDGE ( 'NONE', *, *, #1031, .F. ) ;
#1564 = CARTESIAN_POINT ( 'NONE',  ( 124.8375808934546569, 3.000000000000000000, 144.3928311865392971 ) ) ;
#1565 = CARTESIAN_POINT ( 'NONE',  ( 2.110621216667990835E-14, 0.000000000000000000, 124.2553657713229001 ) ) ;
#1566 = ADVANCED_FACE ( 'NONE', ( #913 ), #3920, .F. ) ;
#1567 = ORIENTED_EDGE ( 'NONE', *, *, #2575, .T. ) ;
#1568 = ORIENTED_EDGE ( 'NONE', *, *, #3697, .F. ) ;
#1569 = AXIS2_PLACEMENT_3D ( 'NONE', #3957, #78, #3766 ) ;
#1570 = CARTESIAN_POINT ( 'NONE',  ( 16.72153333649343310, 0.000000000000000000, 105.4986266463762377 ) ) ;
#1571 = FACE_OUTER_BOUND ( 'NONE', #2551, .T. ) ;
#1572 = CARTESIAN_POINT ( 'NONE',  ( -21.49992093543576743, 3.000000000000000000, 92.30896381146081353 ) ) ;
#1573 = CARTESIAN_POINT ( 'NONE',  ( -128.5985658254385271, 1.939626137158672492, 123.1375994507617122 ) ) ;
#1574 = ORIENTED_EDGE ( 'NONE', *, *, #3521, .F. ) ;
#1575 = DIRECTION ( 'NONE',  ( -0.9999243080187693034, -0.000000000000000000, 0.01230358619206012305 ) ) ;
#1576 = EDGE_CURVE ( 'NONE', #4153, #1517, #3139, .T. ) ;
#1577 = EDGE_LOOP ( 'NONE', ( #1947, #3611, #1893, #1376 ) ) ;
#1578 = CARTESIAN_POINT ( 'NONE',  ( 3.510143005283924200, -1.687592389779883018, 130.4260914078506062 ) ) ;
#1579 = LINE ( 'NONE', #1897, #912 ) ;
#1580 = EDGE_CURVE ( 'NONE', #1429, #2543, #2483, .T. ) ;
#1581 = AXIS2_PLACEMENT_3D ( 'NONE', #3095, #107, #1714 ) ;
#1582 = ORIENTED_EDGE ( 'NONE', *, *, #4049, .F. ) ;
#1583 = CARTESIAN_POINT ( 'NONE',  ( -16.66065466087835034, 4.287454482285993735E-16, 124.8249770819116407 ) ) ;
#1584 = CARTESIAN_POINT ( 'NONE',  ( -13.88156773654646514, 0.000000000000000000, 128.2920190419850144 ) ) ;
#1585 = ORIENTED_EDGE ( 'NONE', *, *, #947, .F. ) ;
#1586 = ORIENTED_EDGE ( 'NONE', *, *, #4098, .F. ) ;
#1587 = DIRECTION ( 'NONE',  ( 0.000000000000000000, -1.000000000000000000, -0.000000000000000000 ) ) ;
#1588 = FACE_OUTER_BOUND ( 'NONE', #1667, .T. ) ;
#1589 = DIRECTION ( 'NONE',  ( -0.9999243080187693034, 0.000000000000000000, 0.01230358619206012305 ) ) ;
#1590 = FACE_OUTER_BOUND ( 'NONE', #61, .T. ) ;
#1591 = ADVANCED_FACE ( 'NONE', ( #3159 ), #3775, .T. ) ;
#1592 = ORIENTED_EDGE ( 'NONE', *, *, #2959, .T. ) ;
#1593 = CARTESIAN_POINT ( 'NONE',  ( 2.490019109948708287E-14, 3.000000000000000000, 121.3672359896417134 ) ) ;
#1594 = ORIENTED_EDGE ( 'NONE', *, *, #2768, .F. ) ;
#1595 = DIRECTION ( 'NONE',  ( -0.000000000000000000, 1.000000000000000000, 0.000000000000000000 ) ) ;
#1596 = CARTESIAN_POINT ( 'NONE',  ( 11.18996471563042583, 0.000000000000000000, 134.9122860911732573 ) ) ;
#1597 = CARTESIAN_POINT ( 'NONE',  ( -44.11139514003327378, 0.2231119695520378532, 110.7738577220418392 ) ) ;
#1598 = ORIENTED_EDGE ( 'NONE', *, *, #3415, .F. ) ;
#1599 = CYLINDRICAL_SURFACE ( 'NONE', #1661, 19.99999999999998934 ) ;
#1600 = DIRECTION ( 'NONE',  ( -0.01230358619206025315, 0.000000000000000000, -0.9999243080187693034 ) ) ;
#1601 = ORIENTED_EDGE ( 'NONE', *, *, #2589, .F. ) ;
#1602 = CIRCLE ( 'NONE', #451, 2.708110989951153069 ) ;
#1603 = CARTESIAN_POINT ( 'NONE',  ( -75.41326158604553598, 0.000000000000000000, 119.3454320317676149 ) ) ;
#1604 = EDGE_CURVE ( 'NONE', #3690, #2533, #1511, .T. ) ;
#1605 = DIRECTION ( 'NONE',  ( -0.9999243080187693034, -0.000000000000000000, 0.01230358619206012305 ) ) ;
#1606 = DIRECTION ( 'NONE',  ( 0.9999243080187693034, 0.000000000000000000, -0.01230358619206012305 ) ) ;
#1607 = CIRCLE ( 'NONE', #3918, 4.000000000000003553 ) ;
#1608 = ORIENTED_EDGE ( 'NONE', *, *, #3449, .T. ) ;
#1609 = CARTESIAN_POINT ( 'NONE',  ( -23.18736877920322215, 4.595065349857691256E-16, 124.6540828009927964 ) ) ;
#1610 = AXIS2_PLACEMENT_3D ( 'NONE', #3978, #739, #441 ) ;
#1611 = ORIENTED_EDGE ( 'NONE', *, *, #4025, .T. ) ;
#1612 = EDGE_CURVE ( 'NONE', #2988, #133, #533, .T. ) ;
#1613 = CARTESIAN_POINT ( 'NONE',  ( 3.963864706807026295, -2.056694810446107358, 127.9502564089618488 ) ) ;
#1614 = VECTOR ( 'NONE', #3528, 1000.000000000000114 ) ;
#1615 = DIRECTION ( 'NONE',  ( -0.9999243080187693034, -0.000000000000000000, 0.01230358619206012305 ) ) ;
#1616 = ORIENTED_EDGE ( 'NONE', *, *, #3313, .F. ) ;
#1617 = CYLINDRICAL_SURFACE ( 'NONE', #356, 4.000000000000013323 ) ;
#1618 = EDGE_CURVE ( 'NONE', #1645, #3472, #2473, .T. ) ;
#1619 = ORIENTED_EDGE ( 'NONE', *, *, #230, .T. ) ;
#1620 = FACE_OUTER_BOUND ( 'NONE', #2450, .T. ) ;
#1621 = VECTOR ( 'NONE', #3143, 1000.000000000000000 ) ;
#1622 = CIRCLE ( 'NONE', #2304, 14.81030521360773911 ) ;
#1623 = DIRECTION ( 'NONE',  ( 0.05087633547290548036, 0.000000000000000000, -0.9987049606810053382 ) ) ;
#1624 = DIRECTION ( 'NONE',  ( -0.000000000000000000, -1.000000000000000000, 0.000000000000000000 ) ) ;
#1625 = ORIENTED_EDGE ( 'NONE', *, *, #3608, .F. ) ;
#1626 = ORIENTED_EDGE ( 'NONE', *, *, #2071, .F. ) ;
#1627 = CARTESIAN_POINT ( 'NONE',  ( 128.5985658254385555, 1.939626137158672492, 133.9666272973017840 ) ) ;
#1628 = EDGE_CURVE ( 'NONE', #3958, #1987, #1138, .T. ) ;
#1629 = ORIENTED_EDGE ( 'NONE', *, *, #729, .T. ) ;
#1630 = CARTESIAN_POINT ( 'NONE',  ( 13.98060367188673503, 0.000000000000000000, 101.9046332775000678 ) ) ;
#1631 = APPROVAL_ROLE ( '' ) ;
#1632 = CARTESIAN_POINT ( 'NONE',  ( 2.078294798244607798E-14, 3.000000000000000000, 124.1605860889517459 ) ) ;
#1633 = ORIENTED_EDGE ( 'NONE', *, *, #3407, .F. ) ;
#1634 = ORIENTED_EDGE ( 'NONE', *, *, #3916, .T. ) ;
#1635 = CARTESIAN_POINT ( 'NONE',  ( 3.891263840430830179, 1.820511816240883096, 127.5697656606789252 ) ) ;
#1636 = DIRECTION ( 'NONE',  ( 1.224646799147353947E-16, 0.000000000000000000, 1.000000000000000000 ) ) ;
#1637 = EDGE_CURVE ( 'NONE', #2176, #2392, #509, .T. ) ;
#1638 = CARTESIAN_POINT ( 'NONE',  ( 11.29221819550305028, 3.000000000000000000, 133.8928282758394346 ) ) ;
#1639 = CONICAL_SURFACE ( 'NONE', #3671, 1.487478443580312115, 0.02850683268840408999 ) ;
#1640 = FACE_OUTER_BOUND ( 'NONE', #946, .T. ) ;
#1641 = AXIS2_PLACEMENT_3D ( 'NONE', #59, #712, #973 ) ;
#1642 = DIRECTION ( 'NONE',  ( -0.000000000000000000, -1.000000000000000000, 0.000000000000000000 ) ) ;
#1643 = CARTESIAN_POINT ( 'NONE',  ( 128.4958474957592784, 2.956318281587523966, 133.2302903307124211 ) ) ;
#1644 = CARTESIAN_POINT ( 'NONE',  ( 1.633590569003032699E-14, 3.000000000000000000, 132.9436406591117361 ) ) ;
#1645 = VERTEX_POINT ( 'NONE', #1191 ) ;
#1646 = VECTOR ( 'NONE', #2125, 1000.000000000000114 ) ;
#1647 = ORIENTED_EDGE ( 'NONE', *, *, #414, .T. ) ;
#1648 = DIRECTION ( 'NONE',  ( 0.000000000000000000, 1.000000000000000000, -0.000000000000000000 ) ) ;
#1649 = EDGE_CURVE ( 'NONE', #2314, #3408, #3513, .T. ) ;
#1650 = ORIENTED_EDGE ( 'NONE', *, *, #2924, .T. ) ;
#1651 = CARTESIAN_POINT ( 'NONE',  ( -14.34696738392036153, 0.000000000000000000, 155.1905691419935920 ) ) ;
#1652 = PERSON_AND_ORGANIZATION ( #2463, #3867 ) ;
#1653 = DIRECTION ( 'NONE',  ( -0.01230358619206044397, 0.000000000000000000, -0.9999243080187691923 ) ) ;
#1654 = ORIENTED_EDGE ( 'NONE', *, *, #3883, .F. ) ;
#1655 = VERTEX_POINT ( 'NONE', #1534 ) ;
#1656 = CARTESIAN_POINT ( 'NONE',  ( 3.999202848862900339, 2.266688323349348888, 128.6732799212474276 ) ) ;
#1657 = LINE ( 'NONE', #3968, #3477 ) ;
#1658 = CARTESIAN_POINT ( 'NONE',  ( -127.4373675148561489, 2.740404869468504589, 129.6972525041615256 ) ) ;
#1659 = DIRECTION ( 'NONE',  ( 0.01230358619205992356, 0.000000000000000000, 0.9999243080187693034 ) ) ;
#1660 = CARTESIAN_POINT ( 'NONE',  ( 128.7289202698452755, 2.827400789115665614, 134.9010739192009112 ) ) ;
#1661 = AXIS2_PLACEMENT_3D ( 'NONE', #4192, #2869, #3853 ) ;
#1662 = FACE_OUTER_BOUND ( 'NONE', #15, .T. ) ;
#1663 = ADVANCED_FACE ( 'NONE', ( #211 ), #3800, .T. ) ;
#1664 = ORIENTED_EDGE ( 'NONE', *, *, #1637, .T. ) ;
#1665 = CARTESIAN_POINT ( 'NONE',  ( -128.7289202698452470, 2.827400789115665614, 122.2031528288625850 ) ) ;
#1666 = CONICAL_SURFACE ( 'NONE', #391, 2.544615367057037947, 0.06320220577004709295 ) ;
#1667 = EDGE_LOOP ( 'NONE', ( #3612, #2601, #2181, #469, #3702 ) ) ;
#1668 = CARTESIAN_POINT ( 'NONE',  ( -44.11139514003327378, 0.000000000000000000, 110.7738577220418392 ) ) ;
#1669 = CARTESIAN_POINT ( 'NONE',  ( 124.0669831219265546, 2.424912756171457406, 125.3080804290228656 ) ) ;
#1670 = DIRECTION ( 'NONE',  ( -0.6156614753256590689, 0.000000000000000000, -0.7880107536067212370 ) ) ;
#1671 = VERTEX_POINT ( 'NONE', #3480 ) ;
#1672 = CARTESIAN_POINT ( 'NONE',  ( 3.600155631270916423, 0.5975719807484581869, 126.7611844916845598 ) ) ;
#1673 = CARTESIAN_POINT ( 'NONE',  ( 13.70241755168440534, 0.000000000000000000, 131.7502877228471618 ) ) ;
#1674 = AXIS2_PLACEMENT_3D ( 'NONE', #1824, #2781, #161 ) ;
#1675 = ADVANCED_FACE ( 'NONE', ( #1233 ), #3295, .F. ) ;
#1676 = CARTESIAN_POINT ( 'NONE',  ( -127.5357265045466164, 2.766119798613398295, 129.5015186307057036 ) ) ;
#1677 = DIRECTION ( 'NONE',  ( -0.9999243080187693034, -0.000000000000000000, 0.01230358619206012305 ) ) ;
#1678 = AXIS2_PLACEMENT_3D ( 'NONE', #1340, #3305, #408 ) ;
#1679 = EDGE_CURVE ( 'NONE', #1479, #2428, #3360, .T. ) ;
#1680 = VECTOR ( 'NONE', #1459, 1000.000000000000000 ) ;
#1681 = PLANE ( 'NONE',  #3674 ) ;
#1682 = CARTESIAN_POINT ( 'NONE',  ( -17.01376077737743131, 3.000000000000000000, 121.4644059416612691 ) ) ;
#1683 = ORIENTED_EDGE ( 'NONE', *, *, #2924, .F. ) ;
#1684 = DIRECTION ( 'NONE',  ( -0.000000000000000000, -1.000000000000000000, -0.000000000000000000 ) ) ;
#1685 = CONICAL_SURFACE ( 'NONE', #2244, 3.139102801331551174, 0.06320220577004587170 ) ;
#1686 = CARTESIAN_POINT ( 'NONE',  ( 28.29850750463186415, 0.000000000000000000, 122.0133427909590438 ) ) ;
#1687 = ORIENTED_EDGE ( 'NONE', *, *, #237, .F. ) ;
#1688 = FACE_OUTER_BOUND ( 'NONE', #906, .T. ) ;
#1689 = EDGE_CURVE ( 'NONE', #2096, #1912, #532, .T. ) ;
#1690 = CARTESIAN_POINT ( 'NONE',  ( 127.8711769300759613, 2.006199079044285405, 128.7523356084224417 ) ) ;
#1691 = LINE ( 'NONE', #1043, #707 ) ;
#1692 = EDGE_CURVE ( 'NONE', #3564, #3472, #1796, .T. ) ;
#1693 = ORIENTED_EDGE ( 'NONE', *, *, #1297, .F. ) ;
#1694 = CARTESIAN_POINT ( 'NONE',  ( 2.014054019100348358E-14, 0.000000000000000000, 118.4660899111570416 ) ) ;
#1695 = CARTESIAN_POINT ( 'NONE',  ( -13.63017942147717854, 3.595138586167412710E-16, 131.2248014902272928 ) ) ;
#1696 = DIRECTION ( 'NONE',  ( 0.000000000000000000, -1.000000000000000000, -0.000000000000000000 ) ) ;
#1697 = EDGE_CURVE ( 'NONE', #2428, #3958, #2841, .T. ) ;
#1698 = DIRECTION ( 'NONE',  ( 1.000000000000000000, 0.000000000000000000, 0.000000000000000000 ) ) ;
#1699 = AXIS2_PLACEMENT_3D ( 'NONE', #2782, #3522, #3069 ) ;
#1700 = ADVANCED_FACE ( 'NONE', ( #1168, #2460 ), #848, .T. ) ;
#1701 = DIRECTION ( 'NONE',  ( 0.9999243080187693034, 0.000000000000000000, -0.01230358619206012305 ) ) ;
#1702 = AXIS2_PLACEMENT_3D ( 'NONE', #2414, #1589, #931 ) ;
#1703 = CARTESIAN_POINT ( 'NONE',  ( -3.515886773465370041, -0.3009986570543048967, 130.4122193247605708 ) ) ;
#1704 = ORIENTED_EDGE ( 'NONE', *, *, #648, .T. ) ;
#1705 = CARTESIAN_POINT ( 'NONE',  ( 128.1470440337508876, 3.000000000000000000, 130.7298906069905513 ) ) ;
#1706 = VECTOR ( 'NONE', #1265, 1000.000000000000000 ) ;
#1707 = ORIENTED_EDGE ( 'NONE', *, *, #3693, .F. ) ;
#1708 = CARTESIAN_POINT ( 'NONE',  ( 9.305882207914727644, 5.295687452587209103E-16, 116.0793089302432151 ) ) ;
#1709 = CARTESIAN_POINT ( 'NONE',  ( 13.89379157503092799, 0.000000000000000000, 105.4289732666122035 ) ) ;
#1710 = FACE_OUTER_BOUND ( 'NONE', #302, .T. ) ;
#1711 = EDGE_LOOP ( 'NONE', ( #1502, #3868, #579, #3377 ) ) ;
#1712 = CARTESIAN_POINT ( 'NONE',  ( 3.942670984156380065, 1.986452780005018237, 127.8181188363407017 ) ) ;
#1713 = AXIS2_PLACEMENT_3D ( 'NONE', #1186, #844, #1209 ) ;
#1714 = DIRECTION ( 'NONE',  ( -0.01230358619206009529, 0.000000000000000000, -0.9999243080187693034 ) ) ;
#1715 = DIRECTION ( 'NONE',  ( 0.02462468796396177773, 0.000000000000000000, -0.9996967663960294459 ) ) ;
#1716 = CARTESIAN_POINT ( 'NONE',  ( -1.357084625884646305E-10, 0.000000000000000000, 132.8488609766420154 ) ) ;
#1717 = DIRECTION ( 'NONE',  ( 0.000000000000000000, 1.000000000000000000, 0.000000000000000000 ) ) ;
#1718 = EDGE_CURVE ( 'NONE', #1337, #1417, #2287, .T. ) ;
#1719 = CARTESIAN_POINT ( 'NONE',  ( 2.014054019100348358E-14, 3.000000000000000000, 118.4660899111570416 ) ) ;
#1720 = B_SPLINE_CURVE_WITH_KNOTS ( 'NONE', 3,
 ( #1197, #1518, #2122, #1804, #1781, #2443, #2469, #3759, #217, #1426, #472, #3075, #3738, #855, #3785, #878 ),
 .UNSPECIFIED., .F., .F.,
 ( 4, 2, 2, 2, 2, 2, 2, 4 ),
 ( 0.000000000000000000, 0.001285153705546077108, 0.001927730558319115661, 0.002570307411092154215, 0.003212884263865192769, 0.003855461116638231323, 0.004498037969411269876, 0.005140614822184308430 ),
 .UNSPECIFIED. ) ;
#1721 = TOROIDAL_SURFACE ( 'NONE', #1126, 4.324256966395759072, 2.708110989951153069 ) ;
#1722 =( BOUNDED_CURVE ( )  B_SPLINE_CURVE ( 3, ( #1151, #431, #3654, #748 ),
 .UNSPECIFIED., .F., .T. ) 
 B_SPLINE_CURVE_WITH_KNOTS ( ( 4, 4 ),
 ( 4.613349399300799902, 4.712388980384689674 ),
 .UNSPECIFIED. ) 
 CURVE ( )  GEOMETRIC_REPRESENTATION_ITEM ( )  RATIONAL_B_SPLINE_CURVE ( ( 1.000000000000000000, 0.9991827638049128879, 0.9991827638049128879, 1.000000000000000000 ) ) 
 REPRESENTATION_ITEM ( '' )  );
#1723 = VERTEX_POINT ( 'NONE', #1289 ) ;
#1724 = CARTESIAN_POINT ( 'NONE',  ( -29.10880820221326459, 3.000000000000000000, 157.5547905061403924 ) ) ;
#1725 = AXIS2_PLACEMENT_3D ( 'NONE', #2315, #3607, #2964 ) ;
#1726 = DIRECTION ( 'NONE',  ( -0.02462468796396178466, 0.000000000000000000, 0.9996967663960296679 ) ) ;
#1727 = EDGE_CURVE ( 'NONE', #2289, #133, #1736, .T. ) ;
#1728 = ORIENTED_EDGE ( 'NONE', *, *, #1249, .T. ) ;
#1729 = CARTESIAN_POINT ( 'NONE',  ( -3.968679919996627614, 2.271563288189345275, 127.9830058413565439 ) ) ;
#1730 = LINE ( 'NONE', #1060, #3180 ) ;
#1731 = CARTESIAN_POINT ( 'NONE',  ( 124.0669831219265546, 3.000000000000000000, 125.3080804290228656 ) ) ;
#1732 = EDGE_LOOP ( 'NONE', ( #2561, #1228, #2812, #3813 ) ) ;
#1733 = CARTESIAN_POINT ( 'NONE',  ( 2.306204344275843172E-14, -6.066500288313496192, 142.3216605460787321 ) ) ;
#1734 = LINE ( 'NONE', #1087, #2990 ) ;
#1735 = B_SPLINE_CURVE_WITH_KNOTS ( 'NONE', 3,
 ( #3029, #1802, #4031, #1105 ),
 .UNSPECIFIED., .F., .F.,
 ( 4, 4 ),
 ( 1.000311652981283793E-16, 0.01607692385751323741 ),
 .UNSPECIFIED. ) ;
#1736 = CIRCLE ( 'NONE', #4124, 2.708110989951152181 ) ;
#1737 = CARTESIAN_POINT ( 'NONE',  ( 124.0669831219265546, 1.865262534174638942, 125.3080804290228656 ) ) ;
#1738 = CARTESIAN_POINT ( 'NONE',  ( 44.30380905979527739, 3.000000000000000000, 146.3303690260216570 ) ) ;
#1739 = CC_DESIGN_PERSON_AND_ORGANIZATION_ASSIGNMENT ( #941, #3588, ( #4069 ) ) ;
#1740 = LINE ( 'NONE', #1385, #326 ) ;
#1741 = AXIS2_PLACEMENT_3D ( 'NONE', #1990, #1048, #2029 ) ;
#1742 = AXIS2_PLACEMENT_3D ( 'NONE', #7, #960, #977 ) ;
#1743 = ORIENTED_EDGE ( 'NONE', *, *, #3503, .T. ) ;
#1744 = EDGE_CURVE ( 'NONE', #3602, #1163, #2629, .T. ) ;
#1745 = CARTESIAN_POINT ( 'NONE',  ( -13.70241755168436804, 0.000000000000000000, 125.3539390252163201 ) ) ;
#1746 = EDGE_CURVE ( 'NONE', #1995, #581, #376, .T. ) ;
#1747 = ORIENTED_EDGE ( 'NONE', *, *, #3655, .F. ) ;
#1748 = CARTESIAN_POINT ( 'NONE',  ( 42.71867598408456246, 3.000000000000000000, 146.0440857978441613 ) ) ;
#1749 = CARTESIAN_POINT ( 'NONE',  ( -13.80943118414336723, 7.180166548431832191E-16, 134.1546261809567682 ) ) ;
#1750 = CIRCLE ( 'NONE', #474, 62.19039892000446912 ) ;
#1751 = ORIENTED_EDGE ( 'NONE', *, *, #1604, .T. ) ;
#1752 = CARTESIAN_POINT ( 'NONE',  ( -3.524098740923340856, 0.3038005283586771021, 130.3972908940860123 ) ) ;
#1753 = AXIS2_PLACEMENT_3D ( 'NONE', #2879, #3, #336 ) ;
#1754 = LINE ( 'NONE', #67, #1144 ) ;
#1755 = LINE ( 'NONE', #1885, #1436 ) ;
#1756 = ORIENTED_EDGE ( 'NONE', *, *, #314, .F. ) ;
#1757 = CARTESIAN_POINT ( 'NONE',  ( 3.711885367247640181E-14, 0.000000000000000000, 215.3590809124808914 ) ) ;
#1758 = DIRECTION ( 'NONE',  ( -0.01230358619205992356, 0.000000000000000000, -0.9999243080187693034 ) ) ;
#1759 = DIRECTION ( 'NONE',  ( -0.9999243080187693034, -0.000000000000000000, 0.01230358619206012305 ) ) ;
#1760 = CARTESIAN_POINT ( 'NONE',  ( 127.8159510719125365, 0.7460102289793262287, 142.9613371118176985 ) ) ;
#1761 = LINE ( 'NONE', #1450, #2436 ) ;
#1762 = ORIENTED_EDGE ( 'NONE', *, *, #3941, .F. ) ;
#1763 = EDGE_CURVE ( 'NONE', #502, #2813, #2567, .T. ) ;
#1764 = EDGE_CURVE ( 'NONE', #3768, #2658, #24, .T. ) ;
#1765 = ORIENTED_EDGE ( 'NONE', *, *, #1945, .F. ) ;
#1766 = ORIENTED_EDGE ( 'NONE', *, *, #3234, .T. ) ;
#1767 = DIRECTION ( 'NONE',  ( 0.000000000000000000, 0.000000000000000000, -1.000000000000000000 ) ) ;
#1768 = CARTESIAN_POINT ( 'NONE',  ( -129.0647636703225203, 1.601197271465814032, 119.7068163014280486 ) ) ;
#1769 = EDGE_CURVE ( 'NONE', #574, #685, #131, .T. ) ;
#1770 = VERTEX_POINT ( 'NONE', #697 ) ;
#1771 = AXIS2_PLACEMENT_3D ( 'NONE', #492, #769, #3011 ) ;
#1772 = CARTESIAN_POINT ( 'NONE',  ( -28.29850750463182507, 0.000000000000000000, 110.7738577220418392 ) ) ;
#1773 = ORIENTED_EDGE ( 'NONE', *, *, #3956, .T. ) ;
#1774 = CARTESIAN_POINT ( 'NONE',  ( -3.084510538321211914, 0.3018856669604598753, 125.9577242884499526 ) ) ;
#1775 = PLANE ( 'NONE',  #4199 ) ;
#1776 = CARTESIAN_POINT ( 'NONE',  ( 127.8558282595982973, 2.891058964262407383, 128.6423085714174306 ) ) ;
#1777 = ADVANCED_FACE ( 'NONE', ( #296 ), #3801, .F. ) ;
#1778 = VERTEX_POINT ( 'NONE', #2550 ) ;
#1779 = DIRECTION ( 'NONE',  ( -0.9996967663960292239, 0.000000000000000000, -0.02462468796397005583 ) ) ;
#1780 = FACE_OUTER_BOUND ( 'NONE', #1104, .T. ) ;
#1781 = CARTESIAN_POINT ( 'NONE',  ( -127.8216158358684567, 1.303937539860684947, 114.1497414600427760 ) ) ;
#1782 = VERTEX_POINT ( 'NONE', #3579 ) ;
#1783 = DIRECTION ( 'NONE',  ( -0.07543437730817480202, 1.222201675894205750E-16, -0.9971507682994220634 ) ) ;
#1784 = FACE_OUTER_BOUND ( 'NONE', #3582, .T. ) ;
#1785 = VECTOR ( 'NONE', #2556, 1000.000000000000114 ) ;
#1786 = CALENDAR_DATE ( 2026, 21, 9 ) ;
#1787 = CARTESIAN_POINT ( 'NONE',  ( 0.1176578005748113304, 3.000000000000000000, 124.3408502050289997 ) ) ;
#1788 = PLANE ( 'NONE',  #957 ) ;
#1789 = ORIENTED_EDGE ( 'NONE', *, *, #981, .T. ) ;
#1790 = EDGE_LOOP ( 'NONE', ( #761, #348, #3158, #4021 ) ) ;
#1791 = ADVANCED_FACE ( 'NONE', ( #3924 ), #3601, .F. ) ;
#1792 = DIRECTION ( 'NONE',  ( 0.000000000000000000, 1.000000000000000000, 0.000000000000000000 ) ) ;
#1793 = DIRECTION ( 'NONE',  ( -0.000000000000000000, 1.000000000000000000, 0.000000000000000000 ) ) ;
#1794 = ORIENTED_EDGE ( 'NONE', *, *, #2310, .T. ) ;
#1795 = B_SPLINE_CURVE_WITH_KNOTS ( 'NONE', 3,
 ( #4180, #1268, #1776, #1464 ),
 .UNSPECIFIED., .F., .F.,
 ( 4, 4 ),
 ( 0.000000000000000000, 0.0003345912393564335133 ),
 .UNSPECIFIED. ) ;
#1796 = LINE ( 'NONE', #3088, #936 ) ;
#1797 = EDGE_CURVE ( 'NONE', #2078, #1137, #3559, .T. ) ;
#1798 = ORIENTED_EDGE ( 'NONE', *, *, #381, .F. ) ;
#1799 = CARTESIAN_POINT ( 'NONE',  ( -3.631014999241315877, 1.016850156727973076, 130.1838950780666835 ) ) ;
#1800 = CARTESIAN_POINT ( 'NONE',  ( 28.29850750463186415, 3.000000000000000000, 131.0963976053384954 ) ) ;
#1801 = FACE_OUTER_BOUND ( 'NONE', #1732, .T. ) ;
#1802 = CARTESIAN_POINT ( 'NONE',  ( -37.77759303888232267, 1.029936546752737048, 113.0417676893732306 ) ) ;
#1803 = DIRECTION ( 'NONE',  ( 1.000000000000000000, -0.000000000000000000, -0.000000000000000000 ) ) ;
#1804 = CARTESIAN_POINT ( 'NONE',  ( -127.9529975827451409, 1.350127351043642232, 114.3164980783786007 ) ) ;
#1805 = CARTESIAN_POINT ( 'NONE',  ( 126.2967302434264951, 0.5167737507588853196, 144.0853619614721026 ) ) ;
#1806 = LINE ( 'NONE', #197, #2934 ) ;
#1807 = CARTESIAN_POINT ( 'NONE',  ( 2.490019109948708287E-14, 0.000000000000000000, 121.3672359896417134 ) ) ;
#1808 = ORIENTED_EDGE ( 'NONE', *, *, #4022, .F. ) ;
#1809 = ADVANCED_FACE ( 'NONE', ( #1590 ), #2515, .F. ) ;
#1810 = ORIENTED_EDGE ( 'NONE', *, *, #22, .T. ) ;
#1811 = AXIS2_PLACEMENT_3D ( 'NONE', #3778, #2646, #3953 ) ;
#1812 = ORIENTED_EDGE ( 'NONE', *, *, #1354, .T. ) ;
#1813 = AXIS2_PLACEMENT_3D ( 'NONE', #3359, #157, #1037 ) ;
#1814 = DIRECTION ( 'NONE',  ( -0.9996967663960292239, 0.000000000000000000, -0.02462468796397008705 ) ) ;
#1815 = DIRECTION ( 'NONE',  ( -0.9999243080187693034, 0.000000000000000000, 0.01230358619206012305 ) ) ;
#1816 = EDGE_CURVE ( 'NONE', #3962, #705, #3042, .T. ) ;
#1817 = CLOSED_SHELL ( 'NONE', ( #1128, #510, #3070, #3584, #20, #1675, #4196, #2240, #95, #3981, #2218, #2297, #193, #516, #1907, #1809, #2588, #1906, #1868, #3629, #1700, #380, #1079, #3460, #1329, #2326, #108, #1777, #750, #2386, #2051, #2213, #438, #1332, #2455, #2434, #2028, #1368, #676, #1135, #3040, #1166, #3904, #3273, #3599, #4184, #709, #1566, #2458, #1024, #3471, #3954 ) ) ;
#1818 = CIRCLE ( 'NONE', #3448, 6.066500288313485534 ) ;
#1819 = ORIENTED_EDGE ( 'NONE', *, *, #3493, .T. ) ;
#1820 = DIRECTION ( 'NONE',  ( 0.000000000000000000, 1.000000000000000000, -0.000000000000000000 ) ) ;
#1821 = AXIS2_PLACEMENT_3D ( 'NONE', #2046, #366, #1653 ) ;
#1822 = VERTEX_POINT ( 'NONE', #1962 ) ;
#1823 = CARTESIAN_POINT ( 'NONE',  ( -3.866731359188992467, 1.816814619212983484, 129.5364091003248461 ) ) ;
#1824 = CARTESIAN_POINT ( 'NONE',  ( -75.41326158604553598, 3.000000000000000000, 119.3454320317676149 ) ) ;
#1825 = CARTESIAN_POINT ( 'NONE',  ( -44.23967108654066038, 0.000000000000000000, 110.7738577220418392 ) ) ;
#1826 = LOCAL_TIME ( 1, 20, 10.00000000000000000, #2316 ) ;
#1827 = FACE_OUTER_BOUND ( 'NONE', #3777, .T. ) ;
#1828 = EDGE_CURVE ( 'NONE', #1303, #1778, #1503, .T. ) ;
#1829 = CARTESIAN_POINT ( 'NONE',  ( -11.11532500644896615, 0.000000000000000000, 128.2579817597777492 ) ) ;
#1830 = CARTESIAN_POINT ( 'NONE',  ( -127.8711769300759613, 3.000000000000000000, 128.3518911396410545 ) ) ;
#1831 = AXIS2_PLACEMENT_3D ( 'NONE', #1132, #2764, #2475 ) ;
#1832 = ORIENTED_EDGE ( 'NONE', *, *, #2071, .T. ) ;
#1833 = FACE_OUTER_BOUND ( 'NONE', #1312, .T. ) ;
#1834 = EDGE_LOOP ( 'NONE', ( #2005, #205, #976, #3446 ) ) ;
#1835 = AXIS2_PLACEMENT_3D ( 'NONE', #1205, #244, #288 ) ;
#1836 = CARTESIAN_POINT ( 'NONE',  ( -3.891372212057927271, -2.198699487215056259, 127.5379912531294195 ) ) ;
#1837 = EDGE_CURVE ( 'NONE', #502, #685, #357, .T. ) ;
#1838 = ORIENTED_EDGE ( 'NONE', *, *, #3087, .T. ) ;
#1839 = VERTEX_POINT ( 'NONE', #2938 ) ;
#1840 = CARTESIAN_POINT ( 'NONE',  ( -21.49992093543576743, 0.000000000000000000, 92.30896381146081353 ) ) ;
#1841 = CARTESIAN_POINT ( 'NONE',  ( -11.29221819550301475, 3.000000000000000000, 123.2113984722240616 ) ) ;
#1842 = ADVANCED_FACE ( 'NONE', ( #43 ), #621, .T. ) ;
#1843 = ORIENTED_EDGE ( 'NONE', *, *, #3999, .T. ) ;
#1844 = DIRECTION ( 'NONE',  ( -0.01230358619205990274, 0.000000000000000000, -0.9999243080187691923 ) ) ;
#1845 = ORIENTED_EDGE ( 'NONE', *, *, #274, .T. ) ;
#1846 = CONICAL_SURFACE ( 'NONE', #4087, 3.500972268307151580, 1.124694951828026701 ) ;
#1847 = DIRECTION ( 'NONE',  ( -0.01230358619206025315, 0.000000000000000000, -0.9999243080187693034 ) ) ;
#1848 = FACE_OUTER_BOUND ( 'NONE', #1925, .T. ) ;
#1849 = AXIS2_PLACEMENT_3D ( 'NONE', #3235, #1605, #77 ) ;
#1850 = ORIENTED_EDGE ( 'NONE', *, *, #3146, .F. ) ;
#1851 = CARTESIAN_POINT ( 'NONE',  ( 3.672175347315222105, -1.018367057383394503, 126.9175888133156036 ) ) ;
#1852 = DIRECTION ( 'NONE',  ( -1.224646799147353947E-16, 0.000000000000000000, -1.000000000000000000 ) ) ;
#1853 = DIRECTION ( 'NONE',  ( -0.6156614753256504091, 0.000000000000000000, -0.7880107536067281204 ) ) ;
#1854 = ORIENTED_EDGE ( 'NONE', *, *, #3960, .T. ) ;
#1855 = CARTESIAN_POINT ( 'NONE',  ( 75.41326158604557861, 0.000000000000000000, 137.7587947162958812 ) ) ;
#1856 = CARTESIAN_POINT ( 'NONE',  ( -3.289062695717905438, -1.142100721824769849, 126.2241407697521112 ) ) ;
#1857 = EDGE_LOOP ( 'NONE', ( #3154, #2650, #1810, #3547, #2367, #3535 ) ) ;
#1858 = EDGE_LOOP ( 'NONE', ( #3784, #546, #2940, #3425 ) ) ;
#1859 = CARTESIAN_POINT ( 'NONE',  ( -127.5537349956335191, 1.979935537922542288, 129.4648233085798665 ) ) ;
#1860 = CARTESIAN_POINT ( 'NONE',  ( 28.29850750463186415, 3.000000000000000000, 122.0133427909590438 ) ) ;
#1861 = UNCERTAINTY_MEASURE_WITH_UNIT (LENGTH_MEASURE( 1.000000000000000082E-05 ), #982, 'distance_accuracy_value', 'NONE');
#1862 = AXIS2_PLACEMENT_3D ( 'NONE', #4016, #1701, #2744 ) ;
#1863 = ORIENTED_EDGE ( 'NONE', *, *, #2111, .T. ) ;
#1864 = DIRECTION ( 'NONE',  ( 0.000000000000000000, 0.000000000000000000, 1.000000000000000000 ) ) ;
#1865 = ORIENTED_EDGE ( 'NONE', *, *, #1889, .F. ) ;
#1866 = ORIENTED_EDGE ( 'NONE', *, *, #3379, .T. ) ;
#1867 = PLANE ( 'NONE',  #3794 ) ;
#1868 = ADVANCED_FACE ( 'NONE', ( #3220 ), #1903, .T. ) ;
#1869 = ORIENTED_EDGE ( 'NONE', *, *, #3449, .F. ) ;
#1870 = CARTESIAN_POINT ( 'NONE',  ( 2.993872308654994541, -0.1529537327238921773, 131.1574068157637214 ) ) ;
#1871 = CARTESIAN_POINT ( 'NONE',  ( 124.8375808934546569, 0.4506449216101909849, 144.3928311865392971 ) ) ;
#1872 = AXIS2_PLACEMENT_3D ( 'NONE', #2376, #3670, #3249 ) ;
#1873 = CARTESIAN_POINT ( 'NONE',  ( 11.18996471563042583, 7.429320160109622838E-16, 134.9122860911732573 ) ) ;
#1874 = ORIENTED_EDGE ( 'NONE', *, *, #1099, .T. ) ;
#1875 = CARTESIAN_POINT ( 'NONE',  ( 128.9606803236352732, 2.608366254045692667, 136.5624472643206957 ) ) ;
#1876 = AXIS2_PLACEMENT_3D ( 'NONE', #4051, #3754, #213 ) ;
#1877 = CARTESIAN_POINT ( 'NONE',  ( 0.3514958534972444926, 0.000000000000000000, 124.5201971287456786 ) ) ;
#1878 = ORIENTED_EDGE ( 'NONE', *, *, #805, .F. ) ;
#1879 = ORIENTED_EDGE ( 'NONE', *, *, #2895, .F. ) ;
#1880 = CARTESIAN_POINT ( 'NONE',  ( 128.8178630225503412, 1.157228763989414322, 140.6720724791308612 ) ) ;
#1881 = DIRECTION ( 'NONE',  ( -0.6156614753256589578, 0.000000000000000000, -0.7880107536067214591 ) ) ;
#1882 = VECTOR ( 'NONE', #3335, 1000.000000000000114 ) ;
#1883 = EDGE_CURVE ( 'NONE', #2106, #253, #397, .T. ) ;
#1884 = AXIS2_PLACEMENT_3D ( 'NONE', #868, #2818, #2114 ) ;
#1885 = CARTESIAN_POINT ( 'NONE',  ( 0.3514958534971828197, 3.000000000000000000, 124.5201971287456217 ) ) ;
#1886 = DIRECTION ( 'NONE',  ( 0.02462468796396178466, 0.000000000000000000, -0.9996967663960296679 ) ) ;
#1887 = VECTOR ( 'NONE', #487, 1000.000000000000114 ) ;
#1888 = ADVANCED_FACE ( 'NONE', ( #1662 ), #1788, .T. ) ;
#1889 = EDGE_CURVE ( 'NONE', #885, #2209, #301, .T. ) ;
#1890 = ORIENTED_EDGE ( 'NONE', *, *, #1914, .F. ) ;
#1891 = DIRECTION ( 'NONE',  ( 0.01230358619206028091, 0.000000000000000000, 0.9999243080187693034 ) ) ;
#1892 = TOROIDAL_SURFACE ( 'NONE', #1283, -5.048377722264533851, 14.81030521360773555 ) ;
#1893 = ORIENTED_EDGE ( 'NONE', *, *, #3790, .T. ) ;
#1894 = CARTESIAN_POINT ( 'NONE',  ( 4.000743680695124205, -2.212949640160830622, 128.3765814451192000 ) ) ;
#1895 = VECTOR ( 'NONE', #1549, 1000.000000000000114 ) ;
#1896 = DIRECTION ( 'NONE',  ( 0.6156614753256591799, 0.000000000000000000, 0.7880107536067211260 ) ) ;
#1897 = CARTESIAN_POINT ( 'NONE',  ( 1.387778780781445676E-14, 3.000000000000000000, 121.2030233507792190 ) ) ;
#1898 = VERTEX_POINT ( 'NONE', #1682 ) ;
#1899 = DIRECTION ( 'NONE',  ( 0.000000000000000000, -1.000000000000000000, -0.000000000000000000 ) ) ;
#1900 = CARTESIAN_POINT ( 'NONE',  ( -3.131693727710108899, -0.5957210224148006272, 126.0159706262955410 ) ) ;
#1901 = EDGE_LOOP ( 'NONE', ( #2243, #2733, #714, #3837 ) ) ;
#1902 = ORIENTED_EDGE ( 'NONE', *, *, #4060, .F. ) ;
#1903 = CONICAL_SURFACE ( 'NONE', #2019, 3.752155603605012324, 0.03848173118449152441 ) ;
#1904 = CARTESIAN_POINT ( 'NONE',  ( 128.5925918083507042, 1.018901876480210467, 141.4747847368248586 ) ) ;
#1905 = CARTESIAN_POINT ( 'NONE',  ( -11.04068529726754377, 7.429320160109623824E-16, 134.3240228626652879 ) ) ;
#1906 = ADVANCED_FACE ( 'NONE', ( #200 ), #3189, .T. ) ;
#1907 = ADVANCED_FACE ( 'NONE', ( #755 ), #3382, .T. ) ;
#1908 = PLANE ( 'NONE',  #1096 ) ;
#1909 = CARTESIAN_POINT ( 'NONE',  ( 28.29850750463186415, 0.000000000000000000, 121.9635346225471437 ) ) ;
#1910 = ORIENTED_EDGE ( 'NONE', *, *, #756, .F. ) ;
#1911 = CARTESIAN_POINT ( 'NONE',  ( 2.141766347072745083E-14, 0.000000000000000000, 124.5047235328461710 ) ) ;
#1912 = VERTEX_POINT ( 'NONE', #2683 ) ;
#1913 = CARTESIAN_POINT ( 'NONE',  ( 3.797405997142078604, -1.511911832690158164, 127.2430980891829648 ) ) ;
#1914 = EDGE_CURVE ( 'NONE', #3799, #3753, #2586, .T. ) ;
#1915 = CARTESIAN_POINT ( 'NONE',  ( -42.71867598408452693, 0.3258824745975830162, 111.0601409502193206 ) ) ;
#1916 = ORIENTED_EDGE ( 'NONE', *, *, #337, .F. ) ;
#1917 = CARTESIAN_POINT ( 'NONE',  ( -75.33938752215362911, 0.000000000000000000, 116.3463417325795319 ) ) ;
#1918 = CARTESIAN_POINT ( 'NONE',  ( 42.71867598408456246, 0.3258824745975830162, 146.0440857978441613 ) ) ;
#1919 = VERTEX_POINT ( 'NONE', #3400 ) ;
#1920 = PLANE ( 'NONE',  #2907 ) ;
#1921 = AXIS2_PLACEMENT_3D ( 'NONE', #3007, #1103, #786 ) ;
#1922 = EDGE_CURVE ( 'NONE', #1337, #2000, #3604, .T. ) ;
#1923 = DIRECTION ( 'NONE',  ( -1.224646799147353947E-16, 0.000000000000000000, -1.000000000000000000 ) ) ;
#1924 = CARTESIAN_POINT ( 'NONE',  ( 15.32435095716585671, 0.000000000000000000, 107.7580527337903646 ) ) ;
#1925 = EDGE_LOOP ( 'NONE', ( #378, #2068, #934, #114 ) ) ;
#1926 = CARTESIAN_POINT ( 'NONE',  ( 23.14120380932828525, 0.000000000000000000, 128.6982723515571934 ) ) ;
#1927 = ADVANCED_FACE ( 'NONE', ( #2649 ), #4066, .T. ) ;
#1928 = ORIENTED_EDGE ( 'NONE', *, *, #2625, .T. ) ;
#1929 = DIRECTION ( 'NONE',  ( 0.9999243080187693034, 0.000000000000000000, -0.01230358619206012305 ) ) ;
#1930 = PERSON_AND_ORGANIZATION ( #2463, #3867 ) ;
#1931 = CARTESIAN_POINT ( 'NONE',  ( -124.8375808934546143, 0.4506449216101909849, 112.7113955615242133 ) ) ;
#1932 = ORIENTED_EDGE ( 'NONE', *, *, #4038, .F. ) ;
#1933 = ORIENTED_EDGE ( 'NONE', *, *, #2271, .T. ) ;
#1934 = PLANE ( 'NONE',  #4118 ) ;
#1935 = DIRECTION ( 'NONE',  ( 0.000000000000000000, 1.000000000000000000, -0.000000000000000000 ) ) ;
#1936 = EDGE_LOOP ( 'NONE', ( #2499, #1874, #4065, #2540 ) ) ;
#1937 = CIRCLE ( 'NONE', #1725, 3.752155603605012324 ) ;
#1938 = DIRECTION ( 'NONE',  ( 0.000000000000000000, -0.000000000000000000, 1.000000000000000000 ) ) ;
#1939 = EDGE_CURVE ( 'NONE', #297, #425, #477, .T. ) ;
#1940 = DIRECTION ( 'NONE',  ( 1.000000000000000000, 0.000000000000000000, 0.000000000000000000 ) ) ;
#1941 = DIRECTION ( 'NONE',  ( -0.1381612490552097672, 0.000000000000000000, -0.9904097481646191303 ) ) ;
#1942 = CIRCLE ( 'NONE', #113, 1.487478443580314114 ) ;
#1943 = ORIENTED_EDGE ( 'NONE', *, *, #3693, .T. ) ;
#1944 = DIRECTION ( 'NONE',  ( 0.000000000000000000, 8.847089727481720915E-15, 1.000000000000000000 ) ) ;
#1945 = EDGE_CURVE ( 'NONE', #98, #2533, #3315, .T. ) ;
#1946 = APPROVAL ( #2274, 'UNSPECIFIED' ) ;
#1947 = ORIENTED_EDGE ( 'NONE', *, *, #3361, .F. ) ;
#1948 = LINE ( 'NONE', #3626, #3773 ) ;
#1949 = TOROIDAL_SURFACE ( 'NONE', #3593, 4.324256966395759072, 2.708110989951153069 ) ;
#1950 = VECTOR ( 'NONE', #3663, 1000.000000000000000 ) ;
#1951 = DIRECTION ( 'NONE',  ( -0.01230358619206011611, 0.000000000000000000, -0.9999243080187693034 ) ) ;
#1952 = CARTESIAN_POINT ( 'NONE',  ( -43.16369351773448670, 0.2624720015856022437, 110.8816661798393994 ) ) ;
#1953 = VERTEX_POINT ( 'NONE', #3940 ) ;
#1954 = ORIENTED_EDGE ( 'NONE', *, *, #958, .T. ) ;
#1955 = FACE_OUTER_BOUND ( 'NONE', #988, .T. ) ;
#1956 = DIRECTION ( 'NONE',  ( -1.000000000000000000, 0.000000000000000000, 0.000000000000000000 ) ) ;
#1957 = VERTEX_POINT ( 'NONE', #500 ) ;
#1958 = DIRECTION ( 'NONE',  ( -0.01230358619205983335, 0.000000000000000000, -0.9999243080187693034 ) ) ;
#1959 = VECTOR ( 'NONE', #3808, 1000.000000000000341 ) ;
#1960 = DIRECTION ( 'NONE',  ( 0.9999243080187693034, 0.000000000000000000, -0.01230358619206012305 ) ) ;
#1961 = CARTESIAN_POINT ( 'NONE',  ( -8.246451028075268752, 0.000000000000000000, 125.2536160329667752 ) ) ;
#1962 = CARTESIAN_POINT ( 'NONE',  ( 2.099978841694317887E-14, 0.000000000000000000, 124.1605860889517459 ) ) ;
#1963 = VERTEX_POINT ( 'NONE', #839 ) ;
#1964 = CARTESIAN_POINT ( 'NONE',  ( 3.711885367247640181E-14, 0.000000000000000000, 215.3590809124808914 ) ) ;
#1965 = ORIENTED_EDGE ( 'NONE', *, *, #1604, .F. ) ;
#1966 = CARTESIAN_POINT ( 'NONE',  ( -75.33938752215362911, 0.000000000000000000, 116.3463417325795319 ) ) ;
#1967 = PERSON_AND_ORGANIZATION ( #2463, #3867 ) ;
#1968 = CARTESIAN_POINT ( 'NONE',  ( -127.9480680568904063, 0.7784167464710447515, 114.3097937889047273 ) ) ;
#1969 = ORIENTED_EDGE ( 'NONE', *, *, #494, .F. ) ;
#1970 = ORIENTED_EDGE ( 'NONE', *, *, #381, .T. ) ;
#1971 = DIRECTION ( 'NONE',  ( 0.9996967663960293349, 0.000000000000000000, 0.02462468796396471982 ) ) ;
#1972 = CARTESIAN_POINT ( 'NONE',  ( 2.237370412667354466E-14, 3.000000000000000000, 134.6052230597762787 ) ) ;
#1973 = CARTESIAN_POINT ( 'NONE',  ( 1.405681022971797324E-14, -6.066500288313496192, 114.7825662019847641 ) ) ;
#1974 = DIRECTION ( 'NONE',  ( -0.000000000000000000, -1.000000000000000000, 0.000000000000000000 ) ) ;
#1975 = EDGE_CURVE ( 'NONE', #4153, #2151, #3727, .T. ) ;
#1976 = VECTOR ( 'NONE', #1491, 1000.000000000000000 ) ;
#1977 = CARTESIAN_POINT ( 'NONE',  ( -28.29850750463182507, 1.567371092336705685, 135.0908839571044382 ) ) ;
#1978 = CARTESIAN_POINT ( 'NONE',  ( -9.305882207914693893, 5.295687452587209103E-16, 141.0249178178202669 ) ) ;
#1979 = CIRCLE ( 'NONE', #2468, 6.066500288313498856 ) ;
#1980 = ORIENTED_EDGE ( 'NONE', *, *, #459, .T. ) ;
#1981 = CARTESIAN_POINT ( 'NONE',  ( 2.092780475106851024E-14, 0.000000000000000000, 128.5047235328461852 ) ) ;
#1982 = ORIENTED_EDGE ( 'NONE', *, *, #334, .T. ) ;
#1983 = DATE_AND_TIME ( #702, #1826 ) ;
#1984 = CARTESIAN_POINT ( 'NONE',  ( -16.61758014681921836, 0.000000000000000000, 128.3256843546915604 ) ) ;
#1985 = ADVANCED_FACE ( 'NONE', ( #2449 ), #3423, .F. ) ;
#1986 = ORIENTED_EDGE ( 'NONE', *, *, #1816, .T. ) ;
#1987 = VERTEX_POINT ( 'NONE', #861 ) ;
#1988 = CYLINDRICAL_SURFACE ( 'NONE', #1872, 29.49856672401590885 ) ;
#1989 = CARTESIAN_POINT ( 'NONE',  ( 17.18925122003604855, 0.000000000000000000, 138.6496674178185913 ) ) ;
#1990 = CARTESIAN_POINT ( 'NONE',  ( -13.88156773654646514, 0.000000000000000000, 128.2920190419850144 ) ) ;
#1991 = CARTESIAN_POINT ( 'NONE',  ( 13.83732356703482047, 0.000000000000000000, 107.7214240412640862 ) ) ;
#1992 = DIRECTION ( 'NONE',  ( 1.000000000000000000, 0.000000000000000000, 0.000000000000000000 ) ) ;
#1993 = PLANE ( 'NONE',  #2976 ) ;
#1994 = ADVANCED_FACE ( 'NONE', ( #2015 ), #1993, .F. ) ;
#1995 = VERTEX_POINT ( 'NONE', #3317 ) ;
#1996 = CARTESIAN_POINT ( 'NONE',  ( -28.29850750463182507, 2.866742394924876258, 128.6792323673041665 ) ) ;
#1997 = CARTESIAN_POINT ( 'NONE',  ( 8.268077246489413668, 3.116255064327557686E-16, 131.4260869869196995 ) ) ;
#1998 = EDGE_CURVE ( 'NONE', #894, #3422, #1092, .T. ) ;
#1999 = VECTOR ( 'NONE', #2437, 1000.000000000000000 ) ;
#2000 = VERTEX_POINT ( 'NONE', #547 ) ;
#2001 = DIRECTION ( 'NONE',  ( -0.06106754923465120000, 0.000000000000000000, 0.9981336355571198693 ) ) ;
#2002 = AXIS2_PLACEMENT_3D ( 'NONE', #2591, #956, #3280 ) ;
#2003 = CARTESIAN_POINT ( 'NONE',  ( -8.205461457500925704, 0.000000000000000000, 130.7669852813006628 ) ) ;
#2004 = FACE_OUTER_BOUND ( 'NONE', #3814, .T. ) ;
#2005 = ORIENTED_EDGE ( 'NONE', *, *, #910, .T. ) ;
#2006 = CARTESIAN_POINT ( 'NONE',  ( 17.01376077737747039, 3.000000000000000000, 135.6398208064022128 ) ) ;
#2007 = FACE_OUTER_BOUND ( 'NONE', #1373, .T. ) ;
#2008 = TOROIDAL_SURFACE ( 'NONE', #462, 4.324256966395759072, 2.708110989951153069 ) ;
#2009 = CONICAL_SURFACE ( 'NONE', #2570, 2.745177567217123915, 0.07340946568293808816 ) ;
#2010 = CARTESIAN_POINT ( 'NONE',  ( 23.18736877920326123, 0.000000000000000000, 132.4501439470706714 ) ) ;
#2011 = CARTESIAN_POINT ( 'NONE',  ( 1.604619215278546562E-14, 3.000000000000000000, 124.2553657713229143 ) ) ;
#2012 = AXIS2_PLACEMENT_3D ( 'NONE', #1984, #446, #2691 ) ;
#2013 = AXIS2_PLACEMENT_3D ( 'NONE', #1230, #1815, #207 ) ;
#2014 = DIRECTION ( 'NONE',  ( 0.6156614753256591799, 0.000000000000000000, 0.7880107536067211260 ) ) ;
#2015 = FACE_OUTER_BOUND ( 'NONE', #2880, .T. ) ;
#2016 = APPROVAL_PERSON_ORGANIZATION ( #1930, #2507, #1631 ) ;
#2017 = ORIENTED_EDGE ( 'NONE', *, *, #3840, .T. ) ;
#2018 = CARTESIAN_POINT ( 'NONE',  ( -128.9606803236352448, 2.608366254045692667, 120.5417794837427863 ) ) ;
#2019 = AXIS2_PLACEMENT_3D ( 'NONE', #316, #1606, #2898 ) ;
#2020 = FACE_OUTER_BOUND ( 'NONE', #223, .T. ) ;
#2021 = ORIENTED_EDGE ( 'NONE', *, *, #1689, .T. ) ;
#2022 = CARTESIAN_POINT ( 'NONE',  ( -44.30380905979443895, 0.2231119695520408786, 110.7738577220418392 ) ) ;
#2023 = CARTESIAN_POINT ( 'NONE',  ( 124.9362866678300605, 2.442770078035144010, 125.4138835705709312 ) ) ;
#2024 = CARTESIAN_POINT ( 'NONE',  ( -2.199302045677577588, 0.000000000000000000, 118.4660899111570416 ) ) ;
#2025 = ORIENTED_EDGE ( 'NONE', *, *, #3293, .F. ) ;
#2026 = CARTESIAN_POINT ( 'NONE',  ( 3.818703899065326368, 2.135255800054893349, 129.7034145834415995 ) ) ;
#2027 = CARTESIAN_POINT ( 'NONE',  ( 10.86143353460139060, 0.000000000000000000, 125.7100285761276126 ) ) ;
#2028 = ADVANCED_FACE ( 'NONE', ( #610 ), #4113, .T. ) ;
#2029 = DIRECTION ( 'NONE',  ( -0.01230358619206025315, 0.000000000000000000, -0.9999243080187693034 ) ) ;
#2030 = CARTESIAN_POINT ( 'NONE',  ( -0.3274479398670888108, 0.000000000000000000, 132.6048549806988888 ) ) ;
#2031 = LINE ( 'NONE', #55, #531 ) ;
#2032 = CONICAL_SURFACE ( 'NONE', #1581, 3.500972268307151580, 1.124694951828026701 ) ;
#2033 = B_SPLINE_CURVE_WITH_KNOTS ( 'NONE', 3,
 ( #647, #13, #3911, #1968, #3210, #2539, #2212, #3192, #2867, #3227, #1002, #3875, #4171, #3508, #3550, #1931 ),
 .UNSPECIFIED., .F., .F.,
 ( 4, 2, 2, 2, 2, 2, 2, 4 ),
 ( 0.000000000000000000, 0.001275526434476401821, 0.001913289651714625500, 0.002551052868952849179, 0.003188816086191072641, 0.003826579303429296103, 0.004464342520667519999, 0.005102105737905743461 ),
 .UNSPECIFIED. ) ;
#2034 = DIRECTION ( 'NONE',  ( 0.000000000000000000, -1.000000000000000000, -0.000000000000000000 ) ) ;
#2035 = VECTOR ( 'NONE', #1623, 1000.000000000000000 ) ;
#2036 = CARTESIAN_POINT ( 'NONE',  ( -8.236769351995151922, 0.000000000000000000, 128.2225625212222155 ) ) ;
#2037 = EDGE_LOOP ( 'NONE', ( #3846, #2501, #1100, #30 ) ) ;
#2038 = DIRECTION ( 'NONE',  ( -0.000000000000000000, 1.000000000000000000, 0.000000000000000000 ) ) ;
#2039 = EDGE_CURVE ( 'NONE', #3555, #2257, #1419, .T. ) ;
#2040 = B_SPLINE_CURVE_WITH_KNOTS ( 'NONE', 3,
 ( #911, #3842, #3734, #3863 ),
 .UNSPECIFIED., .F., .F.,
 ( 4, 4 ),
 ( 0.1795730530931833602, 0.2190138761537028800 ),
 .UNSPECIFIED. ) ;
#2041 = DIRECTION ( 'NONE',  ( 0.9996967663960294459, 0.000000000000000000, 0.02462468796396347429 ) ) ;
#2042 = CIRCLE ( 'NONE', #36, 8.204853208282559152 ) ;
#2043 = ORIENTED_EDGE ( 'NONE', *, *, #2340, .T. ) ;
#2044 = DIRECTION ( 'NONE',  ( -0.01230358619205992356, 0.000000000000000000, -0.9999243080187693034 ) ) ;
#2045 = CARTESIAN_POINT ( 'NONE',  ( -12.35029617690374693, 1.821635714731315836E-16, 149.4194313993257026 ) ) ;
#2046 = CARTESIAN_POINT ( 'NONE',  ( -10.90005575648327607, 0.000000000000000000, 128.2553329755145910 ) ) ;
#2047 = ORIENTED_EDGE ( 'NONE', *, *, #4022, .T. ) ;
#2048 = CARTESIAN_POINT ( 'NONE',  ( 1.441397174384596580, 3.000000000000000000, 132.2359933147938875 ) ) ;
#2049 = AXIS2_PLACEMENT_3D ( 'NONE', #928, #2157, #594 ) ;
#2050 = CARTESIAN_POINT ( 'NONE',  ( 21.49992093543580296, 0.000000000000000000, 164.7952629366026827 ) ) ;
#2051 = ADVANCED_FACE ( 'NONE', ( #2195 ), #1685, .T. ) ;
#2052 = CYLINDRICAL_SURFACE ( 'NONE', #3580, 8.204853208282557375 ) ;
#2053 = CARTESIAN_POINT ( 'NONE',  ( -28.29850750463182507, 3.000000000000000000, 117.9205482819357655 ) ) ;
#2054 = CARTESIAN_POINT ( 'NONE',  ( -29.82524616395164685, 1.573693223427729215, 135.0358126186455365 ) ) ;
#2055 = EDGE_CURVE ( 'NONE', #3707, #1217, #3531, .T. ) ;
#2056 = ORIENTED_EDGE ( 'NONE', *, *, #3402, .F. ) ;
#2057 = DIRECTION ( 'NONE',  ( 0.6156614753256591799, 0.000000000000000000, 0.7880107536067213481 ) ) ;
#2058 = ADVANCED_FACE ( 'NONE', ( #2217 ), #3329, .T. ) ;
#2059 = VECTOR ( 'NONE', #3653, 1000.000000000000000 ) ;
#2060 = ORIENTED_EDGE ( 'NONE', *, *, #2196, .T. ) ;
#2061 = CARTESIAN_POINT ( 'NONE',  ( 24.03250381854550710, 0.000000000000000000, 121.4472630397739863 ) ) ;
#2062 = DIRECTION ( 'NONE',  ( 0.9996967663960294459, 0.000000000000000000, 0.02462468796396072995 ) ) ;
#2063 = ORIENTED_EDGE ( 'NONE', *, *, #2995, .T. ) ;
#2064 = CARTESIAN_POINT ( 'NONE',  ( -3.663208146542002996, 1.150090985664932841, 130.1136349031093289 ) ) ;
#2065 = EDGE_CURVE ( 'NONE', #2078, #1016, #633, .T. ) ;
#2066 = FACE_OUTER_BOUND ( 'NONE', #163, .T. ) ;
#2067 = CARTESIAN_POINT ( 'NONE',  ( -19.25303265067945802, 0.000000000000000000, 148.4784658717986190 ) ) ;
#2068 = ORIENTED_EDGE ( 'NONE', *, *, #3728, .T. ) ;
#2069 = CARTESIAN_POINT ( 'NONE',  ( 29.10880820221330012, 0.000000000000000000, 99.54943624192311802 ) ) ;
#2071 = EDGE_CURVE ( 'NONE', #2832, #3633, #4018, .T. ) ;
#2070 = DIRECTION ( 'NONE',  ( -0.9999243080187693034, 0.000000000000000000, 0.01230358619206012305 ) ) ;
#2072 = CONICAL_SURFACE ( 'NONE', #1404, 2.968840882149699656, 1.507594121024852019 ) ;
#2073 = AXIS2_PLACEMENT_3D ( 'NONE', #1215, #1886, #3184 ) ;
#2074 = DIRECTION ( 'NONE',  ( -0.9999243080187693034, 0.000000000000000000, 0.01230358619206012305 ) ) ;
#2075 = ADVANCED_FACE ( 'NONE', ( #266 ), #3812, .T. ) ;
#2076 = CARTESIAN_POINT ( 'NONE',  ( 21.96203248489293713, 3.000000000000000000, 123.6214990750909806 ) ) ;
#2077 = DIRECTION ( 'NONE',  ( 0.01230358619206028091, 0.000000000000000000, 0.9999243080187693034 ) ) ;
#2078 = VERTEX_POINT ( 'NONE', #590 ) ;
#2079 = VECTOR ( 'NONE', #280, 1000.000000000000000 ) ;
#2080 = ORIENTED_EDGE ( 'NONE', *, *, #2402, .T. ) ;
#2081 = CIRCLE ( 'NONE', #3791, 68.55729232287751529 ) ;
#2082 = CIRCLE ( 'NONE', #1821, 3.139102801331551174 ) ;
#2083 = ORIENTED_EDGE ( 'NONE', *, *, #1099, .F. ) ;
#2084 = CYLINDRICAL_SURFACE ( 'NONE', #2265, 68.55729232287750108 ) ;
#2085 = CARTESIAN_POINT ( 'NONE',  ( -129.0828898702419565, 1.504198169044332678, 118.8802741001220085 ) ) ;
#2086 = EDGE_CURVE ( 'NONE', #1217, #2219, #2957, .T. ) ;
#2087 = VECTOR ( 'NONE', #352, 1000.000000000000000 ) ;
#2088 = ORIENTED_EDGE ( 'NONE', *, *, #1441, .F. ) ;
#2089 = DIRECTION ( 'NONE',  ( 0.9981336355571196473, 8.981994390129940687E-18, 0.06106754923465419066 ) ) ;
#2090 = ORIENTED_EDGE ( 'NONE', *, *, #2553, .T. ) ;
#2091 = CYLINDRICAL_SURFACE ( 'NONE', #4046, 62.19039892000448333 ) ;
#2092 = AXIS2_PLACEMENT_3D ( 'NONE', #2628, #2611, #3864 ) ;
#2093 = DIRECTION ( 'NONE',  ( 1.224646799147353947E-16, 0.000000000000000000, 1.000000000000000000 ) ) ;
#2094 = CARTESIAN_POINT ( 'NONE',  ( 3.563831863968799585, 9.645261661374725578E-16, 126.6883803809718216 ) ) ;
#2095 = B_SPLINE_CURVE_WITH_KNOTS ( 'NONE', 3,
 ( #1669, #3688, #2023, #3048, #3006, #2373, #1420, #1439, #2966, #785, #3304, #1360 ),
 .UNSPECIFIED., .F., .F.,
 ( 4, 2, 2, 2, 2, 4 ),
 ( 0.000000000000000000, 0.001308940045762701111, 0.002617880091525364057, 0.003926820137288026570, 0.004581290160169337010, 0.005235760183050646582 ),
 .UNSPECIFIED. ) ;
#2096 = VERTEX_POINT ( 'NONE', #630 ) ;
#2097 = DIRECTION ( 'NONE',  ( -1.224646799147353947E-16, 0.000000000000000000, -1.000000000000000000 ) ) ;
#2098 = DIRECTION ( 'NONE',  ( 0.01230358619205990274, 0.000000000000000000, 0.9999243080187691923 ) ) ;
#2099 = EDGE_CURVE ( 'NONE', #3208, #600, #1039, .T. ) ;
#2100 = LINE ( 'NONE', #4059, #872 ) ;
#2101 = ORIENTED_EDGE ( 'NONE', *, *, #3697, .T. ) ;
#2102 = CARTESIAN_POINT ( 'NONE',  ( -0.4896729104812940214, 0.000000000000000000, 132.4746379451150062 ) ) ;
#2103 = DIRECTION ( 'NONE',  ( 0.000000000000000000, 1.000000000000000000, 0.000000000000000000 ) ) ;
#2104 = APPROVAL_DATE_TIME ( #1473, #319 ) ;
#2105 = CARTESIAN_POINT ( 'NONE',  ( -0.4896729104811142208, 3.000000000000000000, 132.4746379451150915 ) ) ;
#2106 = VERTEX_POINT ( 'NONE', #4155 ) ;
#2107 = ORIENTED_EDGE ( 'NONE', *, *, #2260, .T. ) ;
#2108 = EDGE_LOOP ( 'NONE', ( #483, #1878, #447, #2047 ) ) ;
#2109 = CARTESIAN_POINT ( 'NONE',  ( -13.57092751158136146, 0.000000000000000000, 138.5678321533781627 ) ) ;
#2110 = DIRECTION ( 'NONE',  ( 0.000000000000000000, 1.000000000000000000, 0.000000000000000000 ) ) ;
#2111 = EDGE_CURVE ( 'NONE', #757, #885, #842, .T. ) ;
#2112 = ORIENTED_EDGE ( 'NONE', *, *, #2152, .F. ) ;
#2113 = AXIS2_PLACEMENT_3D ( 'NONE', #724, #2913, #1758 ) ;
#2114 = DIRECTION ( 'NONE',  ( 0.6156614753256598460, 0.000000000000000000, 0.7880107536067206819 ) ) ;
#2115 = ORIENTED_EDGE ( 'NONE', *, *, #953, .T. ) ;
#2116 = LINE ( 'NONE', #4001, #1999 ) ;
#2117 = DIRECTION ( 'NONE',  ( -0.9999243080187693034, 0.000000000000000000, 0.01230358619206012305 ) ) ;
#2118 = CARTESIAN_POINT ( 'NONE',  ( 16.86096500118826214, 0.000000000000000000, 118.6174353155265067 ) ) ;
#2119 = EDGE_CURVE ( 'NONE', #2545, #2298, #2300, .T. ) ;
#2120 = FACE_OUTER_BOUND ( 'NONE', #2037, .T. ) ;
#2121 = FACE_OUTER_BOUND ( 'NONE', #3539, .T. ) ;
#2122 = CARTESIAN_POINT ( 'NONE',  ( -128.3040144472909390, 1.492497595910353247, 114.8432435766047206 ) ) ;
#2123 = ADVANCED_FACE ( 'NONE', ( #1302 ), #54, .F. ) ;
#2124 = DIRECTION ( 'NONE',  ( 0.6156614753256592909, 0.000000000000000000, 0.7880107536067211260 ) ) ;
#2125 = DIRECTION ( 'NONE',  ( 0.08560844798237636499, 1.221348500772578461E-16, 0.9963288581758779072 ) ) ;
#2126 = VECTOR ( 'NONE', #1298, 1000.000000000000000 ) ;
#2127 = FACE_OUTER_BOUND ( 'NONE', #588, .T. ) ;
#2128 = ORIENTED_EDGE ( 'NONE', *, *, #3819, .T. ) ;
#2129 = DIRECTION ( 'NONE',  ( 0.000000000000000000, 4.453375001072438169E-15, 1.000000000000000000 ) ) ;
#2130 = ORIENTED_EDGE ( 'NONE', *, *, #2979, .T. ) ;
#2131 = ORIENTED_EDGE ( 'NONE', *, *, #2324, .F. ) ;
#2132 = CARTESIAN_POINT ( 'NONE',  ( -127.8711769300759329, 2.006199079044285405, 128.3518911396410545 ) ) ;
#2133 = CARTESIAN_POINT ( 'NONE',  ( -44.20760209991440348, 3.000000000000000000, 114.7727005822791142 ) ) ;
#2134 = ADVANCED_FACE ( 'NONE', ( #2007 ), #3135, .F. ) ;
#2135 = ORIENTED_EDGE ( 'NONE', *, *, #130, .F. ) ;
#2136 = CARTESIAN_POINT ( 'NONE',  ( -28.29850750463182507, -58.90928934414226603, 121.5121115783775139 ) ) ;
#2137 = EDGE_CURVE ( 'NONE', #665, #2524, #1657, .T. ) ;
#2138 = ADVANCED_FACE ( 'NONE', ( #1006 ), #17, .T. ) ;
#2139 = ORIENTED_EDGE ( 'NONE', *, *, #2137, .T. ) ;
#2140 = CARTESIAN_POINT ( 'NONE',  ( -3.515886773465370041, 0.1506277693166341858, 130.4122193247605992 ) ) ;
#2141 = AXIS2_PLACEMENT_3D ( 'NONE', #3005, #1338, #3930 ) ;
#2142 = DIRECTION ( 'NONE',  ( 0.9999243080187693034, 0.000000000000000000, -0.01230358619206012305 ) ) ;
#2143 = DIRECTION ( 'NONE',  ( -0.9999243080187693034, -0.000000000000000000, 0.01230358619206012305 ) ) ;
#2144 = ADVANCED_FACE ( 'NONE', ( #1065 ), #1617, .T. ) ;
#2145 = FACE_OUTER_BOUND ( 'NONE', #2883, .T. ) ;
#2146 = CARTESIAN_POINT ( 'NONE',  ( 13.63017942147721762, 0.000000000000000000, 125.8794252578361892 ) ) ;
#2147 = CARTESIAN_POINT ( 'NONE',  ( -0.4896729104811436417, 3.000000000000000000, 132.4746379451151483 ) ) ;
#2148 = DIRECTION ( 'NONE',  ( 0.000000000000000000, -1.000000000000000000, -0.000000000000000000 ) ) ;
#2149 = VERTEX_POINT ( 'NONE', #3572 ) ;
#2150 = LINE ( 'NONE', #1855, #412 ) ;
#2151 = VERTEX_POINT ( 'NONE', #1989 ) ;
#2152 = EDGE_CURVE ( 'NONE', #1782, #3562, #2280, .T. ) ;
#2153 = CARTESIAN_POINT ( 'NONE',  ( 73.50179913290163825, 0.000000000000000000, 215.3590809124808914 ) ) ;
#2154 = ORIENTED_EDGE ( 'NONE', *, *, #2833, .F. ) ;
#2155 = VECTOR ( 'NONE', #3067, 1000.000000000000000 ) ;
#2156 = ORIENTED_EDGE ( 'NONE', *, *, #173, .F. ) ;
#2157 = DIRECTION ( 'NONE',  ( -1.506754744814000181E-18, 1.000000000000000000, -1.224554103204818031E-16 ) ) ;
#2158 = CARTESIAN_POINT ( 'NONE',  ( 21.96203248489293713, 0.000000000000000000, 123.6214990750909806 ) ) ;
#2159 = AXIS2_PLACEMENT_3D ( 'NONE', #4085, #2191, #1852 ) ;
#2160 = CIRCLE ( 'NONE', #2698, 22.47851606900064425 ) ;
#2161 = EDGE_LOOP ( 'NONE', ( #149, #1020, #1585, #1932, #38, #3745 ) ) ;
#2162 = CARTESIAN_POINT ( 'NONE',  ( -127.8711769300759329, 2.006199079044285405, 128.3518911396410545 ) ) ;
#2163 = EDGE_LOOP ( 'NONE', ( #499, #2771 ) ) ;
#2164 = CARTESIAN_POINT ( 'NONE',  ( -16.57450563276008992, 0.000000000000000000, 131.8263916274714518 ) ) ;
#2165 = DIRECTION ( 'NONE',  ( 0.000000000000000000, -1.000000000000000000, 0.000000000000000000 ) ) ;
#2166 = VECTOR ( 'NONE', #177, 1000.000000000000000 ) ;
#2167 = DIRECTION ( 'NONE',  ( 0.01230358619205992356, 0.000000000000000000, 0.9999243080187693034 ) ) ;
#2168 = CIRCLE ( 'NONE', #204, 8.204853208282559152 ) ;
#2169 = VERTEX_POINT ( 'NONE', #1047 ) ;
#2170 = DIRECTION ( 'NONE',  ( -0.9996967663960294459, 0.000000000000000000, -0.02462468796396328347 ) ) ;
#2171 = CARTESIAN_POINT ( 'NONE',  ( 21.49992093543580296, 3.000000000000000000, 164.7952629366026827 ) ) ;
#2172 = FACE_OUTER_BOUND ( 'NONE', #1223, .T. ) ;
#2173 = ORIENTED_EDGE ( 'NONE', *, *, #591, .F. ) ;
#2174 = DIRECTION ( 'NONE',  ( -0.9996967663960293349, 0.000000000000000000, -0.02462468796396471982 ) ) ;
#2175 = DIRECTION ( 'NONE',  ( -0.000000000000000000, -1.000000000000000000, -0.000000000000000000 ) ) ;
#2176 = VERTEX_POINT ( 'NONE', #688 ) ;
#2177 = ORIENTED_EDGE ( 'NONE', *, *, #2899, .F. ) ;
#2178 = LINE ( 'NONE', #3452, #3410 ) ;
#2179 = CARTESIAN_POINT ( 'NONE',  ( -128.9606803236352448, 1.683562034957478248, 120.5417794837427863 ) ) ;
#2180 = EDGE_CURVE ( 'NONE', #2219, #3562, #2338, .T. ) ;
#2181 = ORIENTED_EDGE ( 'NONE', *, *, #3105, .T. ) ;
#2182 = DIRECTION ( 'NONE',  ( 0.000000000000000000, 1.000000000000000000, 0.000000000000000000 ) ) ;
#2183 = EDGE_LOOP ( 'NONE', ( #3856, #1167, #2983, #3071 ) ) ;
#2184 = CIRCLE ( 'NONE', #1241, 2.968840882149699656 ) ;
#2185 = EDGE_LOOP ( 'NONE', ( #1442, #442, #3261, #4139, #3306 ) ) ;
#2186 = CARTESIAN_POINT ( 'NONE',  ( 1.136304144762521506, 3.000000000000000000, 128.2969131678666201 ) ) ;
#2187 = TOROIDAL_SURFACE ( 'NONE', #1641, 5.436335871037394796, 4.023363924561850880 ) ;
#2188 = CC_DESIGN_PERSON_AND_ORGANIZATION_ASSIGNMENT ( #1967, #2866, ( #4069 ) ) ;
#2189 = ORIENTED_EDGE ( 'NONE', *, *, #4075, .F. ) ;
#2190 = DIRECTION ( 'NONE',  ( 0.000000000000000000, 1.000000000000000000, 0.000000000000000000 ) ) ;
#2191 = DIRECTION ( 'NONE',  ( 1.000000000000000000, 0.000000000000000000, -1.224646799147353947E-16 ) ) ;
#2192 = DIRECTION ( 'NONE',  ( 0.000000000000000000, 0.000000000000000000, 1.000000000000000000 ) ) ;
#2193 = VERTEX_POINT ( 'NONE', #1695 ) ;
#2194 = CARTESIAN_POINT ( 'NONE',  ( 127.5367913978063825, 1.216946445718801284, 143.2627295255541640 ) ) ;
#2195 = FACE_OUTER_BOUND ( 'NONE', #902, .T. ) ;
#2196 = EDGE_CURVE ( 'NONE', #3186, #2765, #1432, .T. ) ;
#2197 = VERTEX_POINT ( 'NONE', #1673 ) ;
#2198 = AXIS2_PLACEMENT_3D ( 'NONE', #2519, #1499, #2739 ) ;
#2199 = VERTEX_POINT ( 'NONE', #2678 ) ;
#2200 = CARTESIAN_POINT ( 'NONE',  ( 129.0647636703225487, 1.601197271465814032, 137.3974104466354618 ) ) ;
#2201 = CARTESIAN_POINT ( 'NONE',  ( 116.5853683369083171, 3.000000000000000000, 138.1051067673507760 ) ) ;
#2202 = ADVANCED_FACE ( 'NONE', ( #1322 ), #1639, .T. ) ;
#2203 = CIRCLE ( 'NONE', #643, 183.7774700275770385 ) ;
#2204 = EDGE_CURVE ( 'NONE', #704, #1429, #2184, .T. ) ;
#2205 = CARTESIAN_POINT ( 'NONE',  ( 16.55071000268219805, 0.000000000000000000, 118.6097930656120383 ) ) ;
#2206 = DIRECTION ( 'NONE',  ( 0.9999243080187693034, 0.000000000000000000, -0.01230358619206012305 ) ) ;
#2207 = ORIENTED_EDGE ( 'NONE', *, *, #2857, .T. ) ;
#2208 = CARTESIAN_POINT ( 'NONE',  ( -13.88156773654646514, 0.000000000000000000, 128.2920190419850144 ) ) ;
#2209 = VERTEX_POINT ( 'NONE', #2991 ) ;
#2210 = CARTESIAN_POINT ( 'NONE',  ( 3.860006287767311584, -2.183219466078165194, 129.5639836691488824 ) ) ;
#2211 = DIRECTION ( 'NONE',  ( 0.000000000000000000, 1.000000000000000000, 0.000000000000000000 ) ) ;
#2212 = CARTESIAN_POINT ( 'NONE',  ( -127.3744617319988777, 0.6563394554929959934, 113.6916340326405361 ) ) ;
#2213 = ADVANCED_FACE ( 'NONE', ( #2660 ), #696, .F. ) ;
#2214 = ORIENTED_EDGE ( 'NONE', *, *, #2575, .F. ) ;
#2215 = CARTESIAN_POINT ( 'NONE',  ( 128.9391430405127608, 2.053957625884273774, 139.8607998977127522 ) ) ;
#2216 = CONICAL_SURFACE ( 'NONE', #2623, 3.139102801331551174, 0.06320220577004587170 ) ;
#2217 = FACE_OUTER_BOUND ( 'NONE', #1546, .T. ) ;
#2218 = ADVANCED_FACE ( 'NONE', ( #3632 ), #2531, .T. ) ;
#2219 = VERTEX_POINT ( 'NONE', #2398 ) ;
#2220 = ORIENTED_EDGE ( 'NONE', *, *, #4179, .T. ) ;
#2221 = CARTESIAN_POINT ( 'NONE',  ( -127.3356373388192253, 1.965511906460016167, 129.8767837204392492 ) ) ;
#2222 = DIRECTION ( 'NONE',  ( 0.01230358619205990274, 0.000000000000000000, 0.9999243080187691923 ) ) ;
#2223 = AXIS2_PLACEMENT_3D ( 'NONE', #3045, #2982, #1375 ) ;
#2224 = CARTESIAN_POINT ( 'NONE',  ( 128.9606803236352732, 3.000000000000000000, 136.5624472643206957 ) ) ;
#2225 = DIRECTION ( 'NONE',  ( 0.003879645678965266097, 0.000000000000000000, 0.9999924741463834810 ) ) ;
#2226 = AXIS2_PLACEMENT_3D ( 'NONE', #916, #601, #1891 ) ;
#2227 = ADVANCED_FACE ( 'NONE', ( #1780 ), #3988, .T. ) ;
#2228 = ORIENTED_EDGE ( 'NONE', *, *, #2899, .T. ) ;
#2229 = CARTESIAN_POINT ( 'NONE',  ( -28.29850750463182507, 0.000000000000000000, 135.0908839571044382 ) ) ;
#2230 = AXIS2_PLACEMENT_3D ( 'NONE', #87, #3364, #139 ) ;
#2231 = ORIENTED_EDGE ( 'NONE', *, *, #3941, .T. ) ;
#2232 = CARTESIAN_POINT ( 'NONE',  ( -13.83732356703478317, 0.000000000000000000, 149.3828027067993958 ) ) ;
#2233 = AXIS2_PLACEMENT_3D ( 'NONE', #1056, #2370, #1119 ) ;
#2234 = PERSON_AND_ORGANIZATION ( #2463, #3867 ) ;
#2235 = DIRECTION ( 'NONE',  ( -0.6156614753256591799, 0.000000000000000000, -0.7880107536067213481 ) ) ;
#2236 = ORIENTED_EDGE ( 'NONE', *, *, #2099, .T. ) ;
#2237 = CARTESIAN_POINT ( 'NONE',  ( 128.3040144472909958, 1.492497595910345698, 142.2609831714587472 ) ) ;
#2238 = VECTOR ( 'NONE', #673, 1000.000000000000000 ) ;
#2239 = CARTESIAN_POINT ( 'NONE',  ( -3.996057334194957900, -2.210456336353091800, 128.7358446658159608 ) ) ;
#2240 = ADVANCED_FACE ( 'NONE', ( #145 ), #1846, .T. ) ;
#2241 = ORIENTED_EDGE ( 'NONE', *, *, #2692, .F. ) ;
#2242 = AXIS2_PLACEMENT_3D ( 'NONE', #545, #4112, #3721 ) ;
#2243 = ORIENTED_EDGE ( 'NONE', *, *, #3880, .F. ) ;
#2244 = AXIS2_PLACEMENT_3D ( 'NONE', #2852, #3834, #2497 ) ;
#2245 = EDGE_CURVE ( 'NONE', #465, #2371, #491, .T. ) ;
#2246 = FACE_OUTER_BOUND ( 'NONE', #2944, .T. ) ;
#2247 = DIRECTION ( 'NONE',  ( -1.000000000000000000, -1.224275445084857155E-16, 0.000000000000000000 ) ) ;
#2248 = ORIENTED_EDGE ( 'NONE', *, *, #328, .F. ) ;
#2249 = FACE_OUTER_BOUND ( 'NONE', #2163, .T. ) ;
#2250 = VERTEX_POINT ( 'NONE', #191 ) ;
#2251 = CARTESIAN_POINT ( 'NONE',  ( 10.90005575648331160, 0.000000000000000000, 128.8488937725489052 ) ) ;
#2252 = ORIENTED_EDGE ( 'NONE', *, *, #1692, .T. ) ;
#2253 = EDGE_CURVE ( 'NONE', #3024, #3478, #833, .T. ) ;
#2254 = PERSON_AND_ORGANIZATION_ROLE ( 'classification_officer' ) ;
#2255 = CARTESIAN_POINT ( 'NONE',  ( -21.49992093543576743, 0.000000000000000000, 92.30896381146081353 ) ) ;
#2256 = AXIS2_PLACEMENT_3D ( 'NONE', #1287, #2954, #3884 ) ;
#2257 = VERTEX_POINT ( 'NONE', #2736 ) ;
#2258 = CARTESIAN_POINT ( 'NONE',  ( 125.9036314306952988, 0.9295551409317778235, 144.2273703091148889 ) ) ;
#2259 = CARTESIAN_POINT ( 'NONE',  ( -3.762950671831282179, -2.019430752871396173, 127.1410742048589242 ) ) ;
#2260 = EDGE_CURVE ( 'NONE', #2435, #3136, #813, .T. ) ;
#2261 = ORIENTED_EDGE ( 'NONE', *, *, #252, .T. ) ;
#2262 = B_SPLINE_CURVE_WITH_KNOTS ( 'NONE', 3,
 ( #1668, #2923, #31, #701 ),
 .UNSPECIFIED., .F., .F.,
 ( 4, 4 ),
 ( 0.000000000000000000, 0.001423576648048548816 ),
 .UNSPECIFIED. ) ;
#2263 = CIRCLE ( 'NONE', #232, 180.7774700275770670 ) ;
#2264 = LINE ( 'NONE', #2665, #760 ) ;
#2265 = AXIS2_PLACEMENT_3D ( 'NONE', #3039, #1094, #3018 ) ;
#2266 = PRODUCT_RELATED_PRODUCT_CATEGORY ( 'detail', '', ( #2490 ) ) ;
#2267 = CARTESIAN_POINT ( 'NONE',  ( 19.25303265067949354, 0.000000000000000000, 108.6257608762648914 ) ) ;
#2268 = ORIENTED_EDGE ( 'NONE', *, *, #2381, .T. ) ;
#2269 = ORIENTED_EDGE ( 'NONE', *, *, #981, .F. ) ;
#2270 = DIRECTION ( 'NONE',  ( -0.9999243080187693034, -0.000000000000000000, 0.01230358619206012305 ) ) ;
#2271 = EDGE_CURVE ( 'NONE', #3824, #1723, #3074, .T. ) ;
#2272 = ORIENTED_EDGE ( 'NONE', *, *, #2728, .F. ) ;
#2273 = FACE_BOUND ( 'NONE', #409, .T. ) ;
#2274 = APPROVAL_STATUS ( 'not_yet_approved' ) ;
#2275 = CARTESIAN_POINT ( 'NONE',  ( -43.62771516003216732, 0.2273323904038760668, 110.7854944334747671 ) ) ;
#2276 = EDGE_CURVE ( 'NONE', #2817, #862, #2757, .T. ) ;
#2277 = VERTEX_POINT ( 'NONE', #4032 ) ;
#2278 = ORIENTED_EDGE ( 'NONE', *, *, #1487, .F. ) ;
#2279 = LINE ( 'NONE', #3877, #1328 ) ;
#2280 = LINE ( 'NONE', #1972, #1304 ) ;
#2281 = ORIENTED_EDGE ( 'NONE', *, *, #3053, .T. ) ;
#2282 = EDGE_CURVE ( 'NONE', #2491, #574, #164, .T. ) ;
#2283 = AXIS2_PLACEMENT_3D ( 'NONE', #3225, #963, #1238 ) ;
#2284 = CARTESIAN_POINT ( 'NONE',  ( -128.9606803236352448, 2.608366254045692667, 120.5417794837427863 ) ) ;
#2285 = CARTESIAN_POINT ( 'NONE',  ( -0.1641923240223869818, 0.000000000000000000, 132.7295668222506322 ) ) ;
#2286 = CARTESIAN_POINT ( 'NONE',  ( 2.092780475106851024E-14, 0.000000000000000000, 128.5047235328461852 ) ) ;
#2287 = LINE ( 'NONE', #4162, #1070 ) ;
#2288 = VECTOR ( 'NONE', #2089, 1000.000000000000114 ) ;
#2289 = VERTEX_POINT ( 'NONE', #4008 ) ;
#2290 = FACE_OUTER_BOUND ( 'NONE', #1711, .T. ) ;
#2291 = AXIS2_PLACEMENT_3D ( 'NONE', #1356, #3603, #62 ) ;
#2292 = ORIENTED_EDGE ( 'NONE', *, *, #947, .T. ) ;
#2293 = DIRECTION ( 'NONE',  ( -0.02462468796396177773, 0.000000000000000000, 0.9996967663960294459 ) ) ;
#2294 = CIRCLE ( 'NONE', #2226, 5.863050924912333706 ) ;
#2295 = PERSON_AND_ORGANIZATION_ROLE ( 'design_owner' ) ;
#2296 = DIRECTION ( 'NONE',  ( 0.000000000000000000, -1.000000000000000000, 0.000000000000000000 ) ) ;
#2297 = ADVANCED_FACE ( 'NONE', ( #449 ), #3401, .F. ) ;
#2298 = VERTEX_POINT ( 'NONE', #3393 ) ;
#2299 = DIRECTION ( 'NONE',  ( 0.6156614753256589578, 0.000000000000000000, 0.7880107536067214591 ) ) ;
#2300 = LINE ( 'NONE', #3290, #1170 ) ;
#2301 = DIRECTION ( 'NONE',  ( -0.6156614753256589578, 0.000000000000000000, -0.7880107536067215701 ) ) ;
#2302 = B_SPLINE_CURVE_WITH_KNOTS ( 'NONE', 3,
 ( #264, #3552, #3833, #1260, #2215, #986, #923, #2581 ),
 .UNSPECIFIED., .F., .F.,
 ( 4, 2, 2, 4 ),
 ( 0.000000000000000000, 0.002506832419181197202, 0.003760248628771795804, 0.005013664838362394405 ),
 .UNSPECIFIED. ) ;
#2303 = CARTESIAN_POINT ( 'NONE',  ( -32.84787537361833643, 1.532434666349224983, 135.3894332712108906 ) ) ;
#2304 = AXIS2_PLACEMENT_3D ( 'NONE', #1471, #4127, #584 ) ;
#2305 = VECTOR ( 'NONE', #2225, 1000.000000000000227 ) ;
#2306 = DIRECTION ( 'NONE',  ( 0.6156614753256597350, 0.000000000000000000, 0.7880107536067209040 ) ) ;
#2307 = CARTESIAN_POINT ( 'NONE',  ( -75.41326158604553598, 3.000000000000000000, 119.3454320317676149 ) ) ;
#2308 =( BOUNDED_CURVE ( )  B_SPLINE_CURVE ( 3, ( #654, #3233, #21, #3816 ),
 .UNSPECIFIED., .F., .T. ) 
 B_SPLINE_CURVE_WITH_KNOTS ( ( 4, 4 ),
 ( 4.593705936631071296, 4.646349276500941983 ),
 .UNSPECIFIED. ) 
 CURVE ( )  GEOMETRIC_REPRESENTATION_ITEM ( )  RATIONAL_B_SPLINE_CURVE ( ( 1.000000000000000000, 0.9997690698973551449, 0.9997690698973551449, 1.000000000000000000 ) ) 
 REPRESENTATION_ITEM ( '' )  );
#2309 = DIRECTION ( 'NONE',  ( -0.6156614753256590689, 0.000000000000000000, -0.7880107536067212370 ) ) ;
#2310 = EDGE_CURVE ( 'NONE', #700, #1655, #3204, .T. ) ;
#2311 = EDGE_CURVE ( 'NONE', #3633, #3424, #1722, .T. ) ;
#2312 = ORIENTED_EDGE ( 'NONE', *, *, #1050, .F. ) ;
#2313 = CARTESIAN_POINT ( 'NONE',  ( 127.8711769300759897, 3.000000000000000000, 128.7523356084224417 ) ) ;
#2314 = VERTEX_POINT ( 'NONE', #2027 ) ;
#2315 = CARTESIAN_POINT ( 'NONE',  ( -23.14120380932824617, 0.000000000000000000, 128.4059543965063028 ) ) ;
#2316 = COORDINATED_UNIVERSAL_TIME_OFFSET ( 5, 0, .AHEAD. ) ;
#2317 = DIRECTION ( 'NONE',  ( 0.000000000000000000, -1.000000000000000000, -0.000000000000000000 ) ) ;
#2318 = VERTEX_POINT ( 'NONE', #2442 ) ;
#2319 = ORIENTED_EDGE ( 'NONE', *, *, #2532, .T. ) ;
#2320 = DIRECTION ( 'NONE',  ( 0.9996967663960294459, 0.000000000000000000, 0.02462468796396177773 ) ) ;
#2321 = DIRECTION ( 'NONE',  ( 0.000000000000000000, 0.000000000000000000, 1.000000000000000000 ) ) ;
#2322 = LINE ( 'NONE', #3615, #3977 ) ;
#2323 = DIRECTION ( 'NONE',  ( -0.6156614753256587358, 0.000000000000000000, -0.7880107536067216811 ) ) ;
#2324 = EDGE_CURVE ( 'NONE', #1016, #787, #420, .T. ) ;
#2325 = CARTESIAN_POINT ( 'NONE',  ( -28.29850750463182507, 3.000000000000000000, 135.0908839571044382 ) ) ;
#2326 = ADVANCED_FACE ( 'NONE', ( #2121 ), #2032, .T. ) ;
#2327 = DIRECTION ( 'NONE',  ( 1.000000000000000000, -0.000000000000000000, -0.000000000000000000 ) ) ;
#2328 = CONICAL_SURFACE ( 'NONE', #92, 3.139102801331551174, 0.06320220577004587170 ) ;
#2329 = ORIENTED_EDGE ( 'NONE', *, *, #353, .F. ) ;
#2330 = FACE_OUTER_BOUND ( 'NONE', #557, .T. ) ;
#2331 = FACE_OUTER_BOUND ( 'NONE', #801, .T. ) ;
#2332 = EDGE_LOOP ( 'NONE', ( #555, #1538, #3344, #1838 ) ) ;
#2333 = LINE ( 'NONE', #2945, #1055 ) ;
#2334 = CARTESIAN_POINT ( 'NONE',  ( -17.01376077737743131, 3.000000000000000000, 121.4644059416612691 ) ) ;
#2335 = FACE_OUTER_BOUND ( 'NONE', #1234, .T. ) ;
#2336 = ORIENTED_EDGE ( 'NONE', *, *, #1041, .F. ) ;
#2337 = CARTESIAN_POINT ( 'NONE',  ( 3.860308875582913579, 2.183567331980630577, 129.5629403006506948 ) ) ;
#2338 = LINE ( 'NONE', #651, #3263 ) ;
#2339 = LINE ( 'NONE', #3656, #3102 ) ;
#2340 = EDGE_CURVE ( 'NONE', #3516, #3408, #1734, .T. ) ;
#2341 = FACE_OUTER_BOUND ( 'NONE', #3463, .T. ) ;
#2342 = CIRCLE ( 'NONE', #2748, 1.487478443580314336 ) ;
#2343 = DIRECTION ( 'NONE',  ( 0.000000000000000000, 0.000000000000000000, 1.000000000000000000 ) ) ;
#2344 = DIRECTION ( 'NONE',  ( 0.6156614753256592909, 0.000000000000000000, 0.7880107536067211260 ) ) ;
#2345 = ORIENTED_EDGE ( 'NONE', *, *, #2795, .F. ) ;
#2346 = DIRECTION ( 'NONE',  ( 0.01230358619206009529, 0.000000000000000000, 0.9999243080187693034 ) ) ;
#2347 = CIRCLE ( 'NONE', #3506, 1.487478443580314336 ) ;
#2348 = DIRECTION ( 'NONE',  ( 0.000000000000000000, -1.000000000000000000, -0.000000000000000000 ) ) ;
#2349 = EDGE_CURVE ( 'NONE', #52, #400, #2860, .T. ) ;
#2350 = VERTEX_POINT ( 'NONE', #1424 ) ;
#2351 = CARTESIAN_POINT ( 'NONE',  ( -70.94651003847981485, 0.4555867781193042587, 111.4148464664761633 ) ) ;
#2352 = AXIS2_PLACEMENT_3D ( 'NONE', #1434, #3431, #2508 ) ;
#2353 = LINE ( 'NONE', #2675, #1251 ) ;
#2354 = ORIENTED_EDGE ( 'NONE', *, *, #2553, .F. ) ;
#2355 = CARTESIAN_POINT ( 'NONE',  ( 28.29850750463186415, 3.000000000000000000, 139.1836784661277306 ) ) ;
#2356 = DIRECTION ( 'NONE',  ( -0.9999243080187693034, -0.000000000000000000, 0.01230358619206012305 ) ) ;
#2357 = TOROIDAL_SURFACE ( 'NONE', #1406, 0.3664748395200143616, 4.300065869620395276 ) ;
#2358 = AXIS2_PLACEMENT_3D ( 'NONE', #361, #1575, #2632 ) ;
#2359 = CARTESIAN_POINT ( 'NONE',  ( -126.1355457685181278, 2.530172608014400026, 131.1515856691808608 ) ) ;
#2360 = LINE ( 'NONE', #3658, #4193 ) ;
#2361 = EDGE_CURVE ( 'NONE', #1778, #4186, #2717, .T. ) ;
#2362 = VECTOR ( 'NONE', #228, 1000.000000000000000 ) ;
#2363 = CARTESIAN_POINT ( 'NONE',  ( 23.14120380932828525, 0.000000000000000000, 128.6982723515571934 ) ) ;
#2364 = CARTESIAN_POINT ( 'NONE',  ( 1.387778780781445676E-14, 3.000000000000000000, 118.2021133740317822 ) ) ;
#2365 = APPROVAL_PERSON_ORGANIZATION ( #2234, #319, #4130 ) ;
#2366 = ADVANCED_FACE ( 'NONE', ( #2145 ), #3438, .F. ) ;
#2367 = ORIENTED_EDGE ( 'NONE', *, *, #2759, .T. ) ;
#2368 = VECTOR ( 'NONE', #148, 1000.000000000000000 ) ;
#2369 = LINE ( 'NONE', #1996, #1950 ) ;
#2370 = DIRECTION ( 'NONE',  ( -0.000000000000000000, -1.000000000000000000, -0.000000000000000000 ) ) ;
#2371 = VERTEX_POINT ( 'NONE', #2205 ) ;
#2372 = CARTESIAN_POINT ( 'NONE',  ( -1.168683127762842444, 1.500000000000000000, 124.6792588882725994 ) ) ;
#2373 = CARTESIAN_POINT ( 'NONE',  ( 126.8105341847988399, 2.615941341464484537, 126.5161615117694538 ) ) ;
#2374 = DIRECTION ( 'NONE',  ( 0.6156614753256582917, 0.000000000000000000, 0.7880107536067219032 ) ) ;
#2375 = ORIENTED_EDGE ( 'NONE', *, *, #2282, .T. ) ;
#2376 = CARTESIAN_POINT ( 'NONE',  ( 21.49992093543580296, 3.000000000000000000, 164.7952629366026827 ) ) ;
#2377 = CARTESIAN_POINT ( 'NONE',  ( -44.11139514003327378, 3.000000000000000000, 110.7738577220418392 ) ) ;
#2378 = ORIENTED_EDGE ( 'NONE', *, *, #1883, .F. ) ;
#2379 = CARTESIAN_POINT ( 'NONE',  ( -11.23010504506705587, 0.000000000000000000, 128.2593940727768143 ) ) ;
#2380 = DIRECTION ( 'NONE',  ( 0.9996967663960294459, 0.000000000000000000, 0.02462468796396072995 ) ) ;
#2381 = EDGE_CURVE ( 'NONE', #501, #2096, #2549, .T. ) ;
#2382 = AXIS2_PLACEMENT_3D ( 'NONE', #310, #4174, #2522 ) ;
#2383 = ORIENTED_EDGE ( 'NONE', *, *, #999, .F. ) ;
#2384 = DIRECTION ( 'NONE',  ( 0.000000000000000000, -1.000000000000000000, -0.000000000000000000 ) ) ;
#2385 = AXIS2_PLACEMENT_3D ( 'NONE', #2608, #3903, #992 ) ;
#2386 = ADVANCED_FACE ( 'NONE', ( #1250 ), #3744, .T. ) ;
#2387 = AXIS2_PLACEMENT_3D ( 'NONE', #539, #3051, #2097 ) ;
#2388 = ORIENTED_EDGE ( 'NONE', *, *, #459, .F. ) ;
#2389 = DIRECTION ( 'NONE',  ( 0.9999243080187693034, 0.000000000000000000, -0.01230358619206012305 ) ) ;
#2390 = DIRECTION ( 'NONE',  ( 1.000000000000000000, -0.000000000000000000, -0.000000000000000000 ) ) ;
#2391 = AXIS2_PLACEMENT_3D ( 'NONE', #4128, #497, #3078 ) ;
#2392 = VERTEX_POINT ( 'NONE', #488 ) ;
#2393 = DIRECTION ( 'NONE',  ( 0.000000000000000000, 0.000000000000000000, -1.000000000000000000 ) ) ;
#2394 = DIRECTION ( 'NONE',  ( -0.9971507682994219524, 0.000000000000000000, 0.07543437730817730003 ) ) ;
#2395 = DIRECTION ( 'NONE',  ( 0.000000000000000000, -1.000000000000000000, 0.000000000000000000 ) ) ;
#2396 = ORIENTED_EDGE ( 'NONE', *, *, #2548, .F. ) ;
#2397 = DIRECTION ( 'NONE',  ( 0.6156614753256592909, 0.000000000000000000, 0.7880107536067212370 ) ) ;
#2398 = CARTESIAN_POINT ( 'NONE',  ( 2.110621216667990835E-14, 0.000000000000000000, 124.2553657713229001 ) ) ;
#2399 = CARTESIAN_POINT ( 'NONE',  ( 127.7860991148704670, 1.997758167931405815, 128.2922118858736553 ) ) ;
#2400 = CARTESIAN_POINT ( 'NONE',  ( -1.357084625884646305E-10, 0.000000000000000000, 132.8488609766420154 ) ) ;
#2401 = CARTESIAN_POINT ( 'NONE',  ( 75.33938752215367174, 3.000000000000000000, 140.7578850154839643 ) ) ;
#2402 = EDGE_CURVE ( 'NONE', #1723, #4076, #1795, .T. ) ;
#2403 = ORIENTED_EDGE ( 'NONE', *, *, #273, .F. ) ;
#2404 = B_SPLINE_CURVE_WITH_KNOTS ( 'NONE', 3,
 ( #2626, #3921, #1108, #793, #1760, #167, #2607, #991, #519, #3739, #1805, #1519, #1540, #1222, #2470, #1871 ),
 .UNSPECIFIED., .F., .F.,
 ( 4, 2, 2, 2, 2, 2, 2, 4 ),
 ( 0.000000000000000000, 0.001275526434476396834, 0.001913289651714617911, 0.002551052868952839205, 0.003188816086191060065, 0.003826579303429281358, 0.004464342520667502652, 0.005102105737905723512 ),
 .UNSPECIFIED. ) ;
#2405 = ORIENTED_EDGE ( 'NONE', *, *, #2592, .T. ) ;
#2406 = DIRECTION ( 'NONE',  ( 0.01230358619206042663, 0.000000000000000000, 0.9999243080187693034 ) ) ;
#2407 = TOROIDAL_SURFACE ( 'NONE', #448, 4.324256966395759072, 2.708110989951153069 ) ;
#2408 = ORIENTED_EDGE ( 'NONE', *, *, #3749, .F. ) ;
#2409 = CARTESIAN_POINT ( 'NONE',  ( -13.66629848658077506, 0.000000000000000000, 128.2893702577217994 ) ) ;
#2410 = LINE ( 'NONE', #3705, #403 ) ;
#2411 = ORIENTED_EDGE ( 'NONE', *, *, #3384, .T. ) ;
#2412 = CARTESIAN_POINT ( 'NONE',  ( 8.268077246489413668, 0.000000000000000000, 131.4260869869196711 ) ) ;
#2413 = DIRECTION ( 'NONE',  ( -0.02462468796396178466, 0.000000000000000000, 0.9996967663960296679 ) ) ;
#2414 = CARTESIAN_POINT ( 'NONE',  ( -8.236769351995151922, 0.000000000000000000, 128.2225625212222155 ) ) ;
#2415 = ORIENTED_EDGE ( 'NONE', *, *, #641, .F. ) ;
#2416 = CARTESIAN_POINT ( 'NONE',  ( 124.0669831219265546, 1.865262534174638942, 125.3080804290228656 ) ) ;
#2417 = CARTESIAN_POINT ( 'NONE',  ( 8.209923638391265044, 0.000000000000000000, 128.8819945503953477 ) ) ;
#2418 = CARTESIAN_POINT ( 'NONE',  ( 124.9885695056425163, 1.873122150814338083, 125.4249690316200372 ) ) ;
#2419 = ADVANCED_FACE ( 'NONE', ( #3822 ), #220, .F. ) ;
#2420 = ORIENTED_EDGE ( 'NONE', *, *, #3384, .F. ) ;
#2421 = LINE ( 'NONE', #2053, #2238 ) ;
#2422 = CARTESIAN_POINT ( 'NONE',  ( -15.36051395066841962, 0.000000000000000000, 140.0250338026118300 ) ) ;
#2423 = CYLINDRICAL_SURFACE ( 'NONE', #1500, 4.000000000000017764 ) ;
#2424 = VERTEX_POINT ( 'NONE', #2094 ) ;
#2425 = AXIS2_PLACEMENT_3D ( 'NONE', #1981, #1684, #2651 ) ;
#2426 = ORIENTED_EDGE ( 'NONE', *, *, #2464, .T. ) ;
#2427 = VECTOR ( 'NONE', #3709, 1000.000000000000000 ) ;
#2428 = VERTEX_POINT ( 'NONE', #1232 ) ;
#2429 = CARTESIAN_POINT ( 'NONE',  ( -97.90334252934324866, 0.3098057903942146862, 112.0633928066564522 ) ) ;
#2430 = CARTESIAN_POINT ( 'NONE',  ( -128.9594543823055517, 1.282218466670359991, 117.2429413563762921 ) ) ;
#2431 = VECTOR ( 'NONE', #616, 1000.000000000000000 ) ;
#2432 = ORIENTED_EDGE ( 'NONE', *, *, #3827, .F. ) ;
#2433 = CARTESIAN_POINT ( 'NONE',  ( -8.209923638391227740, 0.000000000000000000, 128.2222321976681485 ) ) ;
#2434 = ADVANCED_FACE ( 'NONE', ( #3390 ), #1908, .F. ) ;
#2435 = VERTEX_POINT ( 'NONE', #2528 ) ;
#2436 = VECTOR ( 'NONE', #3811, 1000.000000000000000 ) ;
#2437 = DIRECTION ( 'NONE',  ( -0.000000000000000000, -1.000000000000000000, 0.000000000000000000 ) ) ;
#2438 = AXIS2_PLACEMENT_3D ( 'NONE', #1909, #3203, #3543 ) ;
#2439 = CARTESIAN_POINT ( 'NONE',  ( -28.29850750463182507, 1.373935149280275381, 117.9205482819357087 ) ) ;
#2440 = DIRECTION ( 'NONE',  ( -0.02462468796396177773, 0.000000000000000000, 0.9996967663960294459 ) ) ;
#2441 = DIRECTION ( 'NONE',  ( -1.000000000000000000, 0.000000000000000000, -0.000000000000000000 ) ) ;
#2442 = CARTESIAN_POINT ( 'NONE',  ( -1.168683127762842888, 0.000000000000000000, 124.6792588882725994 ) ) ;
#2443 = CARTESIAN_POINT ( 'NONE',  ( -127.5367913978062973, 1.216946445718800396, 113.8414972225093607 ) ) ;
#2444 = CARTESIAN_POINT ( 'NONE',  ( -28.29850750463182507, 3.000000000000000000, 135.0908839571044382 ) ) ;
#2445 = FACE_OUTER_BOUND ( 'NONE', #4157, .T. ) ;
#2446 = EDGE_CURVE ( 'NONE', #678, #360, #2040, .T. ) ;
#2447 = CARTESIAN_POINT ( 'NONE',  ( 15.36051395066845693, 0.000000000000000000, 117.0791929454516662 ) ) ;
#2448 = ORIENTED_EDGE ( 'NONE', *, *, #2891, .T. ) ;
#2449 = FACE_OUTER_BOUND ( 'NONE', #3362, .T. ) ;
#2450 = EDGE_LOOP ( 'NONE', ( #1594, #368, #1592, #3241 ) ) ;
#2451 = ORIENTED_EDGE ( 'NONE', *, *, #3639, .T. ) ;
#2452 = EDGE_CURVE ( 'NONE', #1217, #787, #1755, .T. ) ;
#2453 = CARTESIAN_POINT ( 'NONE',  ( 21.96203248489293713, 3.000000000000000000, 123.6214990750909806 ) ) ;
#2454 = CARTESIAN_POINT ( 'NONE',  ( 13.80943118414340454, 0.000000000000000000, 122.9496005671066285 ) ) ;
#2455 = ADVANCED_FACE ( 'NONE', ( #3202 ), #3183, .T. ) ;
#2456 = AXIS2_PLACEMENT_3D ( 'NONE', #517, #3736, #3031 ) ;
#2457 = B_SPLINE_CURVE_WITH_KNOTS ( 'NONE', 3,
 ( #1147, #214, #2487, #2439 ),
 .UNSPECIFIED., .F., .F.,
 ( 4, 4 ),
 ( 9.968095254710676801E-17, 0.01602204246298591025 ),
 .UNSPECIFIED. ) ;
#2458 = ADVANCED_FACE ( 'NONE', ( #1801 ), #2927, .T. ) ;
#2459 = EDGE_LOOP ( 'NONE', ( #3494, #2405, #2791, #1586, #2688, #1928, #2676, #2411, #304, #3163, #1245, #2854, #79, #3058, #526, #4182, #1980, #3796 ) ) ;
#2460 = FACE_OUTER_BOUND ( 'NONE', #1255, .T. ) ;
#2461 = EDGE_LOOP ( 'NONE', ( #3625, #3686, #3247, #2789 ) ) ;
#2462 = CARTESIAN_POINT ( 'NONE',  ( -3.765265497502198411, 1.510436693350260429, 129.8592809894503830 ) ) ;
#2463 = PERSON ( 'UNSPECIFIED', 'UNSPECIFIED', 'UNSPECIFIED', ('UNSPECIFIED'), ('UNSPECIFIED'), ('UNSPECIFIED') ) ;
#2464 = EDGE_CURVE ( 'NONE', #2169, #511, #4053, .T. ) ;
#2465 = CARTESIAN_POINT ( 'NONE',  ( 3.711885367247640181E-14, 3.000000000000000000, 215.3590809124808914 ) ) ;
#2466 = CARTESIAN_POINT ( 'NONE',  ( 8.173396248707224032, 0.000000000000000000, 125.9133783856940028 ) ) ;
#2467 = DIRECTION ( 'NONE',  ( -0.9963288581758779072, 0.000000000000000000, 0.08560844798237669806 ) ) ;
#2468 = AXIS2_PLACEMENT_3D ( 'NONE', #2926, #921, #306 ) ;
#2469 = CARTESIAN_POINT ( 'NONE',  ( -127.3825201210780023, 1.175793550745130922, 113.6987130523795173 ) ) ;
#2470 = CARTESIAN_POINT ( 'NONE',  ( 125.0532444776485050, 0.4517726264824059035, 144.3876426011115655 ) ) ;
#2471 = PLANE ( 'NONE',  #1046 ) ;
#2472 = AXIS2_PLACEMENT_3D ( 'NONE', #3797, #270, #1814 ) ;
#2473 =( BOUNDED_CURVE ( )  B_SPLINE_CURVE ( 3, ( #2162, #556, #1573, #3457 ),
 .UNSPECIFIED., .F., .T. ) 
 B_SPLINE_CURVE_WITH_KNOTS ( ( 4, 4 ),
 ( 4.696635695332417981, 4.810715656454363831 ),
 .UNSPECIFIED. ) 
 CURVE ( )  GEOMETRIC_REPRESENTATION_ITEM ( )  RATIONAL_B_SPLINE_CURVE ( ( 1.000000000000000000, 0.9989157742197758427, 0.9989157742197758427, 1.000000000000000000 ) ) 
 REPRESENTATION_ITEM ( '' )  );
#2474 = ORIENTED_EDGE ( 'NONE', *, *, #2152, .T. ) ;
#2475 = DIRECTION ( 'NONE',  ( -0.01230358619205992356, 0.000000000000000000, -0.9999243080187693034 ) ) ;
#2476 = ORIENTED_EDGE ( 'NONE', *, *, #1152, .F. ) ;
#2477 = DIRECTION ( 'NONE',  ( 1.000000000000000000, -0.000000000000000000, -0.000000000000000000 ) ) ;
#2478 = EDGE_LOOP ( 'NONE', ( #74, #613, #887, #1789 ) ) ;
#2479 = ORIENTED_EDGE ( 'NONE', *, *, #2065, .F. ) ;
#2480 = CARTESIAN_POINT ( 'NONE',  ( -128.1981714229683575, 3.000000000000000000, 126.0078291427249866 ) ) ;
#2481 = CARTESIAN_POINT ( 'NONE',  ( -128.5925918083506758, 1.018901876480210467, 115.6294420112386234 ) ) ;
#2482 = ORIENTED_EDGE ( 'NONE', *, *, #482, .T. ) ;
#2483 = LINE ( 'NONE', #3823, #1273 ) ;
#2484 = EDGE_LOOP ( 'NONE', ( #119, #3082, #3391, #1819 ) ) ;
#2485 = DIRECTION ( 'NONE',  ( 0.9999243080187693034, 0.000000000000000000, -0.01230358619206012305 ) ) ;
#2486 = AXIS2_PLACEMENT_3D ( 'NONE', #1221, #2190, #583 ) ;
#2487 = CARTESIAN_POINT ( 'NONE',  ( -32.96733630353936206, 1.017124519974139885, 115.3291313975229002 ) ) ;
#2488 = ADVANCED_FACE ( 'NONE', ( #3414 ), #3049, .F. ) ;
#2489 = DIRECTION ( 'NONE',  ( 0.01230358619206023928, 0.000000000000000000, 0.9999243080187693034 ) ) ;
#2490 = PRODUCT ( 'Part1_Default_sldprt', 'Part1_Default_sldprt', '', ( #1001 ) ) ;
#2491 = VERTEX_POINT ( 'NONE', #1148 ) ;
#2492 = CARTESIAN_POINT ( 'NONE',  ( -28.29850750463182507, 1.373935149280275381, 117.9205482819357087 ) ) ;
#2493 = DIRECTION ( 'NONE',  ( -0.9999243080187693034, 0.000000000000000000, 0.01230358619206012305 ) ) ;
#2494 = CYLINDRICAL_SURFACE ( 'NONE', #3681, 183.7774700275770101 ) ;
#2495 = EDGE_LOOP ( 'NONE', ( #2604, #722, #387, #4103 ) ) ;
#2496 = DIRECTION ( 'NONE',  ( -0.9999243080187693034, -0.000000000000000000, 0.01230358619206012305 ) ) ;
#2497 = DIRECTION ( 'NONE',  ( -0.01230358619205989060, 0.000000000000000000, -0.9999243080187691923 ) ) ;
#2498 = EDGE_CURVE ( 'NONE', #780, #359, #275, .T. ) ;
#2499 = ORIENTED_EDGE ( 'NONE', *, *, #4038, .T. ) ;
#2500 = VECTOR ( 'NONE', #3015, 1000.000000000000341 ) ;
#2501 = ORIENTED_EDGE ( 'NONE', *, *, #2596, .F. ) ;
#2502 = CARTESIAN_POINT ( 'NONE',  ( 44.30380905979438921, 0.000000000000000000, 146.3303690260216570 ) ) ;
#2503 = DESIGN_CONTEXT ( 'detailed design', #3882, 'design' ) ;
#2504 = APPROVAL_PERSON_ORGANIZATION ( #3874, #1946, #344 ) ;
#2505 = VECTOR ( 'NONE', #2669, 1000.000000000000000 ) ;
#2506 = ORIENTED_EDGE ( 'NONE', *, *, #756, .T. ) ;
#2507 = APPROVAL ( #12, 'UNSPECIFIED' ) ;
#2508 = DIRECTION ( 'NONE',  ( -0.9996967663960293349, 0.000000000000000000, -0.02462468796396482737 ) ) ;
#2509 = ORIENTED_EDGE ( 'NONE', *, *, #805, .T. ) ;
#2510 = ORIENTED_EDGE ( 'NONE', *, *, #1939, .T. ) ;
#2511 = LINE ( 'NONE', #3825, #4054 ) ;
#2512 = ADVANCED_FACE ( 'NONE', ( #1123 ), #635, .T. ) ;
#2513 = CIRCLE ( 'NONE', #874, 4.289567438934708044 ) ;
#2514 = ORIENTED_EDGE ( 'NONE', *, *, #132, .F. ) ;
#2515 = CONICAL_SURFACE ( 'NONE', #2647, 2.935653437930426879, 1.497386861111962952 ) ;
#2516 = DIRECTION ( 'NONE',  ( -0.05087633547290548036, 0.000000000000000000, 0.9987049606810053382 ) ) ;
#2517 = EDGE_CURVE ( 'NONE', #1409, #2250, #3479, .T. ) ;
#2518 = LINE ( 'NONE', #3191, #1227 ) ;
#2519 = CARTESIAN_POINT ( 'NONE',  ( -124.0669831219265120, 3.000000000000000000, 131.7961463190406164 ) ) ;
#2520 = ORIENTED_EDGE ( 'NONE', *, *, #2746, .T. ) ;
#2521 = DIRECTION ( 'NONE',  ( 0.000000000000000000, 1.000000000000000000, 0.000000000000000000 ) ) ;
#2522 = DIRECTION ( 'NONE',  ( -0.6156614753256592909, 0.000000000000000000, -0.7880107536067211260 ) ) ;
#2523 = VERTEX_POINT ( 'NONE', #3710 ) ;
#2524 = VERTEX_POINT ( 'NONE', #809 ) ;
#2525 = LINE ( 'NONE', #291, #1449 ) ;
#2526 = LINE ( 'NONE', #799, #1492 ) ;
#2527 = VERTEX_POINT ( 'NONE', #2118 ) ;
#2528 = CARTESIAN_POINT ( 'NONE',  ( -44.11139514003327378, 0.2231119695520378532, 110.7738577220418392 ) ) ;
#2529 = DIRECTION ( 'NONE',  ( 0.000000000000000000, 0.000000000000000000, -1.000000000000000000 ) ) ;
#2530 = ADVANCED_FACE ( 'NONE', ( #2246 ), #2187, .F. ) ;
#2531 = CONICAL_SURFACE ( 'NONE', #2113, 2.544615367057037947, 0.06320220577004709295 ) ;
#2532 = EDGE_CURVE ( 'NONE', #2199, #501, #2, .T. ) ;
#2533 = VERTEX_POINT ( 'NONE', #1977 ) ;
#2534 = DIRECTION ( 'NONE',  ( -1.224275445084856662E-16, 1.000000000000000000, -3.015654529506814774E-18 ) ) ;
#2535 = EDGE_CURVE ( 'NONE', #3222, #1898, #4011, .T. ) ;
#2536 = ORIENTED_EDGE ( 'NONE', *, *, #1889, .T. ) ;
#2537 = CARTESIAN_POINT ( 'NONE',  ( 2.993872308654817349, 2.705934258179995532E-16, 131.1574068157636930 ) ) ;
#2538 = DIRECTION ( 'NONE',  ( -0.000000000000000000, 1.000000000000000000, 0.000000000000000000 ) ) ;
#2539 = CARTESIAN_POINT ( 'NONE',  ( -127.5295215345829121, 0.6850812594541081380, 113.8343842319473538 ) ) ;
#2540 = ORIENTED_EDGE ( 'NONE', *, *, #2253, .F. ) ;
#2541 = CARTESIAN_POINT ( 'NONE',  ( -13.62882791428603646, 0.000000000000000000, 140.9184343393467884 ) ) ;
#2542 = CARTESIAN_POINT ( 'NONE',  ( -3.765343450633918287, -1.510677504157234452, 129.8590455006956290 ) ) ;
#2543 = VERTEX_POINT ( 'NONE', #315 ) ;
#2544 = TOROIDAL_SURFACE ( 'NONE', #2802, 5.436335871037394796, 4.023363924561850880 ) ;
#2545 = VERTEX_POINT ( 'NONE', #395 ) ;
#2546 = CARTESIAN_POINT ( 'NONE',  ( -127.7860991148704102, 1.997758167931405815, 128.8120148621898124 ) ) ;
#2547 = CARTESIAN_POINT ( 'NONE',  ( -128.7961704294995116, 1.879102039428983462, 116.4311402200860357 ) ) ;
#2548 = EDGE_CURVE ( 'NONE', #2868, #3186, #2993, .T. ) ;
#2549 = LINE ( 'NONE', #2568, #1370 ) ;
#2550 = CARTESIAN_POINT ( 'NONE',  ( 13.95370428894959858, 7.180166548431960381E-16, 134.6748148450504061 ) ) ;
#2551 = EDGE_LOOP ( 'NONE', ( #4026, #1879, #258, #570 ) ) ;
#2552 = LINE ( 'NONE', #1964, #458 ) ;
#2553 = EDGE_CURVE ( 'NONE', #2277, #3186, #23, .T. ) ;
#2554 = ORIENTED_EDGE ( 'NONE', *, *, #1389, .F. ) ;
#2555 = CARTESIAN_POINT ( 'NONE',  ( 3.563831863968799585, 9.645261661374725578E-16, 126.6883803809718216 ) ) ;
#2556 = DIRECTION ( 'NONE',  ( -0.9981336355571196473, 8.981994390129940687E-18, -0.06106754923465419066 ) ) ;
#2557 = VERTEX_POINT ( 'NONE', #2916 ) ;
#2558 = CARTESIAN_POINT ( 'NONE',  ( 126.3054132750025786, 0.9743729018714648582, 144.0817302985979040 ) ) ;
#2559 = CARTESIAN_POINT ( 'NONE',  ( 0.2348346069656779833, 0.000000000000000000, 124.4291165911637904 ) ) ;
#2560 = ADVANCED_FACE ( 'NONE', ( #3279 ), #1681, .T. ) ;
#2561 = ORIENTED_EDGE ( 'NONE', *, *, #3728, .F. ) ;
#2562 = ORIENTED_EDGE ( 'NONE', *, *, #4149, .F. ) ;
#2563 = VECTOR ( 'NONE', #1443, 1000.000000000000000 ) ;
#2564 = FACE_OUTER_BOUND ( 'NONE', #3949, .T. ) ;
#2565 = CARTESIAN_POINT ( 'NONE',  ( 2.092780475106851024E-14, -20.00000000000000000, 128.5047235328461852 ) ) ;
#2566 = AXIS2_PLACEMENT_3D ( 'NONE', #454, #3312, #3993 ) ;
#2567 = CIRCLE ( 'NONE', #413, 4.023363924561845550 ) ;
#2568 = CARTESIAN_POINT ( 'NONE',  ( 0.000000000000000000, 0.000000000000000000, 41.74514583558259062 ) ) ;
#2569 = DIRECTION ( 'NONE',  ( 0.01230358619206028091, 0.000000000000000000, 0.9999243080187693034 ) ) ;
#2570 = AXIS2_PLACEMENT_3D ( 'NONE', #1097, #2389, #3684 ) ;
#2571 = EDGE_CURVE ( 'NONE', #3408, #2314, #1174, .T. ) ;
#2572 = ORIENTED_EDGE ( 'NONE', *, *, #3123, .T. ) ;
#2573 = DIRECTION ( 'NONE',  ( -0.02462468796396177773, 0.000000000000000000, 0.9996967663960295569 ) ) ;
#2574 = AXIS2_PLACEMENT_3D ( 'NONE', #2186, #1556, #3165 ) ;
#2575 = EDGE_CURVE ( 'NONE', #2176, #3145, #375, .T. ) ;
#2576 = EDGE_LOOP ( 'NONE', ( #1625, #1085, #2864, #2017 ) ) ;
#2577 = CARTESIAN_POINT ( 'NONE',  ( 3.396123597171182507, -1.483920873959758691, 130.6211126609083522 ) ) ;
#2578 = AXIS2_PLACEMENT_3D ( 'NONE', #3453, #504, #1529 ) ;
#2579 = CARTESIAN_POINT ( 'NONE',  ( -44.11139514003327378, 0.000000000000000000, 110.7738577220418392 ) ) ;
#2580 = ORIENTED_EDGE ( 'NONE', *, *, #4004, .T. ) ;
#2581 = CARTESIAN_POINT ( 'NONE',  ( 128.5925918083507042, 1.689621749021610775, 141.4747847368248586 ) ) ;
#2582 = LOCAL_TIME ( 1, 20, 10.00000000000000000, #1257 ) ;
#2583 = CARTESIAN_POINT ( 'NONE',  ( -3.071932613383151711, 2.671808633727791171E-16, 125.9428433602321462 ) ) ;
#2584 = VERTEX_POINT ( 'NONE', #2590 ) ;
#2585 = VECTOR ( 'NONE', #1202, 1000.000000000000000 ) ;
#2586 = CIRCLE ( 'NONE', #3595, 2.544615367057037947 ) ;
#2587 = PLANE ( 'NONE',  #1149 ) ;
#2588 = ADVANCED_FACE ( 'NONE', ( #3258 ), #3887, .T. ) ;
#2589 = EDGE_CURVE ( 'NONE', #2000, #780, #2610, .T. ) ;
#2590 = CARTESIAN_POINT ( 'NONE',  ( -124.0669831219265120, 1.865262534174638942, 131.7961463190406164 ) ) ;
#2591 = CARTESIAN_POINT ( 'NONE',  ( 2.092780475106851024E-14, -20.00000000000000000, 128.5047235328461852 ) ) ;
#2592 = EDGE_CURVE ( 'NONE', #2199, #3212, #2936, .T. ) ;
#2593 = ORIENTED_EDGE ( 'NONE', *, *, #2877, .T. ) ;
#2594 = DIRECTION ( 'NONE',  ( 1.224646799147353947E-16, 0.000000000000000000, 1.000000000000000000 ) ) ;
#2595 = AXIS2_PLACEMENT_3D ( 'NONE', #90, #327, #3951 ) ;
#2596 = EDGE_CURVE ( 'NONE', #1137, #3945, #2264, .T. ) ;
#2597 = VERTEX_POINT ( 'NONE', #2325 ) ;
#2598 = CARTESIAN_POINT ( 'NONE',  ( 11.29221819550305028, 0.000000000000000000, 133.8928282758394346 ) ) ;
#2599 = DIRECTION ( 'NONE',  ( -0.9996967663960293349, 0.000000000000000000, -0.02462468796396471982 ) ) ;
#2600 = ORIENTED_EDGE ( 'NONE', *, *, #2204, .T. ) ;
#2601 = ORIENTED_EDGE ( 'NONE', *, *, #4163, .F. ) ;
#2602 = CARTESIAN_POINT ( 'NONE',  ( -21.96203248489289805, 0.000000000000000000, 133.4827276729725156 ) ) ;
#2603 = CARTESIAN_POINT ( 'NONE',  ( 32.84787537361835774, 1.713030476720014850, 121.7147934768526198 ) ) ;
#2604 = ORIENTED_EDGE ( 'NONE', *, *, #1019, .T. ) ;
#2605 = CYLINDRICAL_SURFACE ( 'NONE', #617, 12.47109237842124685 ) ;
#2606 = AXIS2_PLACEMENT_3D ( 'NONE', #3443, #3149, #241 ) ;
#2607 = CARTESIAN_POINT ( 'NONE',  ( 127.3744617319989345, 0.6563394554929949942, 143.4125927154229885 ) ) ;
#2608 = CARTESIAN_POINT ( 'NONE',  ( -13.83732356703478317, 0.000000000000000000, 149.3828027067993958 ) ) ;
#2609 = VECTOR ( 'NONE', #2343, 1000.000000000000000 ) ;
#2610 =( BOUNDED_CURVE ( )  B_SPLINE_CURVE ( 3, ( #355, #1643, #1660, #1032 ),
 .UNSPECIFIED., .F., .T. ) 
 B_SPLINE_CURVE_WITH_KNOTS ( ( 4, 4 ),
 ( 4.735320162793438925, 4.843472429436074478 ),
 .UNSPECIFIED. ) 
 CURVE ( )  GEOMETRIC_REPRESENTATION_ITEM ( )  RATIONAL_B_SPLINE_CURVE ( ( 1.000000000000000000, 0.9990254947760345283, 0.9990254947760345283, 1.000000000000000000 ) ) 
 REPRESENTATION_ITEM ( '' )  );
#2611 = DIRECTION ( 'NONE',  ( 0.9999243080187693034, 0.000000000000000000, -0.01230358619206012305 ) ) ;
#2612 = EDGE_LOOP ( 'NONE', ( #507, #1063, #3229, #3301 ) ) ;
#2613 = CARTESIAN_POINT ( 'NONE',  ( -28.29850750463182507, 1.780599916887184886, 135.0908839571044382 ) ) ;
#2614 = EDGE_LOOP ( 'NONE', ( #1293, #938, #279, #1044 ) ) ;
#2615 = CARTESIAN_POINT ( 'NONE',  ( -13.63017942147718031, 0.000000000000000000, 131.2248014902272928 ) ) ;
#2616 = CALENDAR_DATE ( 2026, 21, 9 ) ;
#2617 = CARTESIAN_POINT ( 'NONE',  ( -16.66065466087835034, 4.441259916071845947E-16, 124.8249770819116407 ) ) ;
#2618 = ORIENTED_EDGE ( 'NONE', *, *, #2361, .T. ) ;
#2619 = CARTESIAN_POINT ( 'NONE',  ( -75.33938752215362911, 3.000000000000000000, 116.3463417325795319 ) ) ;
#2620 = CARTESIAN_POINT ( 'NONE',  ( 31.34208711872503983, 1.771177239598605624, 121.9688044260687150 ) ) ;
#2621 = DIRECTION ( 'NONE',  ( -0.000000000000000000, -1.000000000000000000, 0.000000000000000000 ) ) ;
#2622 = VECTOR ( 'NONE', #1971, 1000.000000000000114 ) ;
#2623 = AXIS2_PLACEMENT_3D ( 'NONE', #2251, #1929, #3505 ) ;
#2624 = CARTESIAN_POINT ( 'NONE',  ( -10.86143353460135685, 0.000000000000000000, 131.3941981719358125 ) ) ;
#2625 = EDGE_CURVE ( 'NONE', #3478, #1337, #3619, .T. ) ;
#2626 = CARTESIAN_POINT ( 'NONE',  ( 128.5925918083507042, 1.018901876480210467, 141.4747847368248586 ) ) ;
#2627 = CARTESIAN_POINT ( 'NONE',  ( -28.29850750463182507, 2.994741839151652929, 125.5492456872030260 ) ) ;
#2628 = CARTESIAN_POINT ( 'NONE',  ( 13.66629848658081059, 0.000000000000000000, 128.8148564903416968 ) ) ;
#2629 = CIRCLE ( 'NONE', #183, 11.20485320828254316 ) ;
#2630 = EDGE_LOOP ( 'NONE', ( #4147, #1089 ) ) ;
#2631 = ORIENTED_EDGE ( 'NONE', *, *, #2810, .T. ) ;
#2632 = DIRECTION ( 'NONE',  ( 0.01230358619206012305, 0.000000000000000000, 0.9999243080187693034 ) ) ;
#2633 = ORIENTED_EDGE ( 'NONE', *, *, #4095, .T. ) ;
#2634 = DIRECTION ( 'NONE',  ( 0.000000000000000000, -1.000000000000000000, -0.000000000000000000 ) ) ;
#2635 = AXIS2_PLACEMENT_3D ( 'NONE', #121, #808, #744 ) ;
#2636 = EDGE_CURVE ( 'NONE', #3753, #1429, #335, .T. ) ;
#2637 = APPROVAL_DATE_TIME ( #2925, #2507 ) ;
#2638 = CARTESIAN_POINT ( 'NONE',  ( 11.29221819550305028, 3.000000000000000000, 133.8928282758394346 ) ) ;
#2639 = EDGE_LOOP ( 'NONE', ( #897, #681, #3509, #549 ) ) ;
#2640 = CARTESIAN_POINT ( 'NONE',  ( 124.0669831219265546, 1.865262534174638942, 125.3080804290228656 ) ) ;
#2641 = CARTESIAN_POINT ( 'NONE',  ( 29.82562666216096758, 1.792924664020455028, 122.0684278544556634 ) ) ;
#2642 = ADVANCED_FACE ( 'NONE', ( #1308 ), #2724, .T. ) ;
#2643 = CIRCLE ( 'NONE', #2704, 2.980686335360522410 ) ;
#2644 = CARTESIAN_POINT ( 'NONE',  ( -13.62882791428603646, 0.000000000000000000, 140.9184343393467884 ) ) ;
#2645 = EDGE_CURVE ( 'NONE', #1120, #3958, #1307, .T. ) ;
#2646 = DIRECTION ( 'NONE',  ( 0.9999243080187693034, 0.000000000000000000, -0.01230358619206012305 ) ) ;
#2647 = AXIS2_PLACEMENT_3D ( 'NONE', #3905, #4181, #932 ) ;
#2648 = DIRECTION ( 'NONE',  ( -0.9999243080187693034, -0.000000000000000000, 0.01230358619206012305 ) ) ;
#2649 = FACE_OUTER_BOUND ( 'NONE', #2671, .T. ) ;
#2650 = ORIENTED_EDGE ( 'NONE', *, *, #130, .T. ) ;
#2651 = DIRECTION ( 'NONE',  ( 5.329070518200748239E-15, 0.000000000000000000, 1.000000000000000000 ) ) ;
#2652 = EDGE_CURVE ( 'NONE', #2523, #3994, #1327, .T. ) ;
#2653 = VERTEX_POINT ( 'NONE', #457 ) ;
#2654 = CARTESIAN_POINT ( 'NONE',  ( 44.11139514003330930, 0.000000000000000000, 146.3303690260216570 ) ) ;
#2655 = DIRECTION ( 'NONE',  ( -1.000000000000000000, 0.000000000000000000, 0.000000000000000000 ) ) ;
#2656 = DIRECTION ( 'NONE',  ( -1.224646799147353947E-16, 0.000000000000000000, -1.000000000000000000 ) ) ;
#2657 = EDGE_CURVE ( 'NONE', #1782, #3131, #914, .T. ) ;
#2658 = VERTEX_POINT ( 'NONE', #798 ) ;
#2659 = FACE_OUTER_BOUND ( 'NONE', #2461, .T. ) ;
#2660 = FACE_OUTER_BOUND ( 'NONE', #810, .T. ) ;
#2661 = FACE_OUTER_BOUND ( 'NONE', #3404, .T. ) ;
#2662 = AXIS2_PLACEMENT_3D ( 'NONE', #987, #1956, #2321 ) ;
#2663 = LINE ( 'NONE', #2624, #2500 ) ;
#2664 = ADVANCED_FACE ( 'NONE', ( #3972 ), #3995, .T. ) ;
#2665 = CARTESIAN_POINT ( 'NONE',  ( 1.474514954580286030E-14, 0.000000000000000000, 122.4990036882872033 ) ) ;
#2666 = DIRECTION ( 'NONE',  ( -1.000000000000000000, 1.224275445084856662E-16, 0.000000000000000000 ) ) ;
#2667 = AXIS2_PLACEMENT_3D ( 'NONE', #880, #3397, #520 ) ;
#2668 = VERTEX_POINT ( 'NONE', #1430 ) ;
#2669 = DIRECTION ( 'NONE',  ( -1.224646799147353947E-16, 0.000000000000000000, -1.000000000000000000 ) ) ;
#2670 = LINE ( 'NONE', #2749, #1680 ) ;
#2671 = EDGE_LOOP ( 'NONE', ( #718, #1970, #1808, #2960 ) ) ;
#2672 = LINE ( 'NONE', #1966, #48 ) ;
#2673 = ADVANCED_FACE ( 'NONE', ( #1388 ), #2084, .F. ) ;
#2674 = DIRECTION ( 'NONE',  ( 0.000000000000000000, -1.000000000000000000, -0.000000000000000000 ) ) ;
#2675 = CARTESIAN_POINT ( 'NONE',  ( -124.0669831219265120, 3.000000000000000000, 131.7961463190406164 ) ) ;
#2676 = ORIENTED_EDGE ( 'NONE', *, *, #1718, .T. ) ;
#2677 = CARTESIAN_POINT ( 'NONE',  ( 3.990215118509246039, 2.278313457186003088, 128.8234807563394213 ) ) ;
#2678 = CARTESIAN_POINT ( 'NONE',  ( 1.696776399939814439E-14, 3.000000000000000000, 138.6381368369064546 ) ) ;
#2679 = DIRECTION ( 'NONE',  ( -0.000000000000000000, -1.000000000000000000, 0.000000000000000000 ) ) ;
#2680 = CARTESIAN_POINT ( 'NONE',  ( 11.85525590425001674, 2.147002566691951839E-16, 116.9928508780091505 ) ) ;
#2681 = EDGE_CURVE ( 'NONE', #142, #3212, #978, .T. ) ;
#2682 = DIRECTION ( 'NONE',  ( -1.000000000000000000, 0.000000000000000000, 0.000000000000000000 ) ) ;
#2683 = CARTESIAN_POINT ( 'NONE',  ( 1.221866257298932368E-14, 3.000000000000000000, 135.7369907584217685 ) ) ;
#2684 = ORIENTED_EDGE ( 'NONE', *, *, #2532, .F. ) ;
#2685 = CARTESIAN_POINT ( 'NONE',  ( -63.07238507118975690, 1.985575621298298232, 134.1988347331096918 ) ) ;
#2686 = CARTESIAN_POINT ( 'NONE',  ( -8.246451028075268752, 3.740036840673793911E-16, 125.2536160329667752 ) ) ;
#2687 = EDGE_CURVE ( 'NONE', #34, #1963, #3000, .T. ) ;
#2688 = ORIENTED_EDGE ( 'NONE', *, *, #2253, .T. ) ;
#2689 = CARTESIAN_POINT ( 'NONE',  ( 2.092780475106851024E-14, -20.00000000000000000, 128.5047235328461852 ) ) ;
#2690 = DIRECTION ( 'NONE',  ( 0.9996967663960293349, 0.000000000000000000, 0.02462468796396482737 ) ) ;
#2691 = DIRECTION ( 'NONE',  ( -0.01230358619206014560, 0.000000000000000000, -0.9999243080187693034 ) ) ;
#2692 = EDGE_CURVE ( 'NONE', #2653, #2988, #373, .T. ) ;
#2693 = ORIENTED_EDGE ( 'NONE', *, *, #1837, .F. ) ;
#2694 = CARTESIAN_POINT ( 'NONE',  ( 3.057742113862749189, 0.5976395028204976034, 131.0838119302558482 ) ) ;
#2695 = CARTESIAN_POINT ( 'NONE',  ( 13.57092751158139876, 0.000000000000000000, 118.5363945946853192 ) ) ;
#2696 = CONICAL_SURFACE ( 'NONE', #186, 3.752155603605012324, 0.03848173118449152441 ) ;
#2697 = CONICAL_SURFACE ( 'NONE', #3041, 6.066500288313485534, 1.497386861111960288 ) ;
#2698 = AXIS2_PLACEMENT_3D ( 'NONE', #1724, #379, #3943 ) ;
#2699 = DIRECTION ( 'NONE',  ( 0.000000000000000000, -1.000000000000000000, -0.000000000000000000 ) ) ;
#2700 = CARTESIAN_POINT ( 'NONE',  ( 8.173396248707224032, 3.635781483502424894E-16, 125.9133783856939743 ) ) ;
#2701 = CARTESIAN_POINT ( 'NONE',  ( 16.66065466087838587, 4.287454482285993735E-16, 132.2792496661518840 ) ) ;
#2702 = EDGE_CURVE ( 'NONE', #927, #2350, #3316, .T. ) ;
#2703 = ORIENTED_EDGE ( 'NONE', *, *, #152, .T. ) ;
#2704 = AXIS2_PLACEMENT_3D ( 'NONE', #3798, #3726, #1210 ) ;
#2705 = DIRECTION ( 'NONE',  ( 0.000000000000000000, 1.000000000000000000, 0.000000000000000000 ) ) ;
#2706 = CIRCLE ( 'NONE', #4141, 14.81030521360773911 ) ;
#2707 = EDGE_LOOP ( 'NONE', ( #2948, #347, #2261, #1181 ) ) ;
#2708 = DIRECTION ( 'NONE',  ( -0.9999243080187693034, -0.000000000000000000, 0.01230358619206012305 ) ) ;
#2709 = CARTESIAN_POINT ( 'NONE',  ( 13.57092751158139876, 0.000000000000000000, 118.5363945946853192 ) ) ;
#2710 = EDGE_CURVE ( 'NONE', #246, #3205, #3743, .T. ) ;
#2711 = ORIENTED_EDGE ( 'NONE', *, *, #1576, .T. ) ;
#2712 = CARTESIAN_POINT ( 'NONE',  ( -3.924169046026815266, 1.982647823252028818, 129.2901430465358317 ) ) ;
#2713 = CARTESIAN_POINT ( 'NONE',  ( 124.8375808934546569, 0.4506449216101909849, 144.3928311865392971 ) ) ;
#2714 = FACE_OUTER_BOUND ( 'NONE', #476, .T. ) ;
#2715 = ORIENTED_EDGE ( 'NONE', *, *, #4134, .F. ) ;
#2716 = CARTESIAN_POINT ( 'NONE',  ( 124.8375808934546569, 0.8779368942899365980, 144.3928311865392971 ) ) ;
#2717 = LINE ( 'NONE', #1106, #293 ) ;
#2718 = CARTESIAN_POINT ( 'NONE',  ( 126.7673064840126358, 1.933681764685063031, 126.4964873635060485 ) ) ;
#2719 = LINE ( 'NONE', #1403, #1407 ) ;
#2720 = DIRECTION ( 'NONE',  ( 0.9999243080187693034, 0.000000000000000000, -0.01230358619206012305 ) ) ;
#2721 = AXIS2_PLACEMENT_3D ( 'NONE', #3878, #1244, #4132 ) ;
#2722 = ORIENTED_EDGE ( 'NONE', *, *, #57, .F. ) ;
#2723 = CARTESIAN_POINT ( 'NONE',  ( -44.30380905979435369, 0.000000000000000000, 110.7738577220418392 ) ) ;
#2724 = CONICAL_SURFACE ( 'NONE', #2385, 1.487478443580312559, 0.02850683268840408999 ) ;
#2725 = ORIENTED_EDGE ( 'NONE', *, *, #2652, .F. ) ;
#2726 = FACE_OUTER_BOUND ( 'NONE', #997, .T. ) ;
#2727 = CARTESIAN_POINT ( 'NONE',  ( -11.04068529726754377, 0.000000000000000000, 134.3240228626652879 ) ) ;
#2728 = EDGE_CURVE ( 'NONE', #1453, #2169, #3682, .T. ) ;
#2729 = ORIENTED_EDGE ( 'NONE', *, *, #1236, .F. ) ;
#2730 = CARTESIAN_POINT ( 'NONE',  ( -11.29221819550301475, 3.000000000000000000, 123.2113984722240616 ) ) ;
#2731 = DIRECTION ( 'NONE',  ( -0.9999243080187693034, -0.000000000000000000, 0.01230358619206012305 ) ) ;
#2732 = DIRECTION ( 'NONE',  ( 0.000000000000000000, 1.000000000000000000, 0.000000000000000000 ) ) ;
#2733 = ORIENTED_EDGE ( 'NONE', *, *, #1292, .F. ) ;
#2734 = DIRECTION ( 'NONE',  ( 1.224646799147353947E-16, 0.000000000000000000, 1.000000000000000000 ) ) ;
#2735 = VECTOR ( 'NONE', #2682, 1000.000000000000000 ) ;
#2736 = CARTESIAN_POINT ( 'NONE',  ( -13.80943118414336723, 0.000000000000000000, 134.1546261809568534 ) ) ;
#2737 = DIRECTION ( 'NONE',  ( 0.01230358619206011611, 0.000000000000000000, 0.9999243080187693034 ) ) ;
#2738 = DIRECTION ( 'NONE',  ( -0.01230358619206012305, 0.000000000000000000, -0.9999243080187693034 ) ) ;
#2739 = DIRECTION ( 'NONE',  ( -0.9992250439051164612, 0.000000000000000000, -0.03936129612726407823 ) ) ;
#2740 = DIRECTION ( 'NONE',  ( -0.9999243080187693034, 0.000000000000000000, 0.01230358619206012305 ) ) ;
#2741 = ORIENTED_EDGE ( 'NONE', *, *, #3560, .T. ) ;
#2742 = ORIENTED_EDGE ( 'NONE', *, *, #1088, .F. ) ;
#2743 = ORIENTED_EDGE ( 'NONE', *, *, #1346, .F. ) ;
#2744 = DIRECTION ( 'NONE',  ( -0.01230358619206011611, 0.000000000000000000, -0.9999243080187693034 ) ) ;
#2745 = DIRECTION ( 'NONE',  ( 0.000000000000000000, -1.000000000000000000, -0.000000000000000000 ) ) ;
#2746 = EDGE_CURVE ( 'NONE', #4088, #2597, #4043, .T. ) ;
#2747 = VERTEX_POINT ( 'NONE', #1745 ) ;
#2748 = AXIS2_PLACEMENT_3D ( 'NONE', #2232, #3548, #3190 ) ;
#2749 = CARTESIAN_POINT ( 'NONE',  ( -16.22236882315473494, 3.361872920783569921E-16, 131.0662068409004917 ) ) ;
#2750 = EDGE_LOOP ( 'NONE', ( #2272, #2823, #3378, #1124 ) ) ;
#2751 = ADVANCED_FACE ( 'NONE', ( #3060 ), #1455, .T. ) ;
#2752 = CARTESIAN_POINT ( 'NONE',  ( -4.002963239405939788, 2.225419378366591872, 128.7390131122299408 ) ) ;
#2753 = CARTESIAN_POINT ( 'NONE',  ( 2.014054019100348358E-14, 3.000000000000000000, 118.4660899111570416 ) ) ;
#2754 = DIRECTION ( 'NONE',  ( 0.000000000000000000, 1.000000000000000000, 0.000000000000000000 ) ) ;
#2755 = VERTEX_POINT ( 'NONE', #822 ) ;
#2756 = CARTESIAN_POINT ( 'NONE',  ( -16.86096500118822661, 0.000000000000000000, 138.4867914325370180 ) ) ;
#2757 = LINE ( 'NONE', #1494, #901 ) ;
#2758 = AXIS2_PLACEMENT_3D ( 'NONE', #2730, #1418, #784 ) ;
#2759 = EDGE_CURVE ( 'NONE', #2653, #2289, #4102, .T. ) ;
#2760 = CARTESIAN_POINT ( 'NONE',  ( 126.2349959383467990, 1.909972564163540998, 126.0422211348409007 ) ) ;
#2761 = ORIENTED_EDGE ( 'NONE', *, *, #3207, .T. ) ;
#2762 = DIRECTION ( 'NONE',  ( 0.05310901196763674614, 3.490607328170940792E-18, -0.9985887205690945345 ) ) ;
#2763 = CARTESIAN_POINT ( 'NONE',  ( 128.0549001665782782, 3.000000000000002665, 130.0693567387358769 ) ) ;
#2764 = DIRECTION ( 'NONE',  ( 0.9999243080187693034, 0.000000000000000000, -0.01230358619206012305 ) ) ;
#2765 = VERTEX_POINT ( 'NONE', #1051 ) ;
#2766 = DIRECTION ( 'NONE',  ( 0.9999243080187693034, 0.000000000000000000, -0.01230358619206012305 ) ) ;
#2767 = VECTOR ( 'NONE', #1036, 1000.000000000000000 ) ;
#2768 = EDGE_CURVE ( 'NONE', #1461, #3311, #436, .T. ) ;
#2769 = ORIENTED_EDGE ( 'NONE', *, *, #1649, .T. ) ;
#2770 = AXIS2_PLACEMENT_3D ( 'NONE', #1709, #2413, #4002 ) ;
#2771 = ORIENTED_EDGE ( 'NONE', *, *, #3160, .F. ) ;
#2772 = CARTESIAN_POINT ( 'NONE',  ( 28.29850750463186415, -17.00000000000000000, 131.0963976053384954 ) ) ;
#2773 = CARTESIAN_POINT ( 'NONE',  ( -11.23010504506705587, 0.000000000000000000, 128.2593940727768143 ) ) ;
#2774 = VECTOR ( 'NONE', #1077, 1000.000000000000000 ) ;
#2775 = ORIENTED_EDGE ( 'NONE', *, *, #554, .F. ) ;
#2776 = CARTESIAN_POINT ( 'NONE',  ( 2.092780475106851024E-14, 0.000000000000000000, 128.5047235328461852 ) ) ;
#2777 = EDGE_LOOP ( 'NONE', ( #2189, #686, #1843, #1363 ) ) ;
#2778 = AXIS2_PLACEMENT_3D ( 'NONE', #1180, #1474, #2808 ) ;
#2779 = FACE_OUTER_BOUND ( 'NONE', #1196, .T. ) ;
#2780 = AXIS2_PLACEMENT_3D ( 'NONE', #3259, #2859, #2569 ) ;
#2781 = DIRECTION ( 'NONE',  ( 0.02462468796396483084, 0.000000000000000000, -0.9996967663960294459 ) ) ;
#2782 = CARTESIAN_POINT ( 'NONE',  ( -13.81834525936063152, 0.000000000000000000, 148.6123339462901924 ) ) ;
#2783 = DIRECTION ( 'NONE',  ( 0.6156614753256572925, 0.000000000000000000, 0.7880107536067226803 ) ) ;
#2784 = CARTESIAN_POINT ( 'NONE',  ( 28.29850750463186415, 2.866742394924876258, 128.4249943807593297 ) ) ;
#2785 = CARTESIAN_POINT ( 'NONE',  ( -13.89379157503089246, 0.000000000000000000, 151.6752534814512785 ) ) ;
#2786 = CYLINDRICAL_SURFACE ( 'NONE', #3526, 19.99999999999998934 ) ;
#2787 = FACE_OUTER_BOUND ( 'NONE', #1437, .T. ) ;
#2788 = LINE ( 'NONE', #475, #2368 ) ;
#2789 = ORIENTED_EDGE ( 'NONE', *, *, #1536, .F. ) ;
#2790 = CARTESIAN_POINT ( 'NONE',  ( 13.88156773654650245, 0.000000000000000000, 128.8122077060784818 ) ) ;
#2791 = ORIENTED_EDGE ( 'NONE', *, *, #2681, .F. ) ;
#2792 = ORIENTED_EDGE ( 'NONE', *, *, #3053, .F. ) ;
#2793 = FACE_OUTER_BOUND ( 'NONE', #2495, .T. ) ;
#2794 = LINE ( 'NONE', #3381, #2362 ) ;
#2795 = EDGE_CURVE ( 'NONE', #2584, #1645, #169, .T. ) ;
#2796 = ORIENTED_EDGE ( 'NONE', *, *, #586, .T. ) ;
#2797 = DIRECTION ( 'NONE',  ( -0.9999243080187693034, -0.000000000000000000, 0.01230358619206012305 ) ) ;
#2798 = ORIENTED_EDGE ( 'NONE', *, *, #1114, .T. ) ;
#2799 = LINE ( 'NONE', #2372, #2155 ) ;
#2800 = CARTESIAN_POINT ( 'NONE',  ( 8.246451028075304279, 3.740036840673793911E-16, 131.8506107150967068 ) ) ;
#2801 = CARTESIAN_POINT ( 'NONE',  ( -28.29850750463182507, 3.000000000000000000, 126.3743361410729307 ) ) ;
#2802 = AXIS2_PLACEMENT_3D ( 'NONE', #3809, #1131, #3787 ) ;
#2803 = ORIENTED_EDGE ( 'NONE', *, *, #954, .F. ) ;
#2804 = CARTESIAN_POINT ( 'NONE',  ( 17.18925122003604855, 3.000000000000000000, 138.6496674178185913 ) ) ;
#2805 = DIRECTION ( 'NONE',  ( 0.1381612490552097672, 0.000000000000000000, 0.9904097481646191303 ) ) ;
#2806 = AXIS2_PLACEMENT_3D ( 'NONE', #480, #2034, #1767 ) ;
#2807 = ORIENTED_EDGE ( 'NONE', *, *, #2857, .F. ) ;
#2808 = DIRECTION ( 'NONE',  ( 0.000000000000000000, 0.000000000000000000, 1.000000000000000000 ) ) ;
#2809 = ORIENTED_EDGE ( 'NONE', *, *, #1580, .F. ) ;
#2810 = EDGE_CURVE ( 'NONE', #3450, #4156, #4039, .T. ) ;
#2811 = CARTESIAN_POINT ( 'NONE',  ( -4.002212068301274961, -2.265811459625351798, 128.4399952034825674 ) ) ;
#2812 = ORIENTED_EDGE ( 'NONE', *, *, #3454, .T. ) ;
#2813 = VERTEX_POINT ( 'NONE', #1570 ) ;
#2814 = LINE ( 'NONE', #3474, #3339 ) ;
#2815 = CARTESIAN_POINT ( 'NONE',  ( -28.29850750463182507, 0.000000000000000000, 117.9205482819357371 ) ) ;
#2816 = ADVANCED_FACE ( 'NONE', ( #3427 ), #1247, .F. ) ;
#2817 = VERTEX_POINT ( 'NONE', #3815 ) ;
#2818 = DIRECTION ( 'NONE',  ( 0.000000000000000000, -1.000000000000000000, -0.000000000000000000 ) ) ;
#2819 = VECTOR ( 'NONE', #944, 1000.000000000000114 ) ;
#2820 = ORIENTED_EDGE ( 'NONE', *, *, #1797, .T. ) ;
#2821 = DIRECTION ( 'NONE',  ( 0.01230358619206023928, 0.000000000000000000, 0.9999243080187693034 ) ) ;
#2822 = B_SPLINE_SURFACE_WITH_KNOTS ( 'NONE', 3, 1, ( 
 ( #3353, #2102 ),
 ( #3695, #2030 ),
 ( #3055, #3334 ),
 ( #1130, #1326 ) ),
 .UNSPECIFIED., .F., .F., .F.,
 ( 4, 4 ),
 ( 2, 2 ),
 ( 0.1795730530931698987, 0.2190138761537028800 ),
 ( 0.000000000000000000, 1.000000000000000000 ),
 .UNSPECIFIED. ) ;
#2823 = ORIENTED_EDGE ( 'NONE', *, *, #869, .T. ) ;
#2824 = CARTESIAN_POINT ( 'NONE',  ( 8.246451028075304279, 0.000000000000000000, 131.8506107150967068 ) ) ;
#2825 = ADVANCED_FACE ( 'NONE', ( #2793 ), #3340, .T. ) ;
#2826 = DIRECTION ( 'NONE',  ( -0.02462468796396177773, 0.000000000000000000, 0.9996967663960294459 ) ) ;
#2827 = LINE ( 'NONE', #1873, #1646 ) ;
#2828 = ORIENTED_EDGE ( 'NONE', *, *, #1975, .T. ) ;
#2829 = SHAPE_DEFINITION_REPRESENTATION ( #1467, #1446 ) ;
#2830 = CARTESIAN_POINT ( 'NONE',  ( 17.01376077737747039, 3.000000000000000000, 135.6398208064022128 ) ) ;
#2831 = ORIENTED_EDGE ( 'NONE', *, *, #3749, .T. ) ;
#2832 = VERTEX_POINT ( 'NONE', #206 ) ;
#2833 = EDGE_CURVE ( 'NONE', #400, #2096, #2203, .T. ) ;
#2834 = CARTESIAN_POINT ( 'NONE',  ( 13.89379157503092799, 0.000000000000000000, 105.4289732666122035 ) ) ;
#2835 = DIRECTION ( 'NONE',  ( -0.6156614753256590689, 0.000000000000000000, -0.7880107536067212370 ) ) ;
#2836 = AXIS2_PLACEMENT_3D ( 'NONE', #1392, #3959, #3976 ) ;
#2837 = EDGE_CURVE ( 'NONE', #3824, #757, #1189, .T. ) ;
#2838 = CIRCLE ( 'NONE', #1555, 2.828599487879392527 ) ;
#2839 = ORIENTED_EDGE ( 'NONE', *, *, #3379, .F. ) ;
#2840 = EDGE_CURVE ( 'NONE', #1453, #2747, #1528, .T. ) ;
#2841 = LINE ( 'NONE', #4142, #56 ) ;
#2842 = ORIENTED_EDGE ( 'NONE', *, *, #3679, .F. ) ;
#2843 = CARTESIAN_POINT ( 'NONE',  ( 16.86096500118826214, 3.000000000000000000, 118.6174353155265067 ) ) ;
#2844 = AXIS2_PLACEMENT_3D ( 'NONE', #2409, #802, #3703 ) ;
#2845 = VERTEX_POINT ( 'NONE', #2480 ) ;
#2846 = CARTESIAN_POINT ( 'NONE',  ( 3.725753703692460839, -2.015036022372687530, 129.9670311955895272 ) ) ;
#2847 = EDGE_CURVE ( 'NONE', #3008, #1655, #3899, .T. ) ;
#2848 = DIRECTION ( 'NONE',  ( 0.9996967663960294459, 0.000000000000000000, 0.02462468796396177773 ) ) ;
#2849 = DIRECTION ( 'NONE',  ( 1.224646799147353947E-16, 0.000000000000000000, 1.000000000000000000 ) ) ;
#2850 = ORIENTED_EDGE ( 'NONE', *, *, #3022, .T. ) ;
#2851 = CARTESIAN_POINT ( 'NONE',  ( 32.84787537361835774, 1.713030476720014850, 121.7147934768526198 ) ) ;
#2852 = CARTESIAN_POINT ( 'NONE',  ( 10.90005575648331160, 0.000000000000000000, 128.8488937725489052 ) ) ;
#2853 = ORIENTED_EDGE ( 'NONE', *, *, #1945, .T. ) ;
#2854 = ORIENTED_EDGE ( 'NONE', *, *, #958, .F. ) ;
#2855 = CARTESIAN_POINT ( 'NONE',  ( 128.9594543823056370, 1.282218466670359991, 139.8612853916871757 ) ) ;
#2856 = DIRECTION ( 'NONE',  ( 0.9996967663960293349, 0.000000000000000000, 0.02462468796396471982 ) ) ;
#2857 = EDGE_CURVE ( 'NONE', #1016, #1120, #571, .T. ) ;
#2858 = DIRECTION ( 'NONE',  ( 0.000000000000000000, -1.000000000000000000, -0.000000000000000000 ) ) ;
#2859 = DIRECTION ( 'NONE',  ( -0.9999243080187693034, -0.000000000000000000, 0.01230358619206012305 ) ) ;
#2860 = CIRCLE ( 'NONE', #3944, 29.49856672401590885 ) ;
#2861 = ORIENTED_EDGE ( 'NONE', *, *, #3211, .F. ) ;
#2862 = FACE_OUTER_BOUND ( 'NONE', #1333, .T. ) ;
#2863 = EDGE_CURVE ( 'NONE', #2747, #3555, #2178, .T. ) ;
#2864 = ORIENTED_EDGE ( 'NONE', *, *, #1460, .T. ) ;
#2865 = CARTESIAN_POINT ( 'NONE',  ( 3.942236041482176212, -1.985024965705935562, 127.8156023227531790 ) ) ;
#2866 = PERSON_AND_ORGANIZATION_ROLE ( 'design_supplier' ) ;
#2867 = CARTESIAN_POINT ( 'NONE',  ( -126.8604302382209994, 0.5782527172848117569, 113.3110521145794536 ) ) ;
#2868 = VERTEX_POINT ( 'NONE', #4116 ) ;
#2869 = DIRECTION ( 'NONE',  ( -1.000000000000000000, 0.000000000000000000, 0.000000000000000000 ) ) ;
#2870 = DIRECTION ( 'NONE',  ( 0.9999243080187693034, 0.000000000000000000, -0.01230358619206012305 ) ) ;
#2871 = ORIENTED_EDGE ( 'NONE', *, *, #3140, .F. ) ;
#2872 = VECTOR ( 'NONE', #664, 1000.000000000000000 ) ;
#2873 = ORIENTED_EDGE ( 'NONE', *, *, #3326, .T. ) ;
#2874 = LINE ( 'NONE', #4177, #1706 ) ;
#2875 = DIRECTION ( 'NONE',  ( 0.6156614753256590689, 0.000000000000000000, 0.7880107536067212370 ) ) ;
#2876 = EDGE_CURVE ( 'NONE', #359, #2298, #1291, .T. ) ;
#2877 = EDGE_CURVE ( 'NONE', #1263, #1461, #370, .T. ) ;
#2878 = DIRECTION ( 'NONE',  ( 0.9999243080187693034, 0.000000000000000000, -0.01230358619206012305 ) ) ;
#2879 = CARTESIAN_POINT ( 'NONE',  ( 13.60788492745923506, 0.000000000000000000, 117.0360219117304013 ) ) ;
#2880 = EDGE_LOOP ( 'NONE', ( #28, #2798, #3662, #2905, #3080, #1582, #2892, #2451, #969, #184, #1400, #2918, #3530, #1380, #2593, #212 ) ) ;
#2881 = PLANE ( 'NONE',  #940 ) ;
#2882 = CC_DESIGN_PERSON_AND_ORGANIZATION_ASSIGNMENT ( #1652, #2254, ( #3113 ) ) ;
#2883 = EDGE_LOOP ( 'NONE', ( #4129, #3729, #3387, #3774 ) ) ;
#2884 = TOROIDAL_SURFACE ( 'NONE', #383, 0.3664748395200143616, 4.300065869620395276 ) ;
#2885 = DIRECTION ( 'NONE',  ( 0.6156614753256582917, 0.000000000000000000, 0.7880107536067219032 ) ) ;
#2886 = CARTESIAN_POINT ( 'NONE',  ( 75.33938752215367174, 0.000000000000000000, 140.7578850154839643 ) ) ;
#2887 = ORIENTED_EDGE ( 'NONE', *, *, #2535, .T. ) ;
#2888 = DIRECTION ( 'NONE',  ( -0.9996967663960294459, 0.000000000000000000, -0.02462468796396177773 ) ) ;
#2889 = CARTESIAN_POINT ( 'NONE',  ( -3.730305823527647391, -1.396482763425362039, 129.9512772938725220 ) ) ;
#2890 = EDGE_CURVE ( 'NONE', #3994, #242, #2814, .T. ) ;
#2891 = EDGE_CURVE ( 'NONE', #2813, #425, #300, .T. ) ;
#2892 = ORIENTED_EDGE ( 'NONE', *, *, #729, .F. ) ;
#2893 = AXIS2_PLACEMENT_3D ( 'NONE', #1733, #3416, #2734 ) ;
#2894 = CARTESIAN_POINT ( 'NONE',  ( 29.82524616395168593, 1.573693223427729215, 122.0684141294179597 ) ) ;
#2895 = EDGE_CURVE ( 'NONE', #2350, #3311, #2525, .T. ) ;
#2896 = CIRCLE ( 'NONE', #1068, 2.544615367057037947 ) ;
#2897 = AXIS2_PLACEMENT_3D ( 'NONE', #233, #2797, #3751 ) ;
#2898 = DIRECTION ( 'NONE',  ( -0.01230358619206042663, 0.000000000000000000, -0.9999243080187693034 ) ) ;
#2899 = EDGE_CURVE ( 'NONE', #3952, #1216, #4071, .T. ) ;
#2900 = CONICAL_SURFACE ( 'NONE', #1741, 5.863050924912347028, 0.07340946568293665875 ) ;
#2901 = CIRCLE ( 'NONE', #605, 4.300065869620397052 ) ;
#2902 = ORIENTED_EDGE ( 'NONE', *, *, #554, .T. ) ;
#2903 = CYLINDRICAL_SURFACE ( 'NONE', #1742, 20.00000000000000355 ) ;
#2904 = B_SPLINE_CURVE_WITH_KNOTS ( 'NONE', 3,
 ( #609, #629, #2237, #3213, #3194, #2194, #287, #3571, #4154, #1224, #2558, #2258, #666, #4131, #650, #1243 ),
 .UNSPECIFIED., .F., .F.,
 ( 4, 2, 2, 2, 2, 2, 2, 4 ),
 ( 0.000000000000000000, 0.001285153705546121993, 0.001927730558319149488, 0.002570307411092177200, 0.003212884263865204912, 0.003855461116638232190, 0.004498037969411260335, 0.005140614822184288481 ),
 .UNSPECIFIED. ) ;
#2905 = ORIENTED_EDGE ( 'NONE', *, *, #3182, .F. ) ;
#2906 = CARTESIAN_POINT ( 'NONE',  ( 3.890610298395499100, -1.818426540138274872, 127.5670324563290023 ) ) ;
#2907 = AXIS2_PLACEMENT_3D ( 'NONE', #2565, #989, #1938 ) ;
#2908 = LINE ( 'NONE', #1632, #2872 ) ;
#2909 = ORIENTED_EDGE ( 'NONE', *, *, #3140, .T. ) ;
#2910 = VERTEX_POINT ( 'NONE', #3859 ) ;
#2911 = CARTESIAN_POINT ( 'NONE',  ( 16.66065466087838587, 4.441259916071829183E-16, 132.2792496661518840 ) ) ;
#2912 = CC_DESIGN_APPROVAL ( #319, ( #3113 ) ) ;
#2913 = DIRECTION ( 'NONE',  ( 0.9999243080187693034, 0.000000000000000000, -0.01230358619206012305 ) ) ;
#2914 = ORIENTED_EDGE ( 'NONE', *, *, #422, .F. ) ;
#2915 = CYLINDRICAL_SURFACE ( 'NONE', #63, 180.7774700275770670 ) ;
#2916 = CARTESIAN_POINT ( 'NONE',  ( -128.5925918083506758, 1.689621749021610775, 115.6294420112386234 ) ) ;
#2917 = DIRECTION ( 'NONE',  ( -0.000000000000000000, -1.000000000000000000, -0.000000000000000000 ) ) ;
#2918 = ORIENTED_EDGE ( 'NONE', *, *, #961, .T. ) ;
#2919 = ORIENTED_EDGE ( 'NONE', *, *, #3883, .T. ) ;
#2920 = DIRECTION ( 'NONE',  ( 0.9999243080187693034, 0.000000000000000000, -0.01230358619206012305 ) ) ;
#2921 = VECTOR ( 'NONE', #1803, 1000.000000000000000 ) ;
#2922 = VERTEX_POINT ( 'NONE', #949 ) ;
#2923 = CARTESIAN_POINT ( 'NONE',  ( -43.62888740708586965, 0.002878127569035252367, 110.7854662307352385 ) ) ;
#2924 = EDGE_CURVE ( 'NONE', #2435, #2910, #2874, .T. ) ;
#2925 = DATE_AND_TIME ( #3849, #2582 ) ;
#2926 = CARTESIAN_POINT ( 'NONE',  ( -11.11532500644896615, 0.000000000000000000, 128.2579817597777492 ) ) ;
#2927 = CONICAL_SURFACE ( 'NONE', #1702, 2.544615367057037947, 0.06320220577004709295 ) ;
#2928 = ORIENTED_EDGE ( 'NONE', *, *, #890, .T. ) ;
#2929 = ORIENTED_EDGE ( 'NONE', *, *, #2039, .T. ) ;
#2930 = CARTESIAN_POINT ( 'NONE',  ( -8.173396248707188505, 3.635781483502424894E-16, 131.1908483623695361 ) ) ;
#2931 = CARTESIAN_POINT ( 'NONE',  ( 32.97460838101642366, 1.691854919025471249, 141.7791316913811670 ) ) ;
#2932 = LINE ( 'NONE', #3013, #330 ) ;
#2933 = CARTESIAN_POINT ( 'NONE',  ( 28.29850750463186415, 1.567371092336705685, 122.0133427909590438 ) ) ;
#2934 = VECTOR ( 'NONE', #1520, 1000.000000000000114 ) ;
#2935 = DIRECTION ( 'NONE',  ( 0.02462468796396178466, 0.000000000000000000, -0.9996967663960296679 ) ) ;
#2936 = LINE ( 'NONE', #1369, #568 ) ;
#2937 = AXIS2_PLACEMENT_3D ( 'NONE', #2109, #3680, #3405 ) ;
#2938 = CARTESIAN_POINT ( 'NONE',  ( -32.84787537361832221, 1.713030476720014850, 135.3894332712108906 ) ) ;
#2939 = ADVANCED_FACE ( 'NONE', ( #2564 ), #2544, .F. ) ;
#2940 = ORIENTED_EDGE ( 'NONE', *, *, #2987, .F. ) ;
#2941 = CARTESIAN_POINT ( 'NONE',  ( 44.11139514003330930, 0.2231119695520378532, 146.3303690260216570 ) ) ;
#2942 = EDGE_CURVE ( 'NONE', #133, #2988, #4100, .T. ) ;
#2943 = ADVANCED_FACE ( 'NONE', ( #2172 ), #2471, .F. ) ;
#2944 = EDGE_LOOP ( 'NONE', ( #1391, #1112, #3050, #915 ) ) ;
#2945 = CARTESIAN_POINT ( 'NONE',  ( 75.41326158604557861, 3.000000000000000000, 137.7587947162958812 ) ) ;
#2946 =( NAMED_UNIT ( * ) PLANE_ANGLE_UNIT ( ) SI_UNIT ( $, .RADIAN. ) );
#2947 = CARTESIAN_POINT ( 'NONE',  ( 9.555338446233587746, 3.000000000000000000, 319.2658822085552970 ) ) ;
#2948 = ORIENTED_EDGE ( 'NONE', *, *, #4166, .F. ) ;
#2949 = ORIENTED_EDGE ( 'NONE', *, *, #3679, .T. ) ;
#2950 = CARTESIAN_POINT ( 'NONE',  ( 3.679921498453305517, 1.955774937188258455, 130.0970854826796881 ) ) ;
#2951 = DIRECTION ( 'NONE',  ( 0.02462468796396177773, 0.000000000000000000, -0.9996967663960294459 ) ) ;
#2952 = FACE_OUTER_BOUND ( 'NONE', #3260, .T. ) ;
#2953 = FACE_OUTER_BOUND ( 'NONE', #3321, .T. ) ;
#2954 = DIRECTION ( 'NONE',  ( 0.000000000000000000, 1.000000000000000000, 0.000000000000000000 ) ) ;
#2955 = ADVANCED_FACE ( 'NONE', ( #2787 ), #2494, .T. ) ;
#2956 = CARTESIAN_POINT ( 'NONE',  ( 28.29850750463186415, 0.000000000000000000, 121.9635346225471437 ) ) ;
#2957 = B_SPLINE_CURVE_WITH_KNOTS ( 'NONE', 3,
 ( #1877, #2559, #3172, #1565 ),
 .UNSPECIFIED., .F., .F.,
 ( 4, 4 ),
 ( 0.1907511633396584694, 0.2190138761539300871 ),
 .UNSPECIFIED. ) ;
#2958 = AXIS2_PLACEMENT_3D ( 'NONE', #4024, #1726, #2062 ) ;
#2959 = EDGE_CURVE ( 'NONE', #2250, #2350, #2263, .T. ) ;
#2960 = ORIENTED_EDGE ( 'NONE', *, *, #1764, .F. ) ;
#2961 = DIRECTION ( 'NONE',  ( -0.02462468796396178466, 0.000000000000000000, 0.9996967663960296679 ) ) ;
#2962 = CIRCLE ( 'NONE', #2844, 2.935653437930426879 ) ;
#2963 = ORIENTED_EDGE ( 'NONE', *, *, #2446, .F. ) ;
#2964 = DIRECTION ( 'NONE',  ( -0.01230358619206042663, 0.000000000000000000, -0.9999243080187693034 ) ) ;
#2965 = VECTOR ( 'NONE', #2655, 1000.000000000000000 ) ;
#2966 = CARTESIAN_POINT ( 'NONE',  ( 127.5357265045467017, 2.766119798613399183, 127.6027081173578210 ) ) ;
#2967 = CYLINDRICAL_SURFACE ( 'NONE', #734, 11.20485320828255382 ) ;
#2968 = ORIENTED_EDGE ( 'NONE', *, *, #3073, .T. ) ;
#2969 = LINE ( 'NONE', #687, #2622 ) ;
#2970 = DIRECTION ( 'NONE',  ( 0.9999243080187693034, 0.000000000000000000, -0.01230358619206012305 ) ) ;
#2971 = EDGE_CURVE ( 'NONE', #2491, #425, #434, .T. ) ;
#2972 = CIRCLE ( 'NONE', #2578, 3.139102801331551174 ) ;
#2973 = EDGE_LOOP ( 'NONE', ( #1525, #1558, #1334, #6 ) ) ;
#2974 = CARTESIAN_POINT ( 'NONE',  ( 2.092780475106851024E-14, 3.000000000000000000, 128.5047235328461852 ) ) ;
#2975 = VECTOR ( 'NONE', #3894, 1000.000000000000000 ) ;
#2976 = AXIS2_PLACEMENT_3D ( 'NONE', #2153, #3294, #3447 ) ;
#2977 = DIRECTION ( 'NONE',  ( 0.000000000000000000, 6.272728171201039154E-15, 1.000000000000000000 ) ) ;
#2978 = DIRECTION ( 'NONE',  ( 0.9999243080187693034, 0.000000000000000000, -0.01230358619206012305 ) ) ;
#2979 = EDGE_CURVE ( 'NONE', #665, #2817, #2042, .T. ) ;
#2980 = ORIENTED_EDGE ( 'NONE', *, *, #1530, .F. ) ;
#2981 = CYLINDRICAL_SURFACE ( 'NONE', #3861, 127.5317311779830902 ) ;
#2982 = DIRECTION ( 'NONE',  ( -0.000000000000000000, -1.000000000000000000, 0.000000000000000000 ) ) ;
#2983 = ORIENTED_EDGE ( 'NONE', *, *, #1031, .T. ) ;
#2984 = DIRECTION ( 'NONE',  ( -0.9999243080187693034, -0.000000000000000000, 0.01230358619206012305 ) ) ;
#2985 = CARTESIAN_POINT ( 'NONE',  ( 10.93867797836523081, 5.636806178977411125E-16, 131.9877589689701267 ) ) ;
#2986 = CARTESIAN_POINT ( 'NONE',  ( 1.474514954580286030E-14, 3.000000000000000000, 122.4990036882872033 ) ) ;
#2987 = EDGE_CURVE ( 'NONE', #4042, #3478, #505, .T. ) ;
#2988 = VERTEX_POINT ( 'NONE', #2422 ) ;
#2989 = DIRECTION ( 'NONE',  ( 0.000000000000000000, -1.000000000000000000, -0.000000000000000000 ) ) ;
#2990 = VECTOR ( 'NONE', #3672, 1000.000000000000227 ) ;
#2991 = CARTESIAN_POINT ( 'NONE',  ( 124.0669831219265546, 2.424912756171457406, 125.3080804290228656 ) ) ;
#2992 = DIRECTION ( 'NONE',  ( -0.000000000000000000, -1.000000000000000000, 0.000000000000000000 ) ) ;
#2993 = CIRCLE ( 'NONE', #424, 46.46041339749348964 ) ;
#2994 = DIRECTION ( 'NONE',  ( -0.000000000000000000, -1.000000000000000000, 0.000000000000000000 ) ) ;
#2995 = EDGE_CURVE ( 'NONE', #2845, #3424, #262, .T. ) ;
#2996 = CARTESIAN_POINT ( 'NONE',  ( -126.4212743458872126, 1.917700304501817277, 130.9210493988784378 ) ) ;
#2997 = CARTESIAN_POINT ( 'NONE',  ( -3.549890263756471764, -0.6043443839402937723, 130.3523870675925878 ) ) ;
#2998 = AXIS2_PLACEMENT_3D ( 'NONE', #2947, #4003, #1670 ) ;
#2999 = ADVANCED_FACE ( 'NONE', ( #1784 ), #168, .T. ) ;
#3000 = CIRCLE ( 'NONE', #1315, 3.752155603605012324 ) ;
#3001 = EDGE_LOOP ( 'NONE', ( #985, #525, #308, #3468 ) ) ;
#3002 = CARTESIAN_POINT ( 'NONE',  ( -14.08610620030699856, 0.000000000000000000, 159.4827152166231770 ) ) ;
#3003 = DIRECTION ( 'NONE',  ( -1.000000000000000000, 0.000000000000000000, 0.000000000000000000 ) ) ;
#3004 = ORIENTED_EDGE ( 'NONE', *, *, #3827, .T. ) ;
#3005 = CARTESIAN_POINT ( 'NONE',  ( -13.98060367188669773, 0.000000000000000000, 155.1995934705634284 ) ) ;
#3006 = CARTESIAN_POINT ( 'NONE',  ( 126.1355457685181278, 2.530172608014399582, 125.9526410788826212 ) ) ;
#3007 = CARTESIAN_POINT ( 'NONE',  ( 127.8711769300759897, 3.000000000000000000, 128.7523356084224417 ) ) ;
#3008 = VERTEX_POINT ( 'NONE', #542 ) ;
#3009 = LINE ( 'NONE', #2930, #3635 ) ;
#3011 = DIRECTION ( 'NONE',  ( -0.01230358619206042663, 0.000000000000000000, -0.9999243080187693034 ) ) ;
#3010 = CC_DESIGN_PERSON_AND_ORGANIZATION_ASSIGNMENT ( #1318, #2295, ( #2490 ) ) ;
#3012 = B_SPLINE_CURVE_WITH_KNOTS ( 'NONE', 3,
 ( #466, #4080, #1774, #828, #3025, #3732, #3412, #3708, #486, #3345, #443, #807, #1515, #762, #1729, #1101, #2752, #1171, #2712, #1823, #185, #2462, #850, #2064, #1799, #3090, #535, #1752, #2140, #1489 ),
 .UNSPECIFIED., .F., .F.,
 ( 4, 2, 2, 2, 2, 2, 2, 2, 2, 2, 2, 2, 2, 2, 4 ),
 ( 0.001767836200961366965, 0.002219313451860415939, 0.002670790702759465347, 0.003573745204557563296, 0.004025222455456638725, 0.004476699706355714153, 0.004928176957254790450, 0.005379654208153865011, 0.006282608709951932602, 0.006734085960850929101, 0.007185563211749925600, 0.007637040462648922098, 0.008088517713547918597, 0.008539994964446913361, 0.008991472215345909860 ),
 .UNSPECIFIED. ) ;
#3013 = CARTESIAN_POINT ( 'NONE',  ( 32.84787537361835774, 3.000000000000000000, 121.7147934768526198 ) ) ;
#3014 = DIRECTION ( 'NONE',  ( 0.000000000000000000, 0.000000000000000000, -1.000000000000000000 ) ) ;
#3015 = DIRECTION ( 'NONE',  ( -0.9971507682994219524, 0.000000000000000000, 0.07543437730817606490 ) ) ;
#3016 = ADVANCED_FACE ( 'NONE', ( #2445 ), #816, .F. ) ;
#3017 = CIRCLE ( 'NONE', #2283, 8.204853208282562704 ) ;
#3018 = DIRECTION ( 'NONE',  ( 0.000000000000000000, 0.000000000000000000, 1.000000000000000000 ) ) ;
#3019 = EDGE_CURVE ( 'NONE', #1137, #1120, #773, .T. ) ;
#3020 = EDGE_LOOP ( 'NONE', ( #1162, #564, #2088, #3089, #4005, #1192 ) ) ;
#3021 = DIRECTION ( 'NONE',  ( 0.000000000000000000, 1.000000000000000000, 0.000000000000000000 ) ) ;
#3022 = EDGE_CURVE ( 'NONE', #3408, #4186, #2827, .T. ) ;
#3023 = CARTESIAN_POINT ( 'NONE',  ( -28.29850750463182507, 3.000000000000000000, 117.9205482819357655 ) ) ;
#3024 = VERTEX_POINT ( 'NONE', #585 ) ;
#3025 = CARTESIAN_POINT ( 'NONE',  ( -3.165764276448982173, 0.7372627334370610575, 126.0587651665743891 ) ) ;
#3026 = CARTESIAN_POINT ( 'NONE',  ( -128.1470440337508592, 3.000000000000000000, 126.3743361410729307 ) ) ;
#3027 = DIRECTION ( 'NONE',  ( -0.000000000000000000, -1.000000000000000000, 0.000000000000000000 ) ) ;
#3028 = ORIENTED_EDGE ( 'NONE', *, *, #4004, .F. ) ;
#3029 = CARTESIAN_POINT ( 'NONE',  ( -42.71867598408452693, 0.3258824745975830162, 111.0601409502193206 ) ) ;
#3030 =( BOUNDED_CURVE ( )  B_SPLINE_CURVE ( 3, ( #3358, #2685, #3342, #440 ),
 .UNSPECIFIED., .F., .T. ) 
 B_SPLINE_CURVE_WITH_KNOTS ( ( 4, 4 ),
 ( 4.487351897991028515, 4.546262198970885571 ),
 .UNSPECIFIED. ) 
 CURVE ( )  GEOMETRIC_REPRESENTATION_ITEM ( )  RATIONAL_B_SPLINE_CURVE ( ( 1.000000000000000000, 0.9997108189453777216, 0.9997108189453777216, 1.000000000000000000 ) ) 
 REPRESENTATION_ITEM ( '' )  );
#3031 = DIRECTION ( 'NONE',  ( 0.000000000000000000, 0.000000000000000000, 1.000000000000000000 ) ) ;
#3032 = AXIS2_PLACEMENT_3D ( 'NONE', #493, #3122, #1107 ) ;
#3033 = LOCAL_TIME ( 1, 20, 10.00000000000000000, #646 ) ;
#3034 = AXIS2_PLACEMENT_3D ( 'NONE', #558, #2142, #1847 ) ;
#3035 = CARTESIAN_POINT ( 'NONE',  ( 126.4212743458872410, 1.917700304501816611, 126.1831773491850441 ) ) ;
#3036 = LINE ( 'NONE', #147, #404 ) ;
#3037 = FACE_OUTER_BOUND ( 'NONE', #323, .T. ) ;
#3038 = ORIENTED_EDGE ( 'NONE', *, *, #4149, .T. ) ;
#3039 = CARTESIAN_POINT ( 'NONE',  ( -28.29850750463182507, -66.54258662559813331, 127.2719332406970238 ) ) ;
#3040 = ADVANCED_FACE ( 'NONE', ( #4035 ), #638, .T. ) ;
#3041 = AXIS2_PLACEMENT_3D ( 'NONE', #1829, #2493, #218 ) ;
#3042 = CIRCLE ( 'NONE', #3872, 183.7774700275770101 ) ;
#3043 = ORIENTED_EDGE ( 'NONE', *, *, #3835, .F. ) ;
#3044 = CARTESIAN_POINT ( 'NONE',  ( 16.61758014681925744, 0.000000000000000000, 128.7785423933719358 ) ) ;
#3045 = CARTESIAN_POINT ( 'NONE',  ( 29.10880820221330012, 3.000000000000000000, 99.54943624192311802 ) ) ;
#3046 = ORIENTED_EDGE ( 'NONE', *, *, #4134, .T. ) ;
#3047 = CARTESIAN_POINT ( 'NONE',  ( 2.993872308654817349, 2.705934258179995532E-16, 131.1574068157636930 ) ) ;
#3048 = CARTESIAN_POINT ( 'NONE',  ( 125.7600456890239684, 2.494602330378447697, 125.7314011462828915 ) ) ;
#3049 = CYLINDRICAL_SURFACE ( 'NONE', #3821, 26.49856672401596924 ) ;
#3050 = ORIENTED_EDGE ( 'NONE', *, *, #3383, .T. ) ;
#3051 = DIRECTION ( 'NONE',  ( 1.000000000000000000, 0.000000000000000000, -1.224646799147353947E-16 ) ) ;
#3052 = DIRECTION ( 'NONE',  ( 0.9996967663960294459, 0.000000000000000000, 0.02462468796396347429 ) ) ;
#3053 = EDGE_CURVE ( 'NONE', #4076, #1417, #278, .T. ) ;
#3054 = CARTESIAN_POINT ( 'NONE',  ( 124.5353832096426743, 1.866482816056901139, 125.3265315623997509 ) ) ;
#3055 = CARTESIAN_POINT ( 'NONE',  ( -0.1641923239324397654, 3.000000000000000000, 132.7295668223193275 ) ) ;
#3056 = CARTESIAN_POINT ( 'NONE',  ( -23.18736877920322215, 0.000000000000000000, 124.6540828009928248 ) ) ;
#3057 = VERTEX_POINT ( 'NONE', #1472 ) ;
#3058 = ORIENTED_EDGE ( 'NONE', *, *, #2652, .T. ) ;
#3059 = ORIENTED_EDGE ( 'NONE', *, *, #173, .T. ) ;
#3060 = FACE_OUTER_BOUND ( 'NONE', #2183, .T. ) ;
#3061 = CARTESIAN_POINT ( 'NONE',  ( 44.11139514003330930, 3.000000000000000000, 146.3303690260216570 ) ) ;
#3062 = ORIENTED_EDGE ( 'NONE', *, *, #2452, .T. ) ;
#3063 = DIRECTION ( 'NONE',  ( -0.02462468796396178466, 0.000000000000000000, 0.9996967663960296679 ) ) ;
#3064 = EDGE_CURVE ( 'NONE', #534, #2289, #1806, .T. ) ;
#3065 = CIRCLE ( 'NONE', #1311, 14.81030521360773911 ) ;
#3066 = EDGE_LOOP ( 'NONE', ( #2474, #4122, #4125, #4164 ) ) ;
#3067 = DIRECTION ( 'NONE',  ( 0.000000000000000000, -1.000000000000000000, -0.000000000000000000 ) ) ;
#3068 = DIRECTION ( 'NONE',  ( 0.01230358619206023928, 0.000000000000000000, 0.9999243080187693034 ) ) ;
#3069 = DIRECTION ( 'NONE',  ( -0.9996967663960294459, 0.000000000000000000, -0.02462468796396177773 ) ) ;
#3070 = ADVANCED_FACE ( 'NONE', ( #32 ), #2328, .T. ) ;
#3071 = ORIENTED_EDGE ( 'NONE', *, *, #1441, .T. ) ;
#3072 = CARTESIAN_POINT ( 'NONE',  ( -13.83732356703478317, 0.000000000000000000, 149.3828027067993958 ) ) ;
#3073 = EDGE_CURVE ( 'NONE', #3057, #246, #2033, .T. ) ;
#3074 = LINE ( 'NONE', #2784, #2921 ) ;
#3075 = CARTESIAN_POINT ( 'NONE',  ( -125.9036314306952420, 0.9295551409317729386, 112.8768564389485789 ) ) ;
#3076 = ORIENTED_EDGE ( 'NONE', *, *, #377, .F. ) ;
#3077 = LINE ( 'NONE', #1738, #670 ) ;
#3078 = DIRECTION ( 'NONE',  ( 0.01230358619206042663, 0.000000000000000000, 0.9999243080187693034 ) ) ;
#3079 = CARTESIAN_POINT ( 'NONE',  ( 0.3514958534972598136, -4.336808689942017736E-16, 124.5201971287457212 ) ) ;
#3080 = ORIENTED_EDGE ( 'NONE', *, *, #1435, .F. ) ;
#3081 = CARTESIAN_POINT ( 'NONE',  ( 63.07238507118981374, 1.985575621298298232, 122.9053920149537760 ) ) ;
#3082 = ORIENTED_EDGE ( 'NONE', *, *, #75, .F. ) ;
#3083 = ORIENTED_EDGE ( 'NONE', *, *, #1314, .T. ) ;
#3084 = CARTESIAN_POINT ( 'NONE',  ( -124.0669831219265120, 1.865262534174638942, 131.7961463190406164 ) ) ;
#3085 = DIRECTION ( 'NONE',  ( -0.000000000000000000, -1.000000000000000000, 0.000000000000000000 ) ) ;
#3086 = ORIENTED_EDGE ( 'NONE', *, *, #1828, .F. ) ;
#3087 = EDGE_CURVE ( 'NONE', #3385, #429, #94, .T. ) ;
#3088 = CARTESIAN_POINT ( 'NONE',  ( -128.9606803236352448, 3.000000000000000000, 120.5417794837427863 ) ) ;
#3089 = ORIENTED_EDGE ( 'NONE', *, *, #3960, .F. ) ;
#3090 = CARTESIAN_POINT ( 'NONE',  ( -3.576919245317335072, 0.7417114363378158881, 130.2962412457008838 ) ) ;
#3091 = LINE ( 'NONE', #187, #3303 ) ;
#3092 = CIRCLE ( 'NONE', #1270, 22.47851606900064070 ) ;
#3093 = DIRECTION ( 'NONE',  ( -0.01230358619206021326, 0.000000000000000000, -0.9999243080187693034 ) ) ;
#3094 = DIRECTION ( 'NONE',  ( -0.9999243080187693034, -0.000000000000000000, 0.01230358619206012305 ) ) ;
#3095 = CARTESIAN_POINT ( 'NONE',  ( 16.61758014681925744, 0.000000000000000000, 128.7785423933719358 ) ) ;
#3096 = VECTOR ( 'NONE', #129, 1000.000000000000114 ) ;
#3097 = VECTOR ( 'NONE', #3730, 1000.000000000000114 ) ;
#3098 = CARTESIAN_POINT ( 'NONE',  ( 32.84787537361837195, 1.532434666349224983, 121.7147934768526056 ) ) ;
#3099 = CARTESIAN_POINT ( 'NONE',  ( -28.29850750463182507, -58.90928934414226603, 121.5121115783775139 ) ) ;
#3100 = CARTESIAN_POINT ( 'NONE',  ( 8.383657868041842320, 6.657591323555883156E-16, 108.3580247272817161 ) ) ;
#3101 = CARTESIAN_POINT ( 'NONE',  ( 13.88156773654650245, 0.000000000000000000, 128.8122077060784818 ) ) ;
#3102 = VECTOR ( 'NONE', #1696, 1000.000000000000000 ) ;
#3103 = DIRECTION ( 'NONE',  ( 0.000000000000000000, 0.000000000000000000, -1.000000000000000000 ) ) ;
#3104 = CONICAL_SURFACE ( 'NONE', #3034, 5.863050924912347028, 0.07340946568293665875 ) ;
#3105 = EDGE_CURVE ( 'NONE', #1822, #2219, #607, .T. ) ;
#3106 = EDGE_LOOP ( 'NONE', ( #2562, #2231, #3966 ) ) ;
#3107 = AXIS2_PLACEMENT_3D ( 'NONE', #3689, #104, #1084 ) ;
#3108 = ORIENTED_EDGE ( 'NONE', *, *, #158, .F. ) ;
#3109 = CARTESIAN_POINT ( 'NONE',  ( 71.05686825914492033, 0.1595802760846098123, 145.6867252062870364 ) ) ;
#3110 = FACE_OUTER_BOUND ( 'NONE', #4114, .T. ) ;
#3111 = CIRCLE ( 'NONE', #811, 2.935653437930426879 ) ;
#3112 = VERTEX_POINT ( 'NONE', #1258 ) ;
#3113 = SECURITY_CLASSIFICATION ( '', '', #3266 ) ;
#3114 = CARTESIAN_POINT ( 'NONE',  ( 28.29850750463186415, 0.000000000000000000, 41.74514583558259773 ) ) ;
#3115 = ORIENTED_EDGE ( 'NONE', *, *, #3646, .F. ) ;
#3116 = AXIS2_PLACEMENT_3D ( 'NONE', #198, #2720, #4013 ) ;
#3117 = DIRECTION ( 'NONE',  ( 0.9999243080187693034, 0.000000000000000000, -0.01230358619206012305 ) ) ;
#3118 = VECTOR ( 'NONE', #3661, 1000.000000000000000 ) ;
#3119 = FACE_OUTER_BOUND ( 'NONE', #1454, .T. ) ;
#3120 = FACE_OUTER_BOUND ( 'NONE', #3066, .T. ) ;
#3121 = ORIENTED_EDGE ( 'NONE', *, *, #821, .F. ) ;
#3122 = DIRECTION ( 'NONE',  ( -0.000000000000000000, -1.000000000000000000, -0.000000000000000000 ) ) ;
#3123 = EDGE_CURVE ( 'NONE', #2523, #994, #1579, .T. ) ;
#3124 = LINE ( 'NONE', #879, #1959 ) ;
#3125 = DIRECTION ( 'NONE',  ( 1.224275445084856662E-16, 1.000000000000000000, 3.015654529506814774E-18 ) ) ;
#3126 = VERTEX_POINT ( 'NONE', #2617 ) ;
#3127 = DIRECTION ( 'NONE',  ( 0.000000000000000000, 1.000000000000000000, 0.000000000000000000 ) ) ;
#3128 = EDGE_LOOP ( 'NONE', ( #1601, #3288, #2083, #1320, #838, #698, #3188, #4108, #1533 ) ) ;
#3129 = CARTESIAN_POINT ( 'NONE',  ( -3.663283484050498195, -1.150394162628930239, 130.1134663451274776 ) ) ;
#3130 = B_SPLINE_SURFACE_WITH_KNOTS ( 'NONE', 3, 1, ( 
 ( #3741, #3079 ),
 ( #3789, #521 ),
 ( #1787, #1428 ),
 ( #1522, #1159 ) ),
 .UNSPECIFIED., .F., .F., .F.,
 ( 4, 4 ),
 ( 2, 2 ),
 ( 0.1907511633396584694, 0.2190138761643212750 ),
 ( 0.000000000000000000, 1.000000000000000000 ),
 .UNSPECIFIED. ) ;
#3131 = VERTEX_POINT ( 'NONE', #3267 ) ;
#3132 = ORIENTED_EDGE ( 'NONE', *, *, #1576, .F. ) ;
#3133 = CARTESIAN_POINT ( 'NONE',  ( 97.90334252934324866, 0.3098057903942146862, 145.0408339414069872 ) ) ;
#3134 = DIRECTION ( 'NONE',  ( 0.6156614753256590689, 0.000000000000000000, 0.7880107536067212370 ) ) ;
#3135 = TOROIDAL_SURFACE ( 'NONE', #970, 5.436335871037394796, 4.023363924561850880 ) ;
#3136 = VERTEX_POINT ( 'NONE', #2579 ) ;
#3137 = VECTOR ( 'NONE', #3219, 1000.000000000000000 ) ;
#3138 = B_SPLINE_CURVE_WITH_KNOTS ( 'NONE', 3,
 ( #2179, #1768, #2085, #2430, #845, #2481 ),
 .UNSPECIFIED., .F., .F.,
 ( 4, 2, 4 ),
 ( 2.168404344971008868E-19, 0.002485373298174743499, 0.004970746596349486998 ),
 .UNSPECIFIED. ) ;
#3139 = LINE ( 'NONE', #3114, #1000 ) ;
#3140 = EDGE_CURVE ( 'NONE', #2668, #52, #3589, .T. ) ;
#3141 = ORIENTED_EDGE ( 'NONE', *, *, #1746, .T. ) ;
#3142 = FACE_OUTER_BOUND ( 'NONE', #2108, .T. ) ;
#3143 = DIRECTION ( 'NONE',  ( 1.224646799147353947E-16, 0.000000000000000000, 1.000000000000000000 ) ) ;
#3144 = VECTOR ( 'NONE', #3948, 1000.000000000000114 ) ;
#3145 = VERTEX_POINT ( 'NONE', #285 ) ;
#3146 = EDGE_CURVE ( 'NONE', #1303, #3722, #4151, .T. ) ;
#3147 = CARTESIAN_POINT ( 'NONE',  ( 3.860743007884451128, -1.723809174203162931, 127.4527470624341987 ) ) ;
#3148 = CARTESIAN_POINT ( 'NONE',  ( 32.96733630353939759, 1.017124519974140107, 141.7750953505405960 ) ) ;
#3149 = DIRECTION ( 'NONE',  ( -1.000000000000000000, -0.000000000000000000, -0.000000000000000000 ) ) ;
#3150 = EDGE_CURVE ( 'NONE', #1839, #592, #3850, .T. ) ;
#3151 = ORIENTED_EDGE ( 'NONE', *, *, #735, .T. ) ;
#3152 = CARTESIAN_POINT ( 'NONE',  ( -8.173396248707188505, 0.000000000000000000, 131.1908483623695076 ) ) ;
#3153 = CARTESIAN_POINT ( 'NONE',  ( -3.714259180888091372, -1.946492901135872700, 127.0146325915336405 ) ) ;
#3154 = ORIENTED_EDGE ( 'NONE', *, *, #567, .F. ) ;
#3155 = ORIENTED_EDGE ( 'NONE', *, *, #990, .F. ) ;
#3156 = CARTESIAN_POINT ( 'NONE',  ( 124.8375808934546569, 0.4506449216101909849, 144.3928311865392971 ) ) ;
#3157 = DIRECTION ( 'NONE',  ( 0.000000000000000000, 1.000000000000000000, -0.000000000000000000 ) ) ;
#3158 = ORIENTED_EDGE ( 'NONE', *, *, #1310, .F. ) ;
#3159 = FACE_OUTER_BOUND ( 'NONE', #3399, .T. ) ;
#3160 = EDGE_CURVE ( 'NONE', #2289, #2653, #1240, .T. ) ;
#3161 = VECTOR ( 'NONE', #325, 1000.000000000000114 ) ;
#3162 = ORIENTED_EDGE ( 'NONE', *, *, #3776, .F. ) ;
#3163 = ORIENTED_EDGE ( 'NONE', *, *, #1532, .T. ) ;
#3164 = VECTOR ( 'NONE', #2001, 1000.000000000000114 ) ;
#3165 = DIRECTION ( 'NONE',  ( 0.6156614753256591799, 0.000000000000000000, 0.7880107536067211260 ) ) ;
#3166 = ORIENTED_EDGE ( 'NONE', *, *, #2086, .T. ) ;
#3167 = CARTESIAN_POINT ( 'NONE',  ( 3.339595395473876849, -1.373968015475236504, 130.7083535909423233 ) ) ;
#3168 = DIRECTION ( 'NONE',  ( 0.000000000000000000, -3.023682562926907729E-14, 1.000000000000000000 ) ) ;
#3169 = DIRECTION ( 'NONE',  ( -0.6156614753256592909, 0.000000000000000000, -0.7880107536067211260 ) ) ;
#3170 = ORIENTED_EDGE ( 'NONE', *, *, #4097, .F. ) ;
#3171 = LINE ( 'NONE', #1917, #3161 ) ;
#3172 = CARTESIAN_POINT ( 'NONE',  ( 0.1176578006609747956, 0.000000000000000000, 124.3408502050939290 ) ) ;
#3173 = CIRCLE ( 'NONE', #2958, 1.487478443580314114 ) ;
#3174 = ORIENTED_EDGE ( 'NONE', *, *, #4019, .T. ) ;
#3175 = ORIENTED_EDGE ( 'NONE', *, *, #1828, .T. ) ;
#3176 = CARTESIAN_POINT ( 'NONE',  ( -127.6436385197288530, 1.986464394040585280, 129.2518024698445345 ) ) ;
#3177 = LINE ( 'NONE', #271, #2431 ) ;
#3178 = TOROIDAL_SURFACE ( 'NONE', #2358, -5.048377722264533851, 14.81030521360773555 ) ;
#3179 =( BOUNDED_CURVE ( )  B_SPLINE_CURVE ( 3, ( #909, #1248, #3860, #1285 ),
 .UNSPECIFIED., .F., .T. ) 
 B_SPLINE_CURVE_WITH_KNOTS ( ( 4, 4 ),
 ( 4.712388980384689674, 4.735320162793438925 ),
 .UNSPECIFIED. ) 
 CURVE ( )  GEOMETRIC_REPRESENTATION_ITEM ( )  RATIONAL_B_SPLINE_CURVE ( ( 1.000000000000000000, 0.9999561805528225378, 0.9999561805528225378, 1.000000000000000000 ) ) 
 REPRESENTATION_ITEM ( '' )  );
#3180 = VECTOR ( 'NONE', #385, 1000.000000000000000 ) ;
#3181 = MANIFOLD_SOLID_BREP ( 'Boss-Extrude5', #1817 ) ;
#3182 = EDGE_CURVE ( 'NONE', #1953, #3962, #846, .T. ) ;
#3183 = PLANE ( 'NONE',  #905 ) ;
#3184 = DIRECTION ( 'NONE',  ( -0.9996967663960293349, 0.000000000000000000, -0.02462468796396399470 ) ) ;
#3185 = CIRCLE ( 'NONE', #1351, 2.968840882149699656 ) ;
#3186 = VERTEX_POINT ( 'NONE', #346 ) ;
#3187 = CARTESIAN_POINT ( 'NONE',  ( 128.9606803236352732, 1.683562034957478248, 136.5624472643206957 ) ) ;
#3188 = ORIENTED_EDGE ( 'NONE', *, *, #1057, .F. ) ;
#3189 = CONICAL_SURFACE ( 'NONE', #1357, 3.500972268307151580, 1.124694951828026701 ) ;
#3190 = DIRECTION ( 'NONE',  ( -0.9996967663960292239, 0.000000000000000000, -0.02462468796397005583 ) ) ;
#3191 = CARTESIAN_POINT ( 'NONE',  ( -12.35029617690374693, 1.821635714731315343E-16, 149.4194313993257026 ) ) ;
#3192 = CARTESIAN_POINT ( 'NONE',  ( -127.0399417885794122, 0.6028801734693981507, 113.4297339440675643 ) ) ;
#3193 = ORIENTED_EDGE ( 'NONE', *, *, #1769, .F. ) ;
#3194 = CARTESIAN_POINT ( 'NONE',  ( 127.8216158358684851, 1.303937539860684502, 142.9544852880206633 ) ) ;
#3195 = CARTESIAN_POINT ( 'NONE',  ( -3.612377296492555345, -1.781303769300735862, 126.7822768590770011 ) ) ;
#3196 = MANIFOLD_SOLID_BREP ( 'Cut-Extrude5[2]', #3858 ) ;
#3197 = EDGE_CURVE ( 'NONE', #1782, #1822, #2908, .T. ) ;
#3198 = ORIENTED_EDGE ( 'NONE', *, *, #1236, .T. ) ;
#3199 = ORIENTED_EDGE ( 'NONE', *, *, #1386, .F. ) ;
#3200 = DIRECTION ( 'NONE',  ( 0.000000000000000000, 1.000000000000000000, 0.000000000000000000 ) ) ;
#3201 = CARTESIAN_POINT ( 'NONE',  ( -9.555338446233552219, 3.000000000000000000, -62.16165546049179369 ) ) ;
#3202 = FACE_OUTER_BOUND ( 'NONE', #658, .T. ) ;
#3203 = DIRECTION ( 'NONE',  ( 1.000000000000000000, 0.000000000000000000, 0.000000000000000000 ) ) ;
#3204 = CIRCLE ( 'NONE', #1771, 3.752155603605012324 ) ;
#3205 = VERTEX_POINT ( 'NONE', #3892 ) ;
#3206 = DIRECTION ( 'NONE',  ( 0.6156614753256629546, 0.000000000000000000, 0.7880107536067182394 ) ) ;
#3207 = EDGE_CURVE ( 'NONE', #2435, #2922, #3567, .T. ) ;
#3208 = VERTEX_POINT ( 'NONE', #3246 ) ;
#3209 = DIRECTION ( 'NONE',  ( -0.000000000000000000, -1.000000000000000000, -0.000000000000000000 ) ) ;
#3210 = CARTESIAN_POINT ( 'NONE',  ( -127.8159510719124938, 0.7460102289793293373, 114.1428896362457834 ) ) ;
#3211 = EDGE_CURVE ( 'NONE', #3112, #1355, #1979, .T. ) ;
#3212 = VERTEX_POINT ( 'NONE', #4190 ) ;
#3213 = CARTESIAN_POINT ( 'NONE',  ( 127.9529975827451409, 1.350127351043635571, 142.7877286696848387 ) ) ;
#3214 = CARTESIAN_POINT ( 'NONE',  ( -3.930349608076381340, -1.995251185683775574, 129.2997398657888084 ) ) ;
#3215 = ORIENTED_EDGE ( 'NONE', *, *, #2942, .T. ) ;
#3216 = CONICAL_SURFACE ( 'NONE', #3752, 2.935653437930426879, 1.497386861111962952 ) ;
#3217 = EDGE_CURVE ( 'NONE', #3555, #3112, #1319, .T. ) ;
#3218 = CARTESIAN_POINT ( 'NONE',  ( 31.34170547533569717, 1.562731483711497393, 121.9688688053725656 ) ) ;
#3219 = DIRECTION ( 'NONE',  ( -0.000000000000000000, -1.000000000000000000, -0.000000000000000000 ) ) ;
#3220 = FACE_OUTER_BOUND ( 'NONE', #3678, .T. ) ;
#3221 = B_SPLINE_CURVE_WITH_KNOTS ( 'NONE', 3,
 ( #354, #453, #2285, #2400 ),
 .UNSPECIFIED., .F., .F.,
 ( 4, 4 ),
 ( 0.1795730530931698987, 0.2190138761428377379 ),
 .UNSPECIFIED. ) ;
#3222 = VERTEX_POINT ( 'NONE', #3287 ) ;
#3223 = CARTESIAN_POINT ( 'NONE',  ( -21.49992093543576743, 3.000000000000000000, 92.30896381146081353 ) ) ;
#3224 = ORIENTED_EDGE ( 'NONE', *, *, #1314, .F. ) ;
#3225 = CARTESIAN_POINT ( 'NONE',  ( 16.58504898725228571, 3.000000000000000000, 129.8188908357887499 ) ) ;
#3226 = DIRECTION ( 'NONE',  ( 1.000000000000000000, 0.000000000000000000, 0.000000000000000000 ) ) ;
#3227 = CARTESIAN_POINT ( 'NONE',  ( -126.4895800089561106, 0.5353311074959179461, 113.1062624657935061 ) ) ;
#3228 = EDGE_LOOP ( 'NONE', ( #3297, #3174, #3151, #2963 ) ) ;
#3229 = ORIENTED_EDGE ( 'NONE', *, *, #3123, .F. ) ;
#3230 = CARTESIAN_POINT ( 'NONE',  ( 0.3514958534971721060, 3.000000000000000000, 124.5201971287456217 ) ) ;
#3231 = DIRECTION ( 'NONE',  ( -0.02462468796396177773, 0.000000000000000000, 0.9996967663960294459 ) ) ;
#3232 = ORIENTED_EDGE ( 'NONE', *, *, #717, .T. ) ;
#3233 = CARTESIAN_POINT ( 'NONE',  ( -63.17659236582674964, 1.674895221417532110, 134.1947298177977075 ) ) ;
#3234 = EDGE_CURVE ( 'NONE', #2197, #1778, #1691, .T. ) ;
#3235 = CARTESIAN_POINT ( 'NONE',  ( 10.90005575648331160, 0.000000000000000000, 128.8488937725489052 ) ) ;
#3236 = DIRECTION ( 'NONE',  ( 0.6156614753256629546, 0.000000000000000000, 0.7880107536067182394 ) ) ;
#3237 = VECTOR ( 'NONE', #540, 1000.000000000000114 ) ;
#3238 = CONICAL_SURFACE ( 'NONE', #3979, 2.745177567217123915, 0.07340946568293808816 ) ;
#3239 = CIRCLE ( 'NONE', #394, 1.753160640428558015 ) ;
#3240 = ADVANCED_FACE ( 'NONE', ( #2004 ), #3347, .F. ) ;
#3241 = ORIENTED_EDGE ( 'NONE', *, *, #2895, .T. ) ;
#3242 = CARTESIAN_POINT ( 'NONE',  ( -8.268077246489378140, 0.000000000000000000, 125.6781397611438109 ) ) ;
#3243 = ORIENTED_EDGE ( 'NONE', *, *, #869, .F. ) ;
#3244 = CIRCLE ( 'NONE', #3928, 3.500972268307137369 ) ;
#3245 = DATE_TIME_ROLE ( 'creation_date' ) ;
#3246 = CARTESIAN_POINT ( 'NONE',  ( 42.71867598408456246, 0.3258824745975830162, 146.0440857978441613 ) ) ;
#3247 = ORIENTED_EDGE ( 'NONE', *, *, #1769, .T. ) ;
#3248 = ORIENTED_EDGE ( 'NONE', *, *, #631, .F. ) ;
#3249 = DIRECTION ( 'NONE',  ( -0.6156614753256589578, 0.000000000000000000, -0.7880107536067213481 ) ) ;
#3250 = CIRCLE ( 'NONE', #677, 26.49856672401595858 ) ;
#3251 = CARTESIAN_POINT ( 'NONE',  ( -28.29850750463182507, -17.00000000000000000, 126.0078291427249866 ) ) ;
#3252 = B_SPLINE_CURVE_WITH_KNOTS ( 'NONE', 3,
 ( #2537, #1870, #919, #980, #3486, #303, #282, #3167, #2577, #1578, #645, #3873, #2846, #3829, #2210, #604, #561, #321, #3847, #1894, #624, #1613, #2865, #2906, #3147, #1913, #259, #4169, #1851, #939, #1256, #2555 ),
 .UNSPECIFIED., .F., .F.,
 ( 4, 2, 2, 2, 2, 2, 2, 2, 2, 2, 2, 2, 2, 2, 2, 4 ),
 ( 0.008851835058690306693, 0.009303196572620119412, 0.009754558086549933865, 0.01020591960047974658, 0.01065728111440956104, 0.01110864262833937549, 0.01156000414226918821, 0.01201136565619900266, 0.01246272717012881712, 0.01291408868405862984, 0.01336545019798844255, 0.01381681171191825527, 0.01426817322584806973, 0.01471953473977788418, 0.01517089625370769690, 0.01607361928156732581 ),
 .UNSPECIFIED. ) ;
#3253 = EDGE_LOOP ( 'NONE', ( #324, #3570, #881, #4191 ) ) ;
#3254 = FACE_OUTER_BOUND ( 'NONE', #2630, .T. ) ;
#3255 = EDGE_CURVE ( 'NONE', #3008, #700, #3065, .T. ) ;
#3256 = CARTESIAN_POINT ( 'NONE',  ( -13.89379157503089246, 0.000000000000000000, 151.6752534814512785 ) ) ;
#3257 = EDGE_CURVE ( 'NONE', #4115, #2584, #2353, .T. ) ;
#3258 = FACE_OUTER_BOUND ( 'NONE', #3591, .T. ) ;
#3259 = CARTESIAN_POINT ( 'NONE',  ( 13.88156773654650245, 0.000000000000000000, 128.8122077060784818 ) ) ;
#3260 = EDGE_LOOP ( 'NONE', ( #962, #3765, #3215, #2241 ) ) ;
#3261 = ORIENTED_EDGE ( 'NONE', *, *, #2596, .T. ) ;
#3262 = CARTESIAN_POINT ( 'NONE',  ( 28.29850750463186415, 3.000000000000000000, 139.1836784661277591 ) ) ;
#3263 = VECTOR ( 'NONE', #1935, 1000.000000000000000 ) ;
#3264 = ORIENTED_EDGE ( 'NONE', *, *, #249, .F. ) ;
#3265 = DIRECTION ( 'NONE',  ( -0.6156614753256598460, 0.000000000000000000, -0.7880107536067206819 ) ) ;
#3266 = SECURITY_CLASSIFICATION_LEVEL ( 'unclassified' ) ;
#3267 = CARTESIAN_POINT ( 'NONE',  ( -1.168683127762842000, 3.000000000000000000, 124.6792588882725994 ) ) ;
#3268 = VECTOR ( 'NONE', #468, 1000.000000000000114 ) ;
#3269 = ORIENTED_EDGE ( 'NONE', *, *, #141, .F. ) ;
#3270 = ORIENTED_EDGE ( 'NONE', *, *, #2876, .T. ) ;
#3271 = FACE_OUTER_BOUND ( 'NONE', #1505, .T. ) ;
#3272 = CARTESIAN_POINT ( 'NONE',  ( 28.29850750463186415, 2.186267646384888685, 139.1836784661277875 ) ) ;
#3273 = ADVANCED_FACE ( 'NONE', ( #1710 ), #3216, .F. ) ;
#3274 = CARTESIAN_POINT ( 'NONE',  ( -124.9362866678300605, 2.442770078035139125, 131.6903431774925934 ) ) ;
#3275 = ADVANCED_FACE ( 'NONE', ( #2714 ), #386, .T. ) ;
#3276 = LINE ( 'NONE', #76, #727 ) ;
#3277 = ADVANCED_FACE ( 'NONE', ( #3651 ), #745, .F. ) ;
#3278 = VECTOR ( 'NONE', #2805, 1000.000000000000114 ) ;
#3279 = FACE_OUTER_BOUND ( 'NONE', #593, .T. ) ;
#3280 = DIRECTION ( 'NONE',  ( 0.000000000000000000, 0.000000000000000000, 1.000000000000000000 ) ) ;
#3281 = ORIENTED_EDGE ( 'NONE', *, *, #766, .T. ) ;
#3282 = DIRECTION ( 'NONE',  ( 0.9996967663960293349, 0.000000000000000000, 0.02462468796396399470 ) ) ;
#3283 = EDGE_CURVE ( 'NONE', #297, #2813, #1184, .T. ) ;
#3284 = ORIENTED_EDGE ( 'NONE', *, *, #178, .F. ) ;
#3285 = DIRECTION ( 'NONE',  ( -0.9996967663960293349, 0.000000000000000000, -0.02462468796396471982 ) ) ;
#3286 = DIRECTION ( 'NONE',  ( -1.224646799147353947E-16, 0.000000000000000000, -1.000000000000000000 ) ) ;
#3287 = CARTESIAN_POINT ( 'NONE',  ( -25.99889206176739620, 3.000000000000000000, 121.4624318311605720 ) ) ;
#3288 = ORIENTED_EDGE ( 'NONE', *, *, #1444, .T. ) ;
#3289 = DIRECTION ( 'NONE',  ( -0.000000000000000000, -1.000000000000000000, 0.000000000000000000 ) ) ;
#3290 = CARTESIAN_POINT ( 'NONE',  ( 128.5925918083507042, 3.000000000000000000, 141.4747847368248586 ) ) ;
#3291 = CARTESIAN_POINT ( 'NONE',  ( 16.58504898725228571, 3.000000000000000000, 129.8188908357887499 ) ) ;
#3292 = DIRECTION ( 'NONE',  ( -0.02462468796396178466, 0.000000000000000000, 0.9996967663960296679 ) ) ;
#3293 = EDGE_CURVE ( 'NONE', #2078, #360, #427, .T. ) ;
#3294 = DIRECTION ( 'NONE',  ( 0.000000000000000000, 1.000000000000000000, 0.000000000000000000 ) ) ;
#3295 = CONICAL_SURFACE ( 'NONE', #1339, 2.935653437930426879, 1.497386861111962952 ) ;
#3296 = EDGE_CURVE ( 'NONE', #3126, #511, #611, .T. ) ;
#3297 = ORIENTED_EDGE ( 'NONE', *, *, #4179, .F. ) ;
#3298 = LINE ( 'NONE', #401, #2767 ) ;
#3299 = FACE_OUTER_BOUND ( 'NONE', #3128, .T. ) ;
#3300 = CIRCLE ( 'NONE', #875, 19.99999999999998934 ) ;
#3301 = ORIENTED_EDGE ( 'NONE', *, *, #3901, .T. ) ;
#3302 = DIRECTION ( 'NONE',  ( 0.000000000000000000, 1.000000000000000000, 0.000000000000000000 ) ) ;
#3303 = VECTOR ( 'NONE', #4106, 1000.000000000000000 ) ;
#3304 = CARTESIAN_POINT ( 'NONE',  ( 127.7634056080584628, 2.841979769743774309, 128.2115562702291243 ) ) ;
#3305 = DIRECTION ( 'NONE',  ( -0.000000000000000000, -1.000000000000000000, 0.000000000000000000 ) ) ;
#3306 = ORIENTED_EDGE ( 'NONE', *, *, #1628, .F. ) ;
#3307 = CARTESIAN_POINT ( 'NONE',  ( 4.000695972773520737, 2.212824217557511464, 128.3764019997437060 ) ) ;
#3308 = CARTESIAN_POINT ( 'NONE',  ( -124.7413739335737972, 3.000000000000000000, 116.7102384217614741 ) ) ;
#3309 = ADVANCED_FACE ( 'NONE', ( #2335 ), #2967, .T. ) ;
#3310 = AXIS2_PLACEMENT_3D ( 'NONE', #2773, #865, #1187 ) ;
#3311 = VERTEX_POINT ( 'NONE', #2024 ) ;
#3312 = DIRECTION ( 'NONE',  ( 0.000000000000000000, 0.000000000000000000, -1.000000000000000000 ) ) ;
#3313 = EDGE_CURVE ( 'NONE', #3952, #2668, #1486, .T. ) ;
#3314 = VECTOR ( 'NONE', #3127, 1000.000000000000000 ) ;
#3315 = CIRCLE ( 'NONE', #1290, 68.55729232287750108 ) ;
#3316 = LINE ( 'NONE', #1719, #2735 ) ;
#3317 = CARTESIAN_POINT ( 'NONE',  ( 2.324106586466194821E-14, 3.000000000000000000, 135.9012033972842914 ) ) ;
#3318 = ORIENTED_EDGE ( 'NONE', *, *, #1074, .F. ) ;
#3319 = CARTESIAN_POINT ( 'NONE',  ( 9.555338446233587746, 0.000000000000000000, 319.2658822085552970 ) ) ;
#3320 = DIRECTION ( 'NONE',  ( -0.06106754923465387147, 0.000000000000000000, 0.9981336355571196473 ) ) ;
#3321 = EDGE_LOOP ( 'NONE', ( #3642, #3166, #3485, #2775 ) ) ;
#3322 = LINE ( 'NONE', #2615, #3164 ) ;
#3323 = EDGE_CURVE ( 'NONE', #1429, #704, #3862, .T. ) ;
#3324 = CARTESIAN_POINT ( 'NONE',  ( 11.23010504506709317, 0.000000000000000000, 128.8448326752866819 ) ) ;
#3325 = DIRECTION ( 'NONE',  ( 0.000000000000000000, 0.000000000000000000, -1.000000000000000000 ) ) ;
#3326 = EDGE_CURVE ( 'NONE', #3367, #3652, #3649, .T. ) ;
#3327 = ORIENTED_EDGE ( 'NONE', *, *, #1007, .T. ) ;
#3328 = CARTESIAN_POINT ( 'NONE',  ( 3.395831428594897616, 1.483332927638207677, 130.6215443608161877 ) ) ;
#3329 = TOROIDAL_SURFACE ( 'NONE', #2721, 0.3664748395200143616, 4.300065869620395276 ) ;
#3330 = CARTESIAN_POINT ( 'NONE',  ( 28.29850750463186415, 3.000000000000000000, 41.74514583558259773 ) ) ;
#3331 = CARTESIAN_POINT ( 'NONE',  ( -127.6984293701857212, 2.816836860014719779, 129.0997371491727108 ) ) ;
#3332 = EDGE_CURVE ( 'NONE', #783, #2543, #2082, .T. ) ;
#3333 = AXIS2_PLACEMENT_3D ( 'NONE', #1440, #2732, #830 ) ;
#3334 = CARTESIAN_POINT ( 'NONE',  ( -0.1641923239324397654, 0.000000000000000000, 132.7295668223193275 ) ) ;
#3335 = DIRECTION ( 'NONE',  ( 0.4425185826867385486, 1.104797992365958794E-16, 0.8967593344799484889 ) ) ;
#3336 = CIRCLE ( 'NONE', #229, 2.745177567217123915 ) ;
#3337 = ADVANCED_FACE ( 'NONE', ( #721 ), #51, .F. ) ;
#3338 = DIRECTION ( 'NONE',  ( -0.6156614753256590689, 0.000000000000000000, -0.7880107536067212370 ) ) ;
#3339 = VECTOR ( 'NONE', #247, 1000.000000000000000 ) ;
#3340 = CONICAL_SURFACE ( 'NONE', #2472, 1.487478443580312559, 0.02850683268840408999 ) ;
#3341 = ORIENTED_EDGE ( 'NONE', *, *, #2971, .F. ) ;
#3342 = CARTESIAN_POINT ( 'NONE',  ( -93.48754981004159959, 2.222938355254511666, 133.0007259453568338 ) ) ;
#3343 = FACE_OUTER_BOUND ( 'NONE', #2639, .T. ) ;
#3344 = ORIENTED_EDGE ( 'NONE', *, *, #123, .T. ) ;
#3345 = CARTESIAN_POINT ( 'NONE',  ( -3.714891411563288948, 1.947456636050215684, 127.0162286870771595 ) ) ;
#3346 = CARTESIAN_POINT ( 'NONE',  ( -124.8375808934546143, 0.8779368942899365980, 112.7113955615242133 ) ) ;
#3347 = PLANE ( 'NONE',  #3826 ) ;
#3348 = ORIENTED_EDGE ( 'NONE', *, *, #3776, .T. ) ;
#3349 = DIRECTION ( 'NONE',  ( 0.02462468796396178466, 0.000000000000000000, -0.9996967663960296679 ) ) ;
#3350 = DIRECTION ( 'NONE',  ( 0.000000000000000000, 1.000000000000000000, 0.000000000000000000 ) ) ;
#3351 = APPLICATION_CONTEXT ( 'configuration controlled 3d designs of mechanical parts and assemblies' ) ;
#3352 = CYLINDRICAL_SURFACE ( 'NONE', #265, 14.81030521360772845 ) ;
#3353 = CARTESIAN_POINT ( 'NONE',  ( -0.4896729104812940214, 3.000000000000000000, 132.4746379451150062 ) ) ;
#3354 = DIRECTION ( 'NONE',  ( 0.06106754923465387147, 0.000000000000000000, -0.9981336355571196473 ) ) ;
#3355 = ORIENTED_EDGE ( 'NONE', *, *, #641, .T. ) ;
#3356 = DIRECTION ( 'NONE',  ( 0.9996967663960293349, 0.000000000000000000, 0.02462468796396471982 ) ) ;
#3357 = ORIENTED_EDGE ( 'NONE', *, *, #766, .F. ) ;
#3358 = CARTESIAN_POINT ( 'NONE',  ( -32.84787537361832221, 1.713030476720014850, 135.3894332712108906 ) ) ;
#3359 = CARTESIAN_POINT ( 'NONE',  ( 2.306204344275843172E-14, -6.066500288313496192, 142.3216605460787321 ) ) ;
#3360 = CIRCLE ( 'NONE', #257, 4.000000000000003553 ) ;
#3361 = EDGE_CURVE ( 'NONE', #2149, #2176, #1010, .T. ) ;
#3362 = EDGE_LOOP ( 'NONE', ( #3046, #3683, #1812, #1527, #3444, #1943, #3270, #3820, #2631, #1798, #1183 ) ) ;
#3363 = CARTESIAN_POINT ( 'NONE',  ( 21.49992093543580296, 3.000000000000000000, 164.7952629366026827 ) ) ;
#3364 = DIRECTION ( 'NONE',  ( -0.9999243080187693034, -0.000000000000000000, 0.01230358619206012305 ) ) ;
#3365 = CARTESIAN_POINT ( 'NONE',  ( -16.57450563276008992, 0.000000000000000000, 131.8263916274714802 ) ) ;
#3366 = VECTOR ( 'NONE', #2038, 1000.000000000000000 ) ;
#3367 = VERTEX_POINT ( 'NONE', #3947 ) ;
#3368 = CARTESIAN_POINT ( 'NONE',  ( 13.66629848658081059, 0.000000000000000000, 128.8148564903416968 ) ) ;
#3369 = DIRECTION ( 'NONE',  ( -0.02462468796396178466, 0.000000000000000000, 0.9996967663960296679 ) ) ;
#3370 = CLOSED_SHELL ( 'NONE', ( #4, #2419, #2825, #66, #893, #1994, #2751, #1134, #3855, #2144, #917, #2943, #1663, #3016, #2123, #3756, #2955, #1325, #2488, #2075, #771, #3465, #3933, #1262, #3737, #824, #2642, #2134, #364, #1591, #2227, #1476, #2999, #695, #2138, #2673, #840, #4078, #1393, #1509, #2366 ) ) ;
#3371 = AXIS2_PLACEMENT_3D ( 'NONE', #763, #2731, #3964 ) ;
#3372 = DIRECTION ( 'NONE',  ( 0.06106754923465120000, 0.000000000000000000, -0.9981336355571198693 ) ) ;
#3373 = FACE_OUTER_BOUND ( 'NONE', #3228, .T. ) ;
#3374 = DIRECTION ( 'NONE',  ( -0.02462468796396483084, 0.000000000000000000, 0.9996967663960294459 ) ) ;
#3375 = ORIENTED_EDGE ( 'NONE', *, *, #1530, .T. ) ;
#3376 = TOROIDAL_SURFACE ( 'NONE', #3310, -5.048377722264533851, 14.81030521360773555 ) ;
#3377 = ORIENTED_EDGE ( 'NONE', *, *, #866, .T. ) ;
#3378 = ORIENTED_EDGE ( 'NONE', *, *, #3296, .T. ) ;
#3379 = EDGE_CURVE ( 'NONE', #2197, #3145, #192, .T. ) ;
#3380 = CARTESIAN_POINT ( 'NONE',  ( 9.555338446233587746, 3.000000000000000000, 319.2658822085552970 ) ) ;
#3381 = CARTESIAN_POINT ( 'NONE',  ( 2.014054019100348358E-14, 0.000000000000000000, 118.4660899111570416 ) ) ;
#3382 = CONICAL_SURFACE ( 'NONE', #4143, 5.863050924912333706, 0.07340946568293665875 ) ;
#3383 = EDGE_CURVE ( 'NONE', #425, #2813, #267, .T. ) ;
#3384 = EDGE_CURVE ( 'NONE', #1417, #746, #1122, .T. ) ;
#3385 = VERTEX_POINT ( 'NONE', #445 ) ;
#3386 = DIRECTION ( 'NONE',  ( 1.000000000000000000, 0.000000000000000000, 0.000000000000000000 ) ) ;
#3387 = ORIENTED_EDGE ( 'NONE', *, *, #1746, .F. ) ;
#3388 = CARTESIAN_POINT ( 'NONE',  ( 28.29850750463186415, -58.90928934414226603, 135.5921151696859681 ) ) ;
#3389 = CARTESIAN_POINT ( 'NONE',  ( -128.9606803236352448, 1.683562034957478248, 120.5417794837427863 ) ) ;
#3390 = FACE_OUTER_BOUND ( 'NONE', #2185, .T. ) ;
#3391 = ORIENTED_EDGE ( 'NONE', *, *, #158, .T. ) ;
#3392 = CARTESIAN_POINT ( 'NONE',  ( 1.387778780781445676E-14, 0.000000000000000000, 121.2030233507792047 ) ) ;
#3393 = CARTESIAN_POINT ( 'NONE',  ( 128.5925918083507042, 1.018901876480210467, 141.4747847368248586 ) ) ;
#3394 = CARTESIAN_POINT ( 'NONE',  ( 75.33938752215367174, 3.000000000000000000, 140.7578850154839643 ) ) ;
#3395 = ORIENTED_EDGE ( 'NONE', *, *, #2959, .F. ) ;
#3396 = DIRECTION ( 'NONE',  ( 0.000000000000000000, -1.000000000000000000, -0.000000000000000000 ) ) ;
#3397 = DIRECTION ( 'NONE',  ( 0.02462468796396178466, 0.000000000000000000, -0.9996967663960296679 ) ) ;
#3398 = FACE_OUTER_BOUND ( 'NONE', #3767, .T. ) ;
#3399 = EDGE_LOOP ( 'NONE', ( #238, #2919, #2722, #3162, #2408 ) ) ;
#3400 = CARTESIAN_POINT ( 'NONE',  ( 44.11139514003330930, 0.000000000000000000, 146.3303690260216570 ) ) ;
#3401 = CONICAL_SURFACE ( 'NONE', #4160, 2.968840882149699656, 1.507594121024852019 ) ;
#3402 = EDGE_CURVE ( 'NONE', #1409, #2765, #3627, .T. ) ;
#3403 = ORIENTED_EDGE ( 'NONE', *, *, #1580, .T. ) ;
#3404 = EDGE_LOOP ( 'NONE', ( #577, #2684, #966, #3908 ) ) ;
#3405 = DIRECTION ( 'NONE',  ( -0.9996967663960295569, 0.000000000000000000, -0.02462468796395883563 ) ) ;
#3406 = DIRECTION ( 'NONE',  ( -0.01230358619206014560, 0.000000000000000000, -0.9999243080187693034 ) ) ;
#3407 = EDGE_CURVE ( 'NONE', #2392, #843, #4058, .T. ) ;
#3408 = VERTEX_POINT ( 'NONE', #2985 ) ;
#3409 = DIRECTION ( 'NONE',  ( -0.9999243080187693034, 0.000000000000000000, 0.01230358619206012305 ) ) ;
#3410 = VECTOR ( 'NONE', #615, 1000.000000000000114 ) ;
#3411 = VERTEX_POINT ( 'NONE', #1690 ) ;
#3412 = CARTESIAN_POINT ( 'NONE',  ( -3.398739028278955132, 1.385024234069074600, 126.3837503277659096 ) ) ;
#3413 = LINE ( 'NONE', #2465, #3645 ) ;
#3414 = FACE_OUTER_BOUND ( 'NONE', #3020, .T. ) ;
#3415 = EDGE_CURVE ( 'NONE', #2910, #3205, #86, .T. ) ;
#3416 = DIRECTION ( 'NONE',  ( -1.000000000000000000, 0.000000000000000000, 1.224646799147353947E-16 ) ) ;
#3417 = CARTESIAN_POINT ( 'NONE',  ( -16.61758014681921836, 0.000000000000000000, 128.3256843546915604 ) ) ;
#3418 = LINE ( 'NONE', #3394, #3237 ) ;
#3419 = PLANE ( 'NONE',  #2159 ) ;
#3420 = CARTESIAN_POINT ( 'NONE',  ( -16.58504898725224663, 3.000000000000000000, 127.2853359122747605 ) ) ;
#3421 = DIRECTION ( 'NONE',  ( 0.000000000000000000, 0.000000000000000000, 1.000000000000000000 ) ) ;
#3422 = VERTEX_POINT ( 'NONE', #1102 ) ;
#3423 = CYLINDRICAL_SURFACE ( 'NONE', #3659, 68.55729232287751529 ) ;
#3424 = VERTEX_POINT ( 'NONE', #3026 ) ;
#3425 = ORIENTED_EDGE ( 'NONE', *, *, #1444, .F. ) ;
#3426 = EDGE_CURVE ( 'NONE', #994, #253, #1754, .T. ) ;
#3427 = FACE_OUTER_BOUND ( 'NONE', #1901, .T. ) ;
#3428 = CARTESIAN_POINT ( 'NONE',  ( 1.611906525553322610E-14, 0.000000000000000000, 132.9436406591117361 ) ) ;
#3429 = CIRCLE ( 'NONE', #2486, 4.000000000000003553 ) ;
#3430 = VERTEX_POINT ( 'NONE', #2045 ) ;
#3431 = DIRECTION ( 'NONE',  ( 0.02462468796396483084, 0.000000000000000000, -0.9996967663960294459 ) ) ;
#3432 = EDGE_CURVE ( 'NONE', #1898, #3962, #1378, .T. ) ;
#3433 = VERTEX_POINT ( 'NONE', #3346 ) ;
#3434 = DIRECTION ( 'NONE',  ( 1.000000000000000000, -0.000000000000000000, -0.000000000000000000 ) ) ;
#3435 = PLANE ( 'NONE',  #1674 ) ;
#3436 = AXIS2_PLACEMENT_3D ( 'NONE', #3368, #3094, #143 ) ;
#3437 = PLANE ( 'NONE',  #2387 ) ;
#3438 = PLANE ( 'NONE',  #832 ) ;
#3439 = CIRCLE ( 'NONE', #2758, 14.81030521360772845 ) ;
#3440 = VECTOR ( 'NONE', #136, 1000.000000000000114 ) ;
#3441 = FACE_OUTER_BOUND ( 'NONE', #3996, .T. ) ;
#3442 = DIRECTION ( 'NONE',  ( -0.000000000000000000, 1.000000000000000000, 0.000000000000000000 ) ) ;
#3443 = CARTESIAN_POINT ( 'NONE',  ( 28.29850750463186415, -17.00000000000000000, 131.0963976053384954 ) ) ;
#3444 = ORIENTED_EDGE ( 'NONE', *, *, #178, .T. ) ;
#3445 = CARTESIAN_POINT ( 'NONE',  ( 2.141766347072745083E-14, -20.00000000000000000, 124.5047235328461710 ) ) ;
#3446 = ORIENTED_EDGE ( 'NONE', *, *, #123, .F. ) ;
#3447 = DIRECTION ( 'NONE',  ( -0.6156614753256590689, 0.000000000000000000, -0.7880107536067212370 ) ) ;
#3448 = AXIS2_PLACEMENT_3D ( 'NONE', #1537, #580, #2821 ) ;
#3449 = EDGE_CURVE ( 'NONE', #511, #1655, #1730, .T. ) ;
#3450 = VERTEX_POINT ( 'NONE', #2713 ) ;
#3451 = ORIENTED_EDGE ( 'NONE', *, *, #3458, .T. ) ;
#3452 = CARTESIAN_POINT ( 'NONE',  ( -13.70241755168436804, 3.595138586167412710E-16, 125.3539390252163059 ) ) ;
#3453 = CARTESIAN_POINT ( 'NONE',  ( -10.90005575648327607, 0.000000000000000000, 128.2553329755145910 ) ) ;
#3454 = EDGE_CURVE ( 'NONE', #894, #3799, #4028, .T. ) ;
#3455 = CONICAL_SURFACE ( 'NONE', #1560, 3.752155603605012324, 0.03848173118449152441 ) ;
#3456 = ORIENTED_EDGE ( 'NONE', *, *, #1297, .T. ) ;
#3457 = CARTESIAN_POINT ( 'NONE',  ( -128.9606803236352448, 1.683562034957478248, 120.5417794837427863 ) ) ;
#3458 = EDGE_CURVE ( 'NONE', #2209, #1723, #2095, .T. ) ;
#3459 = ORIENTED_EDGE ( 'NONE', *, *, #494, .T. ) ;
#3460 = ADVANCED_FACE ( 'NONE', ( #407 ), #1892, .T. ) ;
#3461 = FACE_OUTER_BOUND ( 'NONE', #33, .T. ) ;
#3462 = CARTESIAN_POINT ( 'NONE',  ( -8.236769351995151922, 0.000000000000000000, 128.2225625212222155 ) ) ;
#3463 = EDGE_LOOP ( 'NONE', ( #2796, #2914, #644, #2319 ) ) ;
#3464 = FACE_OUTER_BOUND ( 'NONE', #639, .T. ) ;
#3465 = ADVANCED_FACE ( 'NONE', ( #2066 ), #467, .F. ) ;
#3466 = CARTESIAN_POINT ( 'NONE',  ( 42.71867598408456246, 0.07032594677695847007, 146.0440857978441613 ) ) ;
#3467 = DIRECTION ( 'NONE',  ( 0.000000000000000000, 1.000000000000000000, 0.000000000000000000 ) ) ;
#3468 = ORIENTED_EDGE ( 'NONE', *, *, #3916, .F. ) ;
#3469 = CARTESIAN_POINT ( 'NONE',  ( 28.29850750463186415, 3.000000000000000000, 130.7298906069905513 ) ) ;
#3470 = DIRECTION ( 'NONE',  ( -1.598721155460224787E-14, 0.000000000000000000, 1.000000000000000000 ) ) ;
#3471 = ADVANCED_FACE ( 'NONE', ( #3984 ), #1463, .T. ) ;
#3472 = VERTEX_POINT ( 'NONE', #3389 ) ;
#3473 = EDGE_LOOP ( 'NONE', ( #2725, #2572, #3083, #867 ) ) ;
#3474 = CARTESIAN_POINT ( 'NONE',  ( 16.78709093729635526, 3.000000000000000000, 121.6165256147145897 ) ) ;
#3475 = FACE_OUTER_BOUND ( 'NONE', #2459, .T. ) ;
#3476 =( BOUNDED_CURVE ( )  B_SPLINE_CURVE ( 3, ( #461, #781, #1665, #2018 ),
 .UNSPECIFIED., .F., .T. ) 
 B_SPLINE_CURVE_WITH_KNOTS ( ( 4, 4 ),
 ( 4.735320162793438925, 4.843472429436074478 ),
 .UNSPECIFIED. ) 
 CURVE ( )  GEOMETRIC_REPRESENTATION_ITEM ( )  RATIONAL_B_SPLINE_CURVE ( ( 1.000000000000000000, 0.9990254947760345283, 0.9990254947760345283, 1.000000000000000000 ) ) 
 REPRESENTATION_ITEM ( '' )  );
#3477 = VECTOR ( 'NONE', #411, 1000.000000000000000 ) ;
#3478 = VERTEX_POINT ( 'NONE', #1800 ) ;
#3479 = CIRCLE ( 'NONE', #3333, 26.49856672401597280 ) ;
#3480 = CARTESIAN_POINT ( 'NONE',  ( 124.8375808934546569, 0.8779368942899365980, 144.3928311865392971 ) ) ;
#3481 = ORIENTED_EDGE ( 'NONE', *, *, #2995, .F. ) ;
#3482 = VERTEX_POINT ( 'NONE', #3483 ) ;
#3483 = CARTESIAN_POINT ( 'NONE',  ( 42.71867598408456246, 0.07032594677695847007, 146.0440857978441613 ) ) ;
#3484 = AXIS2_PLACEMENT_3D ( 'NONE', #4063, #219, #2192 ) ;
#3485 = ORIENTED_EDGE ( 'NONE', *, *, #2180, .T. ) ;
#3486 = CARTESIAN_POINT ( 'NONE',  ( 3.094098537297436557, -0.7392677979152877388, 131.0407575220452827 ) ) ;
#3487 = CARTESIAN_POINT ( 'NONE',  ( 37.77216479325505816, 0.5531304509636446598, 144.0602820548226930 ) ) ;
#3488 = CARTESIAN_POINT ( 'NONE',  ( -1.136304144762484425, 0.000000000000000000, 128.8073135801968760 ) ) ;
#3489 = AXIS2_PLACEMENT_3D ( 'NONE', #503, #1792, #3338 ) ;
#3490 = ORIENTED_EDGE ( 'NONE', *, *, #1532, .F. ) ;
#3491 = DIRECTION ( 'NONE',  ( -0.6156614753256590689, 0.000000000000000000, -0.7880107536067212370 ) ) ;
#3492 = CARTESIAN_POINT ( 'NONE',  ( -127.8711769300759613, 2.901991765339423601, 128.3518911396410545 ) ) ;
#3493 = EDGE_CURVE ( 'NONE', #3433, #246, #3091, .T. ) ;
#3494 = ORIENTED_EDGE ( 'NONE', *, *, #3851, .F. ) ;
#3495 = EDGE_LOOP ( 'NONE', ( #2807, #2479, #2820, #3906 ) ) ;
#3496 = DIRECTION ( 'NONE',  ( 0.000000000000000000, 1.000000000000000000, 0.000000000000000000 ) ) ;
#3497 = DIRECTION ( 'NONE',  ( -0.000000000000000000, -1.000000000000000000, 0.000000000000000000 ) ) ;
#3498 = DIRECTION ( 'NONE',  ( 0.6156614753256590689, 0.000000000000000000, 0.7880107536067212370 ) ) ;
#3499 = CARTESIAN_POINT ( 'NONE',  ( -28.29850750463182507, 3.000000000000000000, 135.0908839571044382 ) ) ;
#3500 = EDGE_LOOP ( 'NONE', ( #137, #2375, #3043, #2693 ) ) ;
#3501 = AXIS2_PLACEMENT_3D ( 'NONE', #4126, #1595, #1559 ) ;
#3502 = LINE ( 'NONE', #3262, #4133 ) ;
#3503 = EDGE_CURVE ( 'NONE', #4186, #3722, #1818, .T. ) ;
#3504 = EDGE_LOOP ( 'NONE', ( #2743, #1747, #4000, #2354 ) ) ;
#3505 = DIRECTION ( 'NONE',  ( -0.01230358619205989060, 0.000000000000000000, -0.9999243080187691923 ) ) ;
#3506 = AXIS2_PLACEMENT_3D ( 'NONE', #3072, #3349, #1779 ) ;
#3507 = CARTESIAN_POINT ( 'NONE',  ( 44.11139514003330930, 0.000000000000000000, 146.3303690260216570 ) ) ;
#3508 = CARTESIAN_POINT ( 'NONE',  ( -125.2661954274293379, 0.4566615381315652922, 112.7390500251768941 ) ) ;
#3509 = ORIENTED_EDGE ( 'NONE', *, *, #1389, .T. ) ;
#3510 = LINE ( 'NONE', #1583, #2819 ) ;
#3511 = VECTOR ( 'NONE', #1438, 1000.000000000000000 ) ;
#3512 = DIRECTION ( 'NONE',  ( 0.000000000000000000, -1.000000000000000000, -0.000000000000000000 ) ) ;
#3513 = CIRCLE ( 'NONE', #2897, 3.139102801331551174 ) ;
#3514 = ORIENTED_EDGE ( 'NONE', *, *, #22, .F. ) ;
#3515 = PRODUCT_DEFINITION ( 'UNKNOWN', '', #4069, #2503 ) ;
#3516 = VERTEX_POINT ( 'NONE', #2800 ) ;
#3517 = DIRECTION ( 'NONE',  ( -0.000000000000000000, -1.000000000000000000, 0.000000000000000000 ) ) ;
#3518 = DIRECTION ( 'NONE',  ( 0.9999243080187693034, 0.000000000000000000, -0.01230358619206012305 ) ) ;
#3519 = AXIS2_PLACEMENT_3D ( 'NONE', #3733, #2117, #3068 ) ;
#3520 = AXIS2_PLACEMENT_3D ( 'NONE', #2067, #3668, #764 ) ;
#3521 = EDGE_CURVE ( 'NONE', #843, #34, #4052, .T. ) ;
#3522 = DIRECTION ( 'NONE',  ( 0.02462468796396177773, 0.000000000000000000, -0.9996967663960294459 ) ) ;
#3523 = DIRECTION ( 'NONE',  ( 0.000000000000000000, 0.000000000000000000, -1.000000000000000000 ) ) ;
#3524 = AXIS2_PLACEMENT_3D ( 'NONE', #117, #3685, #3386 ) ;
#3525 = EDGE_CURVE ( 'NONE', #927, #943, #1194, .T. ) ;
#3526 = AXIS2_PLACEMENT_3D ( 'NONE', #856, #1199, #835 ) ;
#3527 = ORIENTED_EDGE ( 'NONE', *, *, #1679, .T. ) ;
#3528 = DIRECTION ( 'NONE',  ( -0.9987049606810051161, 7.734885974112813963E-18, -0.05087633547290796449 ) ) ;
#3529 = VECTOR ( 'NONE', #3421, 1000.000000000000000 ) ;
#3530 = ORIENTED_EDGE ( 'NONE', *, *, #3989, .F. ) ;
#3531 = CIRCLE ( 'NONE', #3818, 4.000000000000003553 ) ;
#3532 = PLANE ( 'NONE',  #3501 ) ;
#3533 = APPROVAL_STATUS ( 'not_yet_approved' ) ;
#3534 = CARTESIAN_POINT ( 'NONE',  ( 8.236769351995187449, 0.000000000000000000, 128.8816642268412807 ) ) ;
#3535 = ORIENTED_EDGE ( 'NONE', *, *, #3064, .F. ) ;
#3536 = DIRECTION ( 'NONE',  ( 0.02462468796396177773, 0.000000000000000000, -0.9996967663960294459 ) ) ;
#3537 = DIRECTION ( 'NONE',  ( 0.6156614753256597350, 0.000000000000000000, 0.7880107536067209040 ) ) ;
#3538 = ORIENTED_EDGE ( 'NONE', *, *, #990, .T. ) ;
#3539 = EDGE_LOOP ( 'NONE', ( #847, #3929, #1664, #742 ) ) ;
#3540 = CARTESIAN_POINT ( 'NONE',  ( 32.84787537361837195, 1.532434666349224983, 121.7147934768526056 ) ) ;
#3541 = DIRECTION ( 'NONE',  ( -0.9981336355571196473, 8.981994390130116332E-18, -0.06106754923465562701 ) ) ;
#3542 = VECTOR ( 'NONE', #790, 1000.000000000000000 ) ;
#3543 = DIRECTION ( 'NONE',  ( 0.000000000000000000, 0.000000000000000000, -1.000000000000000000 ) ) ;
#3544 = VECTOR ( 'NONE', #674, 1000.000000000000000 ) ;
#3545 = ORIENTED_EDGE ( 'NONE', *, *, #195, .F. ) ;
#3546 = CARTESIAN_POINT ( 'NONE',  ( -29.82562666216093206, 1.792924664020455028, 135.0357988936078186 ) ) ;
#3547 = ORIENTED_EDGE ( 'NONE', *, *, #1188, .F. ) ;
#3548 = DIRECTION ( 'NONE',  ( 0.02462468796396178466, 0.000000000000000000, -0.9996967663960296679 ) ) ;
#3549 = EDGE_CURVE ( 'NONE', #1957, #98, #2457, .T. ) ;
#3550 = CARTESIAN_POINT ( 'NONE',  ( -125.0532444776484624, 0.4517726264824058480, 112.7165841469518881 ) ) ;
#3551 = VERTEX_POINT ( 'NONE', #4123 ) ;
#3552 = CARTESIAN_POINT ( 'NONE',  ( 129.0646846789497317, 2.498368717048184529, 137.3967767728529168 ) ) ;
#3553 = AXIS2_PLACEMENT_3D ( 'NONE', #1840, #3200, #227 ) ;
#3554 = DIRECTION ( 'NONE',  ( 0.6156614753256587358, 0.000000000000000000, 0.7880107536067216811 ) ) ;
#3555 = VERTEX_POINT ( 'NONE', #3780 ) ;
#3556 = AXIS2_PLACEMENT_3D ( 'NONE', #3725, #2384, #2057 ) ;
#3557 = CARTESIAN_POINT ( 'NONE',  ( 23.14120380932828525, 0.000000000000000000, 128.6982723515571934 ) ) ;
#3558 = CARTESIAN_POINT ( 'NONE',  ( 128.2256884351585597, 3.000000000000000000, 131.0963976053384954 ) ) ;
#3559 = LINE ( 'NONE', #1644, #73 ) ;
#3560 = EDGE_CURVE ( 'NONE', #3803, #543, #2901, .T. ) ;
#3561 = EDGE_LOOP ( 'NONE', ( #1965, #14, #3155, #10, #4094, #2831, #849, #3724 ) ) ;
#3562 = VERTEX_POINT ( 'NONE', #4145 ) ;
#3563 = DIRECTION ( 'NONE',  ( -0.000000000000000000, -1.000000000000000000, -0.000000000000000000 ) ) ;
#3564 = VERTEX_POINT ( 'NONE', #1490 ) ;
#3565 = AXIS2_PLACEMENT_3D ( 'NONE', #1059, #3648, #3265 ) ;
#3566 = DIRECTION ( 'NONE',  ( 0.000000000000000000, 0.000000000000000000, 1.000000000000000000 ) ) ;
#3567 = B_SPLINE_CURVE_WITH_KNOTS ( 'NONE', 3,
 ( #1597, #2275, #1952, #1915 ),
 .UNSPECIFIED., .F., .F.,
 ( 4, 4 ),
 ( 2.252664839157909642E-15, 0.001425547793234604186 ),
 .UNSPECIFIED. ) ;
#3568 = PERSON_AND_ORGANIZATION_ROLE ( 'creator' ) ;
#3569 = CARTESIAN_POINT ( 'NONE',  ( -32.84787537361832221, 3.000000000000000000, 135.3894332712108906 ) ) ;
#3570 = ORIENTED_EDGE ( 'NONE', *, *, #3608, .T. ) ;
#3571 = CARTESIAN_POINT ( 'NONE',  ( 127.0494184157373638, 1.099049263889745554, 143.6678039751363656 ) ) ;
#3572 = CARTESIAN_POINT ( 'NONE',  ( 16.28991988077630637, 3.824663701534785526E-16, 131.5279594657394853 ) ) ;
#3573 = ORIENTED_EDGE ( 'NONE', *, *, #3415, .T. ) ;
#3574 = LINE ( 'NONE', #1603, #1078 ) ;
#3575 = VECTOR ( 'NONE', #1820, 1000.000000000000000 ) ;
#3576 = CARTESIAN_POINT ( 'NONE',  ( -17.01376077737743131, 0.000000000000000000, 121.4644059416612691 ) ) ;
#3577 = ADVANCED_FACE ( 'NONE', ( #3142 ), #1775, .F. ) ;
#3578 = DIRECTION ( 'NONE',  ( -0.000000000000000000, -1.000000000000000000, -0.000000000000000000 ) ) ;
#3579 = CARTESIAN_POINT ( 'NONE',  ( 2.078294798244607798E-14, 3.000000000000000000, 124.1605860889517459 ) ) ;
#3580 = AXIS2_PLACEMENT_3D ( 'NONE', #3291, #2621, #2301 ) ;
#3581 = CC_DESIGN_APPROVAL ( #1946, ( #3515 ) ) ;
#3582 = EDGE_LOOP ( 'NONE', ( #2432, #2090, #2396, #1563, #4120, #1650, #159, #3108, #3836 ) ) ;
#3583 = CYLINDRICAL_SURFACE ( 'NONE', #464, 29.49856672401589819 ) ;
#3584 = ADVANCED_FACE ( 'NONE', ( #829 ), #1141, .T. ) ;
#3585 = ADVANCED_FACE ( 'NONE', ( #3461 ), #1867, .F. ) ;
#3586 = EDGE_LOOP ( 'NONE', ( #1484, #3403, #1728, #907 ) ) ;
#3587 = CARTESIAN_POINT ( 'NONE',  ( 14.08610620030703586, 0.000000000000000000, 97.62151153144030502 ) ) ;
#3588 = PERSON_AND_ORGANIZATION_ROLE ( 'creator' ) ;
#3589 = LINE ( 'NONE', #1562, #4017 ) ;
#3590 = ORIENTED_EDGE ( 'NONE', *, *, #2111, .F. ) ;
#3591 = EDGE_LOOP ( 'NONE', ( #226, #1567, #2839, #2173 ) ) ;
#3592 = LINE ( 'NONE', #2355, #2059 ) ;
#3593 = AXIS2_PLACEMENT_3D ( 'NONE', #4062, #2826, #2848 ) ;
#3594 = DIRECTION ( 'NONE',  ( 0.000000000000000000, -1.000000000000000000, -0.000000000000000000 ) ) ;
#3595 = AXIS2_PLACEMENT_3D ( 'NONE', #2036, #2766, #713 ) ;
#3596 = PLANE ( 'NONE',  #730 ) ;
#3597 = CARTESIAN_POINT ( 'NONE',  ( 0.3514958534971721060, 3.000000000000000000, 124.5201971287456217 ) ) ;
#3598 = CARTESIAN_POINT ( 'NONE',  ( 11.16799189463113606, 0.000000000000000000, 123.7968370747339435 ) ) ;
#3599 = ADVANCED_FACE ( 'NONE', ( #851 ), #3104, .T. ) ;
#3600 = DIRECTION ( 'NONE',  ( 0.000000000000000000, 0.000000000000000000, -1.000000000000000000 ) ) ;
#3601 = CYLINDRICAL_SURFACE ( 'NONE', #680, 22.47851606900064425 ) ;
#3602 = VERTEX_POINT ( 'NONE', #2843 ) ;
#3603 = DIRECTION ( 'NONE',  ( 0.9999243080187693034, 0.000000000000000000, -0.01230358619206012305 ) ) ;
#3604 =( BOUNDED_CURVE ( )  B_SPLINE_CURVE ( 3, ( #1034, #1353, #3742, #1504 ),
 .UNSPECIFIED., .F., .T. ) 
 B_SPLINE_CURVE_WITH_KNOTS ( ( 4, 4 ),
 ( 4.712388980384689674, 4.735320162793438925 ),
 .UNSPECIFIED. ) 
 CURVE ( )  GEOMETRIC_REPRESENTATION_ITEM ( )  RATIONAL_B_SPLINE_CURVE ( ( 1.000000000000000000, 0.9999561805528225378, 0.9999561805528225378, 1.000000000000000000 ) ) 
 REPRESENTATION_ITEM ( '' )  );
#3605 = AXIS2_PLACEMENT_3D ( 'NONE', #1468, #3692, #3714 ) ;
#3606 = ORIENTED_EDGE ( 'NONE', *, *, #3257, .F. ) ;
#3607 = DIRECTION ( 'NONE',  ( 0.9999243080187693034, 0.000000000000000000, -0.01230358619206012305 ) ) ;
#3608 = EDGE_CURVE ( 'NONE', #2543, #3112, #2511, .T. ) ;
#3609 = COORDINATED_UNIVERSAL_TIME_OFFSET ( 5, 0, .AHEAD. ) ;
#3610 = DIRECTION ( 'NONE',  ( -0.9999243080187693034, 0.000000000000000000, 0.01230358619206012305 ) ) ;
#3611 = ORIENTED_EDGE ( 'NONE', *, *, #599, .T. ) ;
#3612 = ORIENTED_EDGE ( 'NONE', *, *, #3841, .F. ) ;
#3613 = LINE ( 'NONE', #2006, #1541 ) ;
#3614 = DIRECTION ( 'NONE',  ( -0.000000000000000000, -1.000000000000000000, 0.000000000000000000 ) ) ;
#3615 = CARTESIAN_POINT ( 'NONE',  ( -128.5925918083506758, 3.000000000000000000, 115.6294420112386234 ) ) ;
#3616 = CARTESIAN_POINT ( 'NONE',  ( 16.28991988077630637, 0.000000000000000000, 131.5279594657394853 ) ) ;
#3617 = EDGE_CURVE ( 'NONE', #1995, #45, #3413, .T. ) ;
#3618 = AXIS2_PLACEMENT_3D ( 'NONE', #2255, #942, #2235 ) ;
#3619 = LINE ( 'NONE', #3558, #3544 ) ;
#3620 = CARTESIAN_POINT ( 'NONE',  ( 32.84787537361835774, 1.713030476720014850, 121.7147934768526198 ) ) ;
#3621 = ORIENTED_EDGE ( 'NONE', *, *, #141, .T. ) ;
#3622 = DIRECTION ( 'NONE',  ( -0.000000000000000000, -1.000000000000000000, 0.000000000000000000 ) ) ;
#3623 = CYLINDRICAL_SURFACE ( 'NONE', #3640, 46.46041339749348964 ) ;
#3624 = ADVANCED_FACE ( 'NONE', ( #513 ), #3435, .F. ) ;
#3625 = ORIENTED_EDGE ( 'NONE', *, *, #2245, .F. ) ;
#3626 = CARTESIAN_POINT ( 'NONE',  ( -42.71867598408452693, 3.000000000000000000, 111.0601409502193206 ) ) ;
#3627 = LINE ( 'NONE', #3667, #2427 ) ;
#3628 = DIRECTION ( 'NONE',  ( -0.000000000000000000, -1.000000000000000000, -0.000000000000000000 ) ) ;
#3629 = ADVANCED_FACE ( 'NONE', ( #3119 ), #3178, .T. ) ;
#3630 = ORIENTED_EDGE ( 'NONE', *, *, #3432, .T. ) ;
#3631 = CARTESIAN_POINT ( 'NONE',  ( -116.5853683369082745, 3.000000000000000000, 118.9991199807127202 ) ) ;
#3632 = FACE_OUTER_BOUND ( 'NONE', #1834, .T. ) ;
#3633 = VERTEX_POINT ( 'NONE', #896 ) ;
#3634 = CARTESIAN_POINT ( 'NONE',  ( 0.1176578006609657057, 3.000000000000000000, 124.3408502050939006 ) ) ;
#3635 = VECTOR ( 'NONE', #1005, 1000.000000000000114 ) ;
#3636 = CARTESIAN_POINT ( 'NONE',  ( -125.6381451498662614, 1.889520339270223559, 131.4140237075415598 ) ) ;
#3637 = CARTESIAN_POINT ( 'NONE',  ( 16.61758014681925744, 0.000000000000000000, 128.7785423933719358 ) ) ;
#3638 = CIRCLE ( 'NONE', #1478, 29.49856672401590885 ) ;
#3639 = EDGE_CURVE ( 'NONE', #581, #534, #2552, .T. ) ;
#3640 = AXIS2_PLACEMENT_3D ( 'NONE', #402, #2390, #463 ) ;
#3641 = ADVANCED_FACE ( 'NONE', ( #2862 ), #2903, .T. ) ;
#3642 = ORIENTED_EDGE ( 'NONE', *, *, #2452, .F. ) ;
#3643 = DIRECTION ( 'NONE',  ( -0.000000000000000000, -1.000000000000000000, 0.000000000000000000 ) ) ;
#3644 = CARTESIAN_POINT ( 'NONE',  ( 28.29850750463186415, 2.994741839151652929, 131.5549810608604844 ) ) ;
#3645 = VECTOR ( 'NONE', #2093, 1000.000000000000000 ) ;
#3646 = EDGE_CURVE ( 'NONE', #3126, #700, #1254, .T. ) ;
#3647 = ORIENTED_EDGE ( 'NONE', *, *, #4097, .T. ) ;
#3648 = DIRECTION ( 'NONE',  ( -0.000000000000000000, -1.000000000000000000, 0.000000000000000000 ) ) ;
#3649 = CIRCLE ( 'NONE', #3520, 4.023363924561845550 ) ;
#3650 = CARTESIAN_POINT ( 'NONE',  ( 75.41326158604557861, 3.000000000000000000, 137.7587947162958812 ) ) ;
#3651 = FACE_OUTER_BOUND ( 'NONE', #1264, .T. ) ;
#3652 = VERTEX_POINT ( 'NONE', #935 ) ;
#3653 = DIRECTION ( 'NONE',  ( -0.000000000000000000, -1.000000000000000000, 0.000000000000000000 ) ) ;
#3654 = CARTESIAN_POINT ( 'NONE',  ( -128.0549001665782498, 3.000000000000002665, 127.0348700093275909 ) ) ;
#3655 = EDGE_CURVE ( 'NONE', #2765, #2845, #298, .T. ) ;
#3656 = CARTESIAN_POINT ( 'NONE',  ( -16.86096500118822661, 3.000000000000000000, 138.4867914325370180 ) ) ;
#3657 = AXIS2_PLACEMENT_3D ( 'NONE', #3256, #2935, #3991 ) ;
#3658 = CARTESIAN_POINT ( 'NONE',  ( -17.18925122003600947, 3.000000000000000000, 118.4545593302449049 ) ) ;
#3659 = AXIS2_PLACEMENT_3D ( 'NONE', #733, #2477, #1371 ) ;
#3660 = CARTESIAN_POINT ( 'NONE',  ( -28.29850750463182507, 3.000000000000000000, 215.3590809124808914 ) ) ;
#3661 = DIRECTION ( 'NONE',  ( 0.000000000000000000, -1.000000000000000000, 0.000000000000000000 ) ) ;
#3662 = ORIENTED_EDGE ( 'NONE', *, *, #1816, .F. ) ;
#3663 = DIRECTION ( 'NONE',  ( -1.000000000000000000, 0.000000000000000000, 0.000000000000000000 ) ) ;
#3664 = DIRECTION ( 'NONE',  ( 0.000000000000000000, 0.000000000000000000, -1.000000000000000000 ) ) ;
#3665 = ORIENTED_EDGE ( 'NONE', *, *, #2571, .F. ) ;
#3666 = CARTESIAN_POINT ( 'NONE',  ( 11.06604981356844064, 3.464035308901344972E-16, 105.3593198868481409 ) ) ;
#3667 = CARTESIAN_POINT ( 'NONE',  ( -28.29850750463182507, 3.000000000000000000, 215.3590809124808914 ) ) ;
#3668 = DIRECTION ( 'NONE',  ( 0.000000000000000000, -1.000000000000000000, -0.000000000000000000 ) ) ;
#3669 = ORIENTED_EDGE ( 'NONE', *, *, #1922, .T. ) ;
#3670 = DIRECTION ( 'NONE',  ( -0.000000000000000000, -1.000000000000000000, 0.000000000000000000 ) ) ;
#3671 = AXIS2_PLACEMENT_3D ( 'NONE', #3915, #3231, #71 ) ;
#3672 = DIRECTION ( 'NONE',  ( 0.9987049606810052271, 7.734885974112664511E-18, 0.05087633547290675712 ) ) ;
#3673 = FACE_OUTER_BOUND ( 'NONE', #150, .T. ) ;
#3674 = AXIS2_PLACEMENT_3D ( 'NONE', #636, #1992, #3600 ) ;
#3675 = DIRECTION ( 'NONE',  ( -0.000000000000000000, -1.000000000000000000, -0.000000000000000000 ) ) ;
#3676 = CYLINDRICAL_SURFACE ( 'NONE', #181, 4.000000000000013323 ) ;
#3677 = CIRCLE ( 'NONE', #765, 8.204853208282562704 ) ;
#3678 = EDGE_LOOP ( 'NONE', ( #918, #1220, #1207, #1025 ) ) ;
#3679 = EDGE_CURVE ( 'NONE', #2257, #3555, #3711, .T. ) ;
#3680 = DIRECTION ( 'NONE',  ( 0.02462468796396178466, 0.000000000000000000, -0.9996967663960296679 ) ) ;
#3681 = AXIS2_PLACEMENT_3D ( 'NONE', #1178, #2148, #3720 ) ;
#3682 = CIRCLE ( 'NONE', #1862, 2.745177567217123915 ) ;
#3683 = ORIENTED_EDGE ( 'NONE', *, *, #132, .T. ) ;
#3684 = DIRECTION ( 'NONE',  ( -0.01230358619206011611, 0.000000000000000000, -0.9999243080187693034 ) ) ;
#3685 = DIRECTION ( 'NONE',  ( 0.000000000000000000, 0.000000000000000000, 1.000000000000000000 ) ) ;
#3686 = ORIENTED_EDGE ( 'NONE', *, *, #299, .T. ) ;
#3687 = CARTESIAN_POINT ( 'NONE',  ( 10.59114502048066875, 0.000000000000000000, 118.4629961237586002 ) ) ;
#3688 = CARTESIAN_POINT ( 'NONE',  ( 124.5092780521297016, 2.427834074321652658, 125.3255032326540714 ) ) ;
#3689 = CARTESIAN_POINT ( 'NONE',  ( -8.209923638391227740, 0.000000000000000000, 128.2222321976681485 ) ) ;
#3690 = VERTEX_POINT ( 'NONE', #2229 ) ;
#3691 = DIRECTION ( 'NONE',  ( 0.000000000000000000, 6.272728171201039154E-15, -1.000000000000000000 ) ) ;
#3692 = DIRECTION ( 'NONE',  ( -1.000000000000000000, 0.000000000000000000, 0.000000000000000000 ) ) ;
#3693 = EDGE_CURVE ( 'NONE', #3411, #359, #3771, .T. ) ;
#3694 = LINE ( 'NONE', #2146, #116 ) ;
#3695 = CARTESIAN_POINT ( 'NONE',  ( -0.3274479398670888108, 3.000000000000000000, 132.6048549806988888 ) ) ;
#3696 = CARTESIAN_POINT ( 'NONE',  ( 2.107266151969093934E-14, 3.000000000000000000, 132.8488609767405819 ) ) ;
#3697 = EDGE_CURVE ( 'NONE', #4088, #1274, #3300, .T. ) ;
#3698 = ORIENTED_EDGE ( 'NONE', *, *, #4163, .T. ) ;
#3699 = CIRCLE ( 'NONE', #1876, 20.00000000000000355 ) ;
#3700 = ORIENTED_EDGE ( 'NONE', *, *, #313, .T. ) ;
#3701 = DIRECTION ( 'NONE',  ( 0.000000000000000000, 0.000000000000000000, -1.000000000000000000 ) ) ;
#3702 = ORIENTED_EDGE ( 'NONE', *, *, #2055, .F. ) ;
#3703 = DIRECTION ( 'NONE',  ( -0.01230358619205983335, 0.000000000000000000, -0.9999243080187693034 ) ) ;
#3704 = VECTOR ( 'NONE', #3354, 1000.000000000000114 ) ;
#3705 = CARTESIAN_POINT ( 'NONE',  ( -28.29850750463182507, 3.000000000000000000, 117.9205482819357655 ) ) ;
#3706 = AXIS2_PLACEMENT_3D ( 'NONE', #2776, #1143, #4101 ) ;
#3707 = VERTEX_POINT ( 'NONE', #1911 ) ;
#3708 = CARTESIAN_POINT ( 'NONE',  ( -3.560085994078844962, 1.690841709152339112, 126.6776284902944241 ) ) ;
#3709 = DIRECTION ( 'NONE',  ( 0.000000000000000000, 0.000000000000000000, 1.000000000000000000 ) ) ;
#3710 = CARTESIAN_POINT ( 'NONE',  ( 1.387778780781445676E-14, 3.000000000000000000, 121.2030233507792190 ) ) ;
#3711 = CIRCLE ( 'NONE', #333, 5.863050924912347028 ) ;
#3712 = ORIENTED_EDGE ( 'NONE', *, *, #2349, .F. ) ;
#3713 = CARTESIAN_POINT ( 'NONE',  ( 70.94651003847981485, 0.4555867781193042587, 145.6893802815873471 ) ) ;
#3715 = EDGE_CURVE ( 'NONE', #1963, #34, #800, .T. ) ;
#3714 = DIRECTION ( 'NONE',  ( 0.000000000000000000, 0.000000000000000000, 1.000000000000000000 ) ) ;
#3716 = DIRECTION ( 'NONE',  ( 0.9971507682994219524, 0.000000000000000000, -0.07543437730817730003 ) ) ;
#3717 = EDGE_CURVE ( 'NONE', #2527, #3828, #260, .T. ) ;
#3718 = VERTEX_POINT ( 'NONE', #1593 ) ;
#3719 = DIRECTION ( 'NONE',  ( -0.000000000000000000, -1.000000000000000000, 0.000000000000000000 ) ) ;
#3720 = DIRECTION ( 'NONE',  ( 0.6156614753256590689, 0.000000000000000000, 0.7880107536067212370 ) ) ;
#3721 = DIRECTION ( 'NONE',  ( -1.000000000000000000, -1.224275445084856662E-16, 0.000000000000000000 ) ) ;
#3722 = VERTEX_POINT ( 'NONE', #4183 ) ;
#3723 = ORIENTED_EDGE ( 'NONE', *, *, #1050, .T. ) ;
#3724 = ORIENTED_EDGE ( 'NONE', *, *, #648, .F. ) ;
#3725 = CARTESIAN_POINT ( 'NONE',  ( -90.19000727105778026, 3.000000000000000000, 229.4274301947389745 ) ) ;
#3726 = DIRECTION ( 'NONE',  ( 0.02462468796396178466, 0.000000000000000000, -0.9996967663960296679 ) ) ;
#3727 = CIRCLE ( 'NONE', #1018, 26.49856672401595858 ) ;
#3728 = EDGE_CURVE ( 'NONE', #3422, #3753, #1313, .T. ) ;
#3729 = ORIENTED_EDGE ( 'NONE', *, *, #3639, .F. ) ;
#3730 = DIRECTION ( 'NONE',  ( 0.4203195660668387901, 0.000000000000000000, -0.9073761416201026053 ) ) ;
#3731 = ORIENTED_EDGE ( 'NONE', *, *, #937, .T. ) ;
#3732 = CARTESIAN_POINT ( 'NONE',  ( -3.289667194588435706, 1.143721040189583871, 126.2249882668228764 ) ) ;
#3733 = CARTESIAN_POINT ( 'NONE',  ( -11.11532500644896615, 0.000000000000000000, 128.2579817597777492 ) ) ;
#3734 = CARTESIAN_POINT ( 'NONE',  ( -0.1641923239323837547, 3.000000000000000000, 132.7295668223193275 ) ) ;
#3735 = CARTESIAN_POINT ( 'NONE',  ( 16.25614435196553842, 0.000000000000000000, 128.7829896864512307 ) ) ;
#3736 = DIRECTION ( 'NONE',  ( 0.000000000000000000, 1.000000000000000000, 0.000000000000000000 ) ) ;
#3737 = ADVANCED_FACE ( 'NONE', ( #2249 ), #2881, .F. ) ;
#3738 = CARTESIAN_POINT ( 'NONE',  ( -125.6933974252092696, 0.9116233840108514119, 112.8192038241102608 ) ) ;
#3739 = CARTESIAN_POINT ( 'NONE',  ( 126.4895800089561817, 0.5353311074959010707, 143.9979642822700043 ) ) ;
#3740 = CARTESIAN_POINT ( 'NONE',  ( 127.8711769300759897, 2.901991765339423601, 128.7523356084224417 ) ) ;
#3741 = CARTESIAN_POINT ( 'NONE',  ( 0.3514958534972598136, 3.000000000000000000, 124.5201971287457212 ) ) ;
#3742 = CARTESIAN_POINT ( 'NONE',  ( 128.2408226738340886, 2.998247202910620413, 131.4021433547267748 ) ) ;
#3743 =( BOUNDED_CURVE ( )  B_SPLINE_CURVE ( 3, ( #778, #2429, #437, #2723 ),
 .UNSPECIFIED., .F., .T. ) 
 B_SPLINE_CURVE_WITH_KNOTS ( ( 4, 4 ),
 ( 1.784811280955462154, 1.813828243087139969 ),
 .UNSPECIFIED. ) 
 CURVE ( )  GEOMETRIC_REPRESENTATION_ITEM ( )  RATIONAL_B_SPLINE_CURVE ( ( 1.000000000000000000, 0.9999298358898391914, 0.9999298358898391914, 1.000000000000000000 ) ) 
 REPRESENTATION_ITEM ( '' )  );
#3744 = CONICAL_SURFACE ( 'NONE', #3885, 6.066500288313498856, 1.497386861111960288 ) ;
#3745 = ORIENTED_EDGE ( 'NONE', *, *, #1292, .T. ) ;
#3746 = EDGE_LOOP ( 'NONE', ( #269, #1253, #1280, #652 ) ) ;
#3747 = DIRECTION ( 'NONE',  ( -0.000000000000000000, -1.000000000000000000, 0.000000000000000000 ) ) ;
#3748 = LINE ( 'NONE', #3770, #1895 ) ;
#3749 = EDGE_CURVE ( 'NONE', #1488, #1839, #3779, .T. ) ;
#3750 = ORIENTED_EDGE ( 'NONE', *, *, #3257, .T. ) ;
#3751 = DIRECTION ( 'NONE',  ( 0.01230358619206044397, 0.000000000000000000, 0.9999243080187691923 ) ) ;
#3752 = AXIS2_PLACEMENT_3D ( 'NONE', #1421, #3610, #3965 ) ;
#3753 = VERTEX_POINT ( 'NONE', #3242 ) ;
#3754 = DIRECTION ( 'NONE',  ( -1.000000000000000000, -0.000000000000000000, -0.000000000000000000 ) ) ;
#3755 = DIRECTION ( 'NONE',  ( -1.000000000000000000, -1.224275445084856168E-16, 0.000000000000000000 ) ) ;
#3756 = ADVANCED_FACE ( 'NONE', ( #2290 ), #3583, .T. ) ;
#3757 = PLANE ( 'NONE',  #2893 ) ;
#3758 = CARTESIAN_POINT ( 'NONE',  ( 2.306204344275843172E-14, -6.066500288313496192, 142.3216605460787321 ) ) ;
#3759 = CARTESIAN_POINT ( 'NONE',  ( -127.0494184157373638, 1.099049263889747996, 113.4364227729270169 ) ) ;
#3760 = EDGE_CURVE ( 'NONE', #4153, #2755, #3502, .T. ) ;
#3761 = CARTESIAN_POINT ( 'NONE',  ( 42.71867598408456246, 0.07032594677695847007, 146.0440857978441613 ) ) ;
#3762 = CARTESIAN_POINT ( 'NONE',  ( -127.8711769300759613, 3.000000000000000000, 128.3518911396410545 ) ) ;
#3763 = ORIENTED_EDGE ( 'NONE', *, *, #1007, .F. ) ;
#3764 = LINE ( 'NONE', #3445, #3314 ) ;
#3765 = ORIENTED_EDGE ( 'NONE', *, *, #1727, .T. ) ;
#3766 = DIRECTION ( 'NONE',  ( 1.000000000000000000, 0.000000000000000000, -0.000000000000000000 ) ) ;
#3767 = EDGE_LOOP ( 'NONE', ( #1854, #3795, #2060, #2056 ) ) ;
#3768 = VERTEX_POINT ( 'NONE', #2941 ) ;
#3769 = CARTESIAN_POINT ( 'NONE',  ( 1.441397174384592805, 1.500000000000000000, 132.2359933147938875 ) ) ;
#3770 = CARTESIAN_POINT ( 'NONE',  ( 75.33938752215367174, 0.000000000000000000, 140.7578850154839643 ) ) ;
#3771 =( BOUNDED_CURVE ( )  B_SPLINE_CURVE ( 3, ( #3889, #341, #1627, #3187 ),
 .UNSPECIFIED., .F., .T. ) 
 B_SPLINE_CURVE_WITH_KNOTS ( ( 4, 4 ),
 ( 4.696635695332417981, 4.810715656454363831 ),
 .UNSPECIFIED. ) 
 CURVE ( )  GEOMETRIC_REPRESENTATION_ITEM ( )  RATIONAL_B_SPLINE_CURVE ( ( 1.000000000000000000, 0.9989157742197758427, 0.9989157742197758427, 1.000000000000000000 ) ) 
 REPRESENTATION_ITEM ( '' )  );
#3772 = EDGE_CURVE ( 'NONE', #1778, #1303, #2294, .T. ) ;
#3773 = VECTOR ( 'NONE', #1359, 1000.000000000000000 ) ;
#3774 = ORIENTED_EDGE ( 'NONE', *, *, #3617, .T. ) ;
#3775 = CYLINDRICAL_SURFACE ( 'NONE', #1212, 62.19039892000446912 ) ;
#3776 = EDGE_CURVE ( 'NONE', #1839, #4115, #3030, .T. ) ;
#3777 = EDGE_LOOP ( 'NONE', ( #329, #4099, #1794, #1869 ) ) ;
#3778 = CARTESIAN_POINT ( 'NONE',  ( 11.11532500644900345, 0.000000000000000000, 128.8462449882857186 ) ) ;
#3779 = B_SPLINE_CURVE_WITH_KNOTS ( 'NONE', 3,
 ( #2613, #3546, #660, #3869 ),
 .UNSPECIFIED., .F., .F.,
 ( 4, 4 ),
 ( 0.000000000000000000, 0.004559654080033338254 ),
 .UNSPECIFIED. ) ;
#3780 = CARTESIAN_POINT ( 'NONE',  ( -13.95370428894956305, 7.180166548431960381E-16, 122.4294119030130901 ) ) ;
#3781 = DIRECTION ( 'NONE',  ( -0.000000000000000000, -1.000000000000000000, -0.000000000000000000 ) ) ;
#3782 = EDGE_CURVE ( 'NONE', #4076, #3411, #1017, .T. ) ;
#3783 = CONICAL_SURFACE ( 'NONE', #1811, 6.066500288313498856, 1.497386861111960288 ) ;
#3784 = ORIENTED_EDGE ( 'NONE', *, *, #1922, .F. ) ;
#3785 = CARTESIAN_POINT ( 'NONE',  ( -125.0549612316264643, 0.8795770844604775540, 112.7166254498204836 ) ) ;
#3786 = CARTESIAN_POINT ( 'NONE',  ( -28.29850750463182507, 3.000000000000000000, 126.3743361410729307 ) ) ;
#3787 = DIRECTION ( 'NONE',  ( 0.9996967663960294459, 0.000000000000000000, 0.02462468796396177773 ) ) ;
#3788 = ORIENTED_EDGE ( 'NONE', *, *, #776, .T. ) ;
#3789 = CARTESIAN_POINT ( 'NONE',  ( 0.2348346069227857935, 3.000000000000000000, 124.4291165911302954 ) ) ;
#3790 = EDGE_CURVE ( 'NONE', #843, #2392, #1277, .T. ) ;
#3791 = AXIS2_PLACEMENT_3D ( 'NONE', #1154, #452, #518 ) ;
#3792 = CARTESIAN_POINT ( 'NONE',  ( -3.071932613383151711, -0.1501366504740215824, 125.9428433602321462 ) ) ;
#3793 = AXIS2_PLACEMENT_3D ( 'NONE', #1118, #110, #2306 ) ;
#3794 = AXIS2_PLACEMENT_3D ( 'NONE', #1172, #1218, #1235 ) ;
#3795 = ORIENTED_EDGE ( 'NONE', *, *, #2548, .T. ) ;
#3796 = ORIENTED_EDGE ( 'NONE', *, *, #399, .T. ) ;
#3797 = CARTESIAN_POINT ( 'NONE',  ( -13.83732356703478317, 0.000000000000000000, 149.3828027067993958 ) ) ;
#3798 = CARTESIAN_POINT ( 'NONE',  ( -13.57092751158136146, 0.000000000000000000, 138.5678321533781627 ) ) ;
#3799 = VERTEX_POINT ( 'NONE', #1433 ) ;
#3800 = CYLINDRICAL_SURFACE ( 'NONE', #1884, 3.999999999999983125 ) ;
#3801 = CONICAL_SURFACE ( 'NONE', #2092, 2.935653437930426879, 1.497386861111962952 ) ;
#3802 = ORIENTED_EDGE ( 'NONE', *, *, #3782, .F. ) ;
#3803 = VERTEX_POINT ( 'NONE', #3002 ) ;
#3804 = DIRECTION ( 'NONE',  ( -0.9997107150593141922, 0.000000000000000000, 0.02405173997020965126 ) ) ;
#3805 = EDGE_CURVE ( 'NONE', #3208, #3482, #421, .T. ) ;
#3806 = ORIENTED_EDGE ( 'NONE', *, *, #866, .F. ) ;
#3807 = CARTESIAN_POINT ( 'NONE',  ( 8.209923638391265044, 0.000000000000000000, 128.8819945503953477 ) ) ;
#3808 = DIRECTION ( 'NONE',  ( 0.9971507682994219524, 0.000000000000000000, -0.07543437730817606490 ) ) ;
#3809 = CARTESIAN_POINT ( 'NONE',  ( 13.81834525936066704, 0.000000000000000000, 108.4918928017733037 ) ) ;
#3810 = ORIENTED_EDGE ( 'NONE', *, *, #3323, .T. ) ;
#3811 = DIRECTION ( 'NONE',  ( 0.000000000000000000, -1.000000000000000000, -0.000000000000000000 ) ) ;
#3812 = CYLINDRICAL_SURFACE ( 'NONE', #83, 11.20485320828254139 ) ;
#3813 = ORIENTED_EDGE ( 'NONE', *, *, #1914, .T. ) ;
#3814 = EDGE_LOOP ( 'NONE', ( #2383, #362, #2536, #1773 ) ) ;
#3815 = CARTESIAN_POINT ( 'NONE',  ( -21.96203248489289805, 3.000000000000000000, 133.4827276729725156 ) ) ;
#3816 = CARTESIAN_POINT ( 'NONE',  ( -124.0669831219265120, 1.865262534174638942, 131.7961463190406164 ) ) ;
#3817 = B_SPLINE_CURVE_WITH_KNOTS ( 'NONE', 3,
 ( #1737, #3054, #2418, #165, #814, #2760, #3035, #2718, #194, #146, #1496, #4084, #4009, #2399, #791, #1447 ),
 .UNSPECIFIED., .F., .F.,
 ( 4, 2, 2, 2, 2, 2, 2, 4 ),
 ( 0.000000000000000000, 0.001386303367901707551, 0.002079455051852561326, 0.002772606735803415101, 0.003465758419754268876, 0.004158910103705122652, 0.004852061787655976427, 0.005545213471606830202 ),
 .UNSPECIFIED. ) ;
#3818 = AXIS2_PLACEMENT_3D ( 'NONE', #883, #2175, #3470 ) ;
#3819 = EDGE_CURVE ( 'NONE', #2597, #156, #2160, .T. ) ;
#3820 = ORIENTED_EDGE ( 'NONE', *, *, #4060, .T. ) ;
#3821 = AXIS2_PLACEMENT_3D ( 'NONE', #1572, #2858, #4029 ) ;
#3822 = FACE_OUTER_BOUND ( 'NONE', #4090, .T. ) ;
#3823 = CARTESIAN_POINT ( 'NONE',  ( -10.93867797836519529, 3.844292197845188073E-16, 125.1164677790933553 ) ) ;
#3824 = VERTEX_POINT ( 'NONE', #715 ) ;
#3825 = CARTESIAN_POINT ( 'NONE',  ( -11.18996471563039030, 7.429320160109622838E-16, 122.1919406568902247 ) ) ;
#3826 = AXIS2_PLACEMENT_3D ( 'NONE', #1731, #1361, #3985 ) ;
#3827 = EDGE_CURVE ( 'NONE', #2277, #3564, #3476, .T. ) ;
#3828 = VERTEX_POINT ( 'NONE', #2061 ) ;
#3829 = CARTESIAN_POINT ( 'NONE',  ( 3.818839642105742893, -2.135442900905421215, 129.7030757969895944 ) ) ;
#3830 = CARTESIAN_POINT ( 'NONE',  ( -124.0669831219265120, 2.424912756171457406, 131.7961463190406164 ) ) ;
#3831 = CARTESIAN_POINT ( 'NONE',  ( -10.90005575648327607, 0.000000000000000000, 128.2553329755145910 ) ) ;
#3832 = ORIENTED_EDGE ( 'NONE', *, *, #3283, .F. ) ;
#3833 = CARTESIAN_POINT ( 'NONE',  ( 129.0829513736945842, 2.366328157548302613, 138.2235382491869586 ) ) ;
#3834 = DIRECTION ( 'NONE',  ( 0.9999243080187693034, 0.000000000000000000, -0.01230358619206012305 ) ) ;
#3835 = EDGE_CURVE ( 'NONE', #685, #574, #3239, .T. ) ;
#3836 = ORIENTED_EDGE ( 'NONE', *, *, #1362, .F. ) ;
#3837 = ORIENTED_EDGE ( 'NONE', *, *, #422, .T. ) ;
#3838 = DIRECTION ( 'NONE',  ( 0.6156614753256590689, 0.000000000000000000, 0.7880107536067213481 ) ) ;
#3839 = CARTESIAN_POINT ( 'NONE',  ( -129.0829513736945273, 2.366328157548301725, 118.8806884988764523 ) ) ;
#3840 = EDGE_CURVE ( 'NONE', #1355, #3112, #1483, .T. ) ;
#3841 = EDGE_CURVE ( 'NONE', #2318, #3707, #58, .T. ) ;
#3842 = CARTESIAN_POINT ( 'NONE',  ( -0.3274479398669773444, 3.000000000000000000, 132.6048549806989172 ) ) ;
#3843 = DIRECTION ( 'NONE',  ( 0.000000000000000000, -1.000000000000000000, 0.000000000000000000 ) ) ;
#3844 = EDGE_LOOP ( 'NONE', ( #2803, #522, #1113, #3810 ) ) ;
#3845 = CARTESIAN_POINT ( 'NONE',  ( -128.2256884351585313, 3.000000000000000000, 126.0078291427249866 ) ) ;
#3846 = ORIENTED_EDGE ( 'NONE', *, *, #735, .F. ) ;
#3847 = CARTESIAN_POINT ( 'NONE',  ( 3.999141580956405484, -2.267035883829044085, 128.6757118620809592 ) ) ;
#3848 = CIRCLE ( 'NONE', #4188, 11.20485320828255915 ) ;
#3849 = CALENDAR_DATE ( 2026, 21, 9 ) ;
#3850 = LINE ( 'NONE', #3569, #2126 ) ;
#3851 = EDGE_CURVE ( 'NONE', #2199, #1912, #3298, .T. ) ;
#3852 = ORIENTED_EDGE ( 'NONE', *, *, #337, .T. ) ;
#3853 = DIRECTION ( 'NONE',  ( 0.000000000000000000, 0.000000000000000000, 1.000000000000000000 ) ) ;
#3854 = CARTESIAN_POINT ( 'NONE',  ( -3.868060522953792102, -1.827169729815931287, 129.5468871313723014 ) ) ;
#3855 = ADVANCED_FACE ( 'NONE', ( #2330 ), #99, .F. ) ;
#3856 = ORIENTED_EDGE ( 'NONE', *, *, #3549, .F. ) ;
#3857 = ORIENTED_EDGE ( 'NONE', *, *, #3402, .T. ) ;
#3858 = CLOSED_SHELL ( 'NONE', ( #2058, #2530, #2512, #933, #1267, #209, #3865, #691, #3577, #573, #1387, #3277, #283, #3240, #1791, #925, #3275, #2816, #3337, #3309, #1551, #3624, #18, #25, #3585, #4146, #2202, #2939, #294, #450, #1888, #1927, #1512, #1842, #2560, #1985, #2664, #3641, #548, #8, #4105 ) ) ;
#3859 = CARTESIAN_POINT ( 'NONE',  ( -44.30380905979443895, 0.2231119695520408786, 110.7738577220418392 ) ) ;
#3860 = CARTESIAN_POINT ( 'NONE',  ( -128.2408226738340602, 2.998247202910620413, 125.7020833933367499 ) ) ;
#3861 = AXIS2_PLACEMENT_3D ( 'NONE', #737, #3622, #3997 ) ;
#3862 = CIRCLE ( 'NONE', #3107, 2.968840882149699656 ) ;
#3863 = CARTESIAN_POINT ( 'NONE',  ( 2.107266151969093934E-14, 3.000000000000000000, 132.8488609767405819 ) ) ;
#3864 = DIRECTION ( 'NONE',  ( -0.01230358619205983335, 0.000000000000000000, -0.9999243080187693034 ) ) ;
#3865 = ADVANCED_FACE ( 'NONE', ( #1076 ), #2981, .T. ) ;
#3866 = CONICAL_SURFACE ( 'NONE', #2013, 3.500972268307151580, 1.124694951828026701 ) ;
#3867 = ORGANIZATION ( 'UNSPECIFIED', 'UNSPECIFIED', '' ) ;
#3868 = ORIENTED_EDGE ( 'NONE', *, *, #3432, .F. ) ;
#3869 = CARTESIAN_POINT ( 'NONE',  ( -32.84787537361832221, 1.713030476720014850, 135.3894332712108906 ) ) ;
#3870 = CIRCLE ( 'NONE', #2242, 4.023363924561850880 ) ;
#3871 = ORIENTED_EDGE ( 'NONE', *, *, #586, .F. ) ;
#3872 = AXIS2_PLACEMENT_3D ( 'NONE', #993, #675, #2309 ) ;
#3873 = CARTESIAN_POINT ( 'NONE',  ( 3.674772816215180260, -1.943698758531417381, 130.0896730171681952 ) ) ;
#3874 = PERSON_AND_ORGANIZATION ( #2463, #3867 ) ;
#3875 = CARTESIAN_POINT ( 'NONE',  ( -125.8958988643290553, 0.4859398308870462313, 112.8745579411568229 ) ) ;
#3876 = ORIENTED_EDGE ( 'NONE', *, *, #3234, .F. ) ;
#3877 = CARTESIAN_POINT ( 'NONE',  ( -25.99889206176739620, 3.000000000000000000, 121.4624318311605720 ) ) ;
#3878 = CARTESIAN_POINT ( 'NONE',  ( 13.98060367188673503, 0.000000000000000000, 101.9046332775000678 ) ) ;
#3879 = ORIENTED_EDGE ( 'NONE', *, *, #3805, .F. ) ;
#3880 = EDGE_CURVE ( 'NONE', #2151, #3551, #189, .T. ) ;
#3881 = DIRECTION ( 'NONE',  ( -0.000000000000000000, 1.000000000000000000, 0.000000000000000000 ) ) ;
#3882 = APPLICATION_CONTEXT ( 'configuration controlled 3d designs of mechanical parts and assemblies' ) ;
#3883 = EDGE_CURVE ( 'NONE', #1274, #2832, #2369, .T. ) ;
#3884 = DIRECTION ( 'NONE',  ( -0.6156614753256591799, 0.000000000000000000, -0.7880107536067213481 ) ) ;
#3885 = AXIS2_PLACEMENT_3D ( 'NONE', #4140, #2878, #3093 ) ;
#3886 = DIRECTION ( 'NONE',  ( 1.000000000000000000, -0.000000000000000000, -0.000000000000000000 ) ) ;
#3887 = CONICAL_SURFACE ( 'NONE', #26, 2.745177567217123915, 0.07340946568293808816 ) ;
#3888 = ORIENTED_EDGE ( 'NONE', *, *, #2260, .F. ) ;
#3889 = CARTESIAN_POINT ( 'NONE',  ( 127.8711769300759613, 2.006199079044285405, 128.7523356084224417 ) ) ;
#3890 = ORIENTED_EDGE ( 'NONE', *, *, #3255, .F. ) ;
#3891 = CARTESIAN_POINT ( 'NONE',  ( 43.16369351773452223, 0.2624720015856021327, 146.2225605682240825 ) ) ;
#3892 = CARTESIAN_POINT ( 'NONE',  ( -44.30380905979435369, 0.000000000000000000, 110.7738577220418392 ) ) ;
#3893 = ORIENTED_EDGE ( 'NONE', *, *, #2324, .T. ) ;
#3894 = DIRECTION ( 'NONE',  ( -0.000000000000000000, -1.000000000000000000, 0.000000000000000000 ) ) ;
#3895 = VECTOR ( 'NONE', #2849, 1000.000000000000000 ) ;
#3896 = DIRECTION ( 'NONE',  ( 0.000000000000000000, -1.000000000000000000, -0.000000000000000000 ) ) ;
#3897 = EDGE_CURVE ( 'NONE', #1263, #98, #758, .T. ) ;
#3898 = ORIENTED_EDGE ( 'NONE', *, *, #2863, .T. ) ;
#3899 = CIRCLE ( 'NONE', #2049, 14.81030521360772489 ) ;
#3900 = CARTESIAN_POINT ( 'NONE',  ( 128.1981714229683860, 3.000000000000000000, 131.0963976053384954 ) ) ;
#3901 = EDGE_CURVE ( 'NONE', #2523, #2106, #1374, .T. ) ;
#3902 = LINE ( 'NONE', #2700, #886 ) ;
#3903 = DIRECTION ( 'NONE',  ( 0.02462468796396177773, 0.000000000000000000, -0.9996967663960294459 ) ) ;
#3904 = ADVANCED_FACE ( 'NONE', ( #1054 ), #2009, .T. ) ;
#3905 = CARTESIAN_POINT ( 'NONE',  ( 13.66629848658081059, 0.000000000000000000, 128.8148564903416968 ) ) ;
#3906 = ORIENTED_EDGE ( 'NONE', *, *, #3019, .T. ) ;
#3907 = DIRECTION ( 'NONE',  ( 1.000000000000000000, -0.000000000000000000, -0.000000000000000000 ) ) ;
#3908 = ORIENTED_EDGE ( 'NONE', *, *, #1689, .F. ) ;
#3909 = CARTESIAN_POINT ( 'NONE',  ( 44.17553311328700261, 0.000000000000000000, 146.3303690260216570 ) ) ;
#3910 = DIRECTION ( 'NONE',  ( 0.9999243080187693034, 0.000000000000000000, -0.01230358619206012305 ) ) ;
#3911 = CARTESIAN_POINT ( 'NONE',  ( -128.3020028482282271, 0.8788509120579617306, 114.8388730710550760 ) ) ;
#3912 = ORIENTED_EDGE ( 'NONE', *, *, #3383, .F. ) ;
#3913 = ORIENTED_EDGE ( 'NONE', *, *, #2645, .T. ) ;
#3914 = CARTESIAN_POINT ( 'NONE',  ( 3.563831863968799585, 0.1522593013210763457, 126.6883803809717932 ) ) ;
#3915 = CARTESIAN_POINT ( 'NONE',  ( 13.83732356703482047, 0.000000000000000000, 107.7214240412640862 ) ) ;
#3916 = EDGE_CURVE ( 'NONE', #2193, #2747, #2962, .T. ) ;
#3917 = CARTESIAN_POINT ( 'NONE',  ( -124.0669831219265120, 2.424912756171457406, 131.7961463190406164 ) ) ;
#3918 = AXIS2_PLACEMENT_3D ( 'NONE', #2974, #1717, #392 ) ;
#3919 = CARTESIAN_POINT ( 'NONE',  ( -32.84787537361833643, 1.532434666349224983, 135.3894332712108906 ) ) ;
#3920 = CONICAL_SURFACE ( 'NONE', #456, 2.968840882149699656, 1.507594121024852019 ) ;
#3921 = CARTESIAN_POINT ( 'NONE',  ( 128.4776386913718795, 0.9483153750594434106, 141.8843988829858063 ) ) ;
#3922 = AXIS2_PLACEMENT_3D ( 'NONE', #1272, #3563, #3206 ) ;
#3923 = DIRECTION ( 'NONE',  ( 1.000000000000000000, -0.000000000000000000, -0.000000000000000000 ) ) ;
#3924 = FACE_OUTER_BOUND ( 'NONE', #614, .T. ) ;
#3925 = VECTOR ( 'NONE', #2656, 1000.000000000000000 ) ;
#3926 = ORIENTED_EDGE ( 'NONE', *, *, #399, .F. ) ;
#3927 = CARTESIAN_POINT ( 'NONE',  ( 13.60788492745923506, 0.000000000000000000, 117.0360219117304013 ) ) ;
#3928 = AXIS2_PLACEMENT_3D ( 'NONE', #154, #481, #3406 ) ;
#3929 = ORIENTED_EDGE ( 'NONE', *, *, #1062, .F. ) ;
#3930 = DIRECTION ( 'NONE',  ( -0.9996967663960295569, 0.000000000000000000, -0.02462468796396178120 ) ) ;
#3931 = APPLICATION_PROTOCOL_DEFINITION ( 'international standard', 'config_control_design', 1994, #3351 ) ;
#3932 = DIRECTION ( 'NONE',  ( 0.08560844798237371434, 1.221348500772578708E-16, 0.9963288581758781293 ) ) ;
#3933 = ADVANCED_FACE ( 'NONE', ( #2726 ), #4023, .F. ) ;
#3934 = ORIENTED_EDGE ( 'NONE', *, *, #653, .T. ) ;
#3935 = CARTESIAN_POINT ( 'NONE',  ( 3.007506293845922052, 0.3040324906102763736, 131.1422203933220203 ) ) ;
#3936 = VECTOR ( 'NONE', #3886, 1000.000000000000000 ) ;
#3937 = ORIENTED_EDGE ( 'NONE', *, *, #2310, .F. ) ;
#3938 = PLANE ( 'NONE',  #2566 ) ;
#3939 = DIRECTION ( 'NONE',  ( 0.01230358619206011611, 0.000000000000000000, 0.9999243080187693034 ) ) ;
#3940 = CARTESIAN_POINT ( 'NONE',  ( -25.99889206176739620, 0.000000000000000000, 121.4624318311605720 ) ) ;
#3941 = EDGE_CURVE ( 'NONE', #1770, #34, #2706, .T. ) ;
#3942 = ORIENTED_EDGE ( 'NONE', *, *, #3655, .T. ) ;
#3943 = DIRECTION ( 'NONE',  ( -0.6156614753256592909, 0.000000000000000000, -0.7880107536067211260 ) ) ;
#3944 = AXIS2_PLACEMENT_3D ( 'NONE', #2050, #3350, #126 ) ;
#3945 = VERTEX_POINT ( 'NONE', #1716 ) ;
#3946 = DIRECTION ( 'NONE',  ( 0.9996967663960295569, 0.000000000000000000, 0.02462468796396178120 ) ) ;
#3947 = CARTESIAN_POINT ( 'NONE',  ( -15.32435095716582296, 0.000000000000000000, 149.3461740142731173 ) ) ;
#3948 = DIRECTION ( 'NONE',  ( 0.9963288581758779072, 0.000000000000000000, -0.08560844798237669806 ) ) ;
#3949 = EDGE_LOOP ( 'NONE', ( #3341, #2278, #1231, #2448 ) ) ;
#3950 = CARTESIAN_POINT ( 'NONE',  ( 3.766919446560149876, 1.410036286559454455, 127.1418433545106410 ) ) ;
#3951 = DIRECTION ( 'NONE',  ( 0.01230358619205990274, 0.000000000000000000, 0.9999243080187691923 ) ) ;
#3952 = VERTEX_POINT ( 'NONE', #2076 ) ;
#3953 = DIRECTION ( 'NONE',  ( -0.01230358619206021326, 0.000000000000000000, -0.9999243080187693034 ) ) ;
#3954 = ADVANCED_FACE ( 'NONE', ( #3373 ), #2822, .F. ) ;
#3955 = CARTESIAN_POINT ( 'NONE',  ( 16.22236882315477402, 3.361872920783569921E-16, 126.0380199071630187 ) ) ;
#3956 = EDGE_CURVE ( 'NONE', #2209, #922, #1427, .T. ) ;
#3957 = CARTESIAN_POINT ( 'NONE',  ( 28.29850750463186415, 0.000000000000000000, 146.3303690260216570 ) ) ;
#3958 = VERTEX_POINT ( 'NONE', #473 ) ;
#3959 = DIRECTION ( 'NONE',  ( 0.02405173997020965473, 0.000000000000000000, 0.9997107150593143032 ) ) ;
#3960 = EDGE_CURVE ( 'NONE', #1409, #2868, #2421, .T. ) ;
#3961 = CARTESIAN_POINT ( 'NONE',  ( 2.141766347072745083E-14, -20.00000000000000000, 124.5047235328461710 ) ) ;
#3962 = VERTEX_POINT ( 'NONE', #3576 ) ;
#3963 = CARTESIAN_POINT ( 'NONE',  ( 17.01376077737747039, 0.000000000000000000, 135.6398208064022128 ) ) ;
#3964 = DIRECTION ( 'NONE',  ( 0.01230358619205983335, 0.000000000000000000, 0.9999243080187693034 ) ) ;
#3965 = DIRECTION ( 'NONE',  ( 0.01230358619205983335, 0.000000000000000000, 0.9999243080187693034 ) ) ;
#3966 = ORIENTED_EDGE ( 'NONE', *, *, #3715, .F. ) ;
#3967 = CARTESIAN_POINT ( 'NONE',  ( 3.181232492929101152, 1.008276129833245438, 130.9305489332695345 ) ) ;
#3968 = CARTESIAN_POINT ( 'NONE',  ( -16.78709093729631974, 3.000000000000000000, 135.4877011333489065 ) ) ;
#3969 = TOROIDAL_SURFACE ( 'NONE', #2141, 0.3664748395200143616, 4.300065869620395276 ) ;
#3970 = CARTESIAN_POINT ( 'NONE',  ( 1.855942683623820091E-14, 3.000000000000000000, 138.9021133740317566 ) ) ;
#3971 = LINE ( 'NONE', #2701, #1882 ) ;
#3972 = FACE_OUTER_BOUND ( 'NONE', #1858, .T. ) ;
#3973 = DIRECTION ( 'NONE',  ( 0.01230358619206028091, 0.000000000000000000, 0.9999243080187693034 ) ) ;
#3974 = AXIS2_PLACEMENT_3D ( 'NONE', #1772, #3664, #3003 ) ;
#3975 = ORIENTED_EDGE ( 'NONE', *, *, #1618, .T. ) ;
#3976 = DIRECTION ( 'NONE',  ( 0.9997107150593141922, 0.000000000000000000, -0.02405173997020965126 ) ) ;
#3977 = VECTOR ( 'NONE', #2699, 1000.000000000000000 ) ;
#3978 = CARTESIAN_POINT ( 'NONE',  ( 17.95177362065741988, 0.000000000000000000, 116.2922758871902005 ) ) ;
#3979 = AXIS2_PLACEMENT_3D ( 'NONE', #1278, #3910, #1951 ) ;
#3980 = VECTOR ( 'NONE', #3643, 1000.000000000000000 ) ;
#3981 = ADVANCED_FACE ( 'NONE', ( #1011 ), #5, .T. ) ;
#3982 = ORIENTED_EDGE ( 'NONE', *, *, #1837, .T. ) ;
#3983 = DIRECTION ( 'NONE',  ( 0.000000000000000000, 1.000000000000000000, 0.000000000000000000 ) ) ;
#3984 = FACE_OUTER_BOUND ( 'NONE', #1246, .T. ) ;
#3985 = DIRECTION ( 'NONE',  ( 0.9992250439051164612, 0.000000000000000000, 0.03936129612726407823 ) ) ;
#3986 = ORIENTED_EDGE ( 'NONE', *, *, #4049, .T. ) ;
#3987 = CARTESIAN_POINT ( 'NONE',  ( 3.565893959282944614, 1.787310687868402415, 130.3308687373113912 ) ) ;
#3988 = PLANE ( 'NONE',  #3605 ) ;
#3989 = EDGE_CURVE ( 'NONE', #3690, #795, #1015, .T. ) ;
#3990 = ORIENTED_EDGE ( 'NONE', *, *, #3835, .T. ) ;
#3991 = DIRECTION ( 'NONE',  ( -0.9996967663960294459, 0.000000000000000000, -0.02462468796396328347 ) ) ;
#3992 = AXIS2_PLACEMENT_3D ( 'NONE', #2379, #1960, #2738 ) ;
#3993 = DIRECTION ( 'NONE',  ( -1.000000000000000000, 0.000000000000000000, -0.000000000000000000 ) ) ;
#3994 = VERTEX_POINT ( 'NONE', #496 ) ;
#3995 = CYLINDRICAL_SURFACE ( 'NONE', #576, 20.00000000000000355 ) ;
#3996 = EDGE_LOOP ( 'NONE', ( #2214, #661, #984, #2336 ) ) ;
#3997 = DIRECTION ( 'NONE',  ( -0.6156614753256591799, 0.000000000000000000, -0.7880107536067213481 ) ) ;
#3998 = LINE ( 'NONE', #1997, #3440 ) ;
#3999 = EDGE_CURVE ( 'NONE', #3367, #2988, #2719, .T. ) ;
#4000 = ORIENTED_EDGE ( 'NONE', *, *, #2196, .F. ) ;
#4001 = CARTESIAN_POINT ( 'NONE',  ( 16.86096500118826214, 3.000000000000000000, 118.6174353155265067 ) ) ;
#4002 = DIRECTION ( 'NONE',  ( 0.9996967663960294459, 0.000000000000000000, 0.02462468796396326959 ) ) ;
#4003 = DIRECTION ( 'NONE',  ( -0.000000000000000000, -1.000000000000000000, 0.000000000000000000 ) ) ;
#4004 = EDGE_CURVE ( 'NONE', #3385, #1003, #3902, .T. ) ;
#4005 = ORIENTED_EDGE ( 'NONE', *, *, #2517, .T. ) ;
#4006 = DIRECTION ( 'NONE',  ( -0.000000000000000000, -1.000000000000000000, -0.000000000000000000 ) ) ;
#4007 = AXIS2_PLACEMENT_3D ( 'NONE', #388, #3896, #708 ) ;
#4008 = CARTESIAN_POINT ( 'NONE',  ( -10.59114502048063322, 0.000000000000000000, 138.6412306243048818 ) ) ;
#4009 = CARTESIAN_POINT ( 'NONE',  ( 127.6436385197288814, 1.986464394040584835, 127.8524242782189191 ) ) ;
#4010 =( BOUNDED_CURVE ( )  B_SPLINE_CURVE ( 3, ( #2716, #1493, #3713, #125 ),
 .UNSPECIFIED., .F., .T. ) 
 B_SPLINE_CURVE_WITH_KNOTS ( ( 4, 4 ),
 ( 1.874699937735782251, 1.918723793060051586 ),
 .UNSPECIFIED. ) 
 CURVE ( )  GEOMETRIC_REPRESENTATION_ITEM ( )  RATIONAL_B_SPLINE_CURVE ( ( 1.000000000000000000, 0.9998384982013279743, 0.9998384982013279743, 1.000000000000000000 ) ) 
 REPRESENTATION_ITEM ( '' )  );
#4011 = CIRCLE ( 'NONE', #2256, 29.49856672401589464 ) ;
#4012 = CARTESIAN_POINT ( 'NONE',  ( -16.58504898725224663, 0.000000000000000000, 127.2853359122747605 ) ) ;
#4013 = DIRECTION ( 'NONE',  ( -0.01230358619206011611, 0.000000000000000000, -0.9999243080187693034 ) ) ;
#4014 = ORIENTED_EDGE ( 'NONE', *, *, #3717, .T. ) ;
#4015 = ORIENTED_EDGE ( 'NONE', *, *, #1744, .T. ) ;
#4016 = CARTESIAN_POINT ( 'NONE',  ( -16.25614435196550289, 0.000000000000000000, 128.3212370616122371 ) ) ;
#4017 = VECTOR ( 'NONE', #965, 1000.000000000000000 ) ;
#4018 = B_SPLINE_CURVE_WITH_KNOTS ( 'NONE', 3,
 ( #924, #945, #904, #3492 ),
 .UNSPECIFIED., .F., .F.,
 ( 4, 4 ),
 ( 0.000000000000000000, 0.0003345912393564335133 ),
 .UNSPECIFIED. ) ;
#4019 = EDGE_CURVE ( 'NONE', #1987, #3945, #3221, .T. ) ;
#4020 = AXIS2_PLACEMENT_3D ( 'NONE', #908, #552, #527 ) ;
#4021 = ORIENTED_EDGE ( 'NONE', *, *, #2840, .F. ) ;
#4022 = EDGE_CURVE ( 'NONE', #2658, #4156, #3077, .T. ) ;
#4023 = CYLINDRICAL_SURFACE ( 'NONE', #3793, 8.204853208282546717 ) ;
#4024 = CARTESIAN_POINT ( 'NONE',  ( 13.83732356703482047, 0.000000000000000000, 107.7214240412640862 ) ) ;
#4025 = EDGE_CURVE ( 'NONE', #3652, #543, #1495, .T. ) ;
#4026 = ORIENTED_EDGE ( 'NONE', *, *, #1198, .T. ) ;
#4027 = DIRECTION ( 'NONE',  ( 0.6156614753256589578, 0.000000000000000000, 0.7880107536067213481 ) ) ;
#4028 = LINE ( 'NONE', #2003, #1349 ) ;
#4029 = DIRECTION ( 'NONE',  ( 0.6156614753256590689, 0.000000000000000000, 0.7880107536067213481 ) ) ;
#4030 = EDGE_LOOP ( 'NONE', ( #4176, #2871, #1616, #2228 ) ) ;
#4031 = CARTESIAN_POINT ( 'NONE',  ( -32.97460838101638103, 1.691854919025470805, 115.3250950566823150 ) ) ;
#4032 = CARTESIAN_POINT ( 'NONE',  ( -128.2621433932850437, 2.994741839151660034, 125.5492456872030260 ) ) ;
#4033 = CARTESIAN_POINT ( 'NONE',  ( -24.03250381854546802, 3.000000000000000000, 135.6569637082895099 ) ) ;
#4034 = DIRECTION ( 'NONE',  ( -0.003879645678965266097, 0.000000000000000000, -0.9999924741463834810 ) ) ;
#4035 = FACE_OUTER_BOUND ( 'NONE', #1396, .T. ) ;
#4036 = DIRECTION ( 'NONE',  ( -0.000000000000000000, -1.000000000000000000, 0.000000000000000000 ) ) ;
#4037 = EDGE_LOOP ( 'NONE', ( #180, #1687 ) ) ;
#4038 = EDGE_CURVE ( 'NONE', #3024, #600, #3036, .T. ) ;
#4039 =( BOUNDED_CURVE ( )  B_SPLINE_CURVE ( 3, ( #3156, #3133, #3109, #2502 ),
 .UNSPECIFIED., .F., .T. ) 
 B_SPLINE_CURVE_WITH_KNOTS ( ( 4, 4 ),
 ( 1.784811280955462154, 1.813828243087139969 ),
 .UNSPECIFIED. ) 
 CURVE ( )  GEOMETRIC_REPRESENTATION_ITEM ( )  RATIONAL_B_SPLINE_CURVE ( ( 1.000000000000000000, 0.9999298358898391914, 0.9999298358898391914, 1.000000000000000000 ) ) 
 REPRESENTATION_ITEM ( '' )  );
#4040 = ORIENTED_EDGE ( 'NONE', *, *, #274, .F. ) ;
#4041 = CIRCLE ( 'NONE', #596, 14.81030521360773378 ) ;
#4042 = VERTEX_POINT ( 'NONE', #1090 ) ;
#4043 = LINE ( 'NONE', #3660, #2609 ) ;
#4044 = FACE_OUTER_BOUND ( 'NONE', #4197, .T. ) ;
#4045 = ORIENTED_EDGE ( 'NONE', *, *, #3782, .T. ) ;
#4046 = AXIS2_PLACEMENT_3D ( 'NONE', #3388, #3434, #2393 ) ;
#4047 = CARTESIAN_POINT ( 'NONE',  ( 16.57450563276012900, 0.000000000000000000, 125.2778351205920160 ) ) ;
#4048 = CIRCLE ( 'NONE', #2223, 22.47851606900064070 ) ;
#4049 = EDGE_CURVE ( 'NONE', #2524, #862, #2168, .T. ) ;
#4050 = ORIENTED_EDGE ( 'NONE', *, *, #396, .T. ) ;
#4051 = CARTESIAN_POINT ( 'NONE',  ( 28.29850750463186415, -17.00000000000000000, 130.7298906069905513 ) ) ;
#4052 = LINE ( 'NONE', #4081, #1887 ) ;
#4053 = LINE ( 'NONE', #3365, #3268 ) ;
#4054 = VECTOR ( 'NONE', #537, 1000.000000000000114 ) ;
#4055 = EDGE_LOOP ( 'NONE', ( #439, #3888, #2761, #4050 ) ) ;
#4056 = CARTESIAN_POINT ( 'NONE',  ( 28.29850750463186415, -43.45345674200559927, 130.4896822148203910 ) ) ;
#4057 = DIRECTION ( 'NONE',  ( -0.05310901196763674614, 3.490607328170940792E-18, 0.9985887205690945345 ) ) ;
#4058 = CIRCLE ( 'NONE', #2635, 3.500972268307151580 ) ;
#4059 = CARTESIAN_POINT ( 'NONE',  ( 8.205461457500961231, 0.000000000000000000, 126.3372414667628334 ) ) ;
#4060 = EDGE_CURVE ( 'NONE', #2298, #3450, #2404, .T. ) ;
#4061 = ORIENTED_EDGE ( 'NONE', *, *, #2119, .F. ) ;
#4062 = CARTESIAN_POINT ( 'NONE',  ( 13.62882791428607376, 0.000000000000000000, 116.1857924087167078 ) ) ;
#4063 = CARTESIAN_POINT ( 'NONE',  ( -28.29850750463182507, -43.45345674200559927, 126.6145445332431052 ) ) ;
#4064 = LINE ( 'NONE', #565, #3529 ) ;
#4065 = ORIENTED_EDGE ( 'NONE', *, *, #2987, .T. ) ;
#4066 = PLANE ( 'NONE',  #1569 ) ;
#4067 = CIRCLE ( 'NONE', #2233, 14.81030521360772845 ) ;
#4068 = ORIENTED_EDGE ( 'NONE', *, *, #2340, .F. ) ;
#4069 = PRODUCT_DEFINITION_FORMATION_WITH_SPECIFIED_SOURCE ( 'ANY', '', #2490, .NOT_KNOWN. ) ;
#4070 = ORIENTED_EDGE ( 'NONE', *, *, #353, .T. ) ;
#4071 = LINE ( 'NONE', #2453, #4167 ) ;
#4072 = CARTESIAN_POINT ( 'NONE',  ( -73.50179913290159561, 3.000000000000000000, 41.74514583558259773 ) ) ;
#4073 = CONICAL_SURFACE ( 'NONE', #749, 5.863050924912333706, 0.07340946568293665875 ) ;
#4074 = AXIS2_PLACEMENT_3D ( 'NONE', #1584, #2870, #1600 ) ;
#4075 = EDGE_CURVE ( 'NONE', #3430, #133, #2518, .T. ) ;
#4076 = VERTEX_POINT ( 'NONE', #1239 ) ;
#4077 = CARTESIAN_POINT ( 'NONE',  ( 2.092780475106851024E-14, -20.00000000000000000, 128.5047235328461852 ) ) ;
#4078 = ADVANCED_FACE ( 'NONE', ( #562 ), #2786, .T. ) ;
#4079 = ORIENTED_EDGE ( 'NONE', *, *, #2039, .F. ) ;
#4080 = CARTESIAN_POINT ( 'NONE',  ( -3.071932613383152155, 0.1502647817428178489, 125.9428433602321462 ) ) ;
#4081 = CARTESIAN_POINT ( 'NONE',  ( 23.18736877920326123, 4.595065349857691256E-16, 132.4501439470706998 ) ) ;
#4082 = DIRECTION ( 'NONE',  ( 0.01230358619206011611, 0.000000000000000000, 0.9999243080187693034 ) ) ;
#4083 = DIRECTION ( 'NONE',  ( 0.000000000000000000, 0.000000000000000000, -1.000000000000000000 ) ) ;
#4084 = CARTESIAN_POINT ( 'NONE',  ( 127.5537349956336044, 1.979935537922541622, 127.6394034394836581 ) ) ;
#4085 = CARTESIAN_POINT ( 'NONE',  ( 1.405681022971797324E-14, -6.066500288313496192, 114.7825662019847641 ) ) ;
#4086 = DIRECTION ( 'NONE',  ( -0.6156614753256590689, 0.000000000000000000, -0.7880107536067212370 ) ) ;
#4087 = AXIS2_PLACEMENT_3D ( 'NONE', #3417, #2070, #471 ) ;
#4088 = VERTEX_POINT ( 'NONE', #3786 ) ;
#4089 = CARTESIAN_POINT ( 'NONE',  ( 28.29850750463186415, 1.780599916887184886, 122.0133427909590438 ) ) ;
#4090 = EDGE_LOOP ( 'NONE', ( #3545, #286, #3059, #622 ) ) ;
#4091 = CARTESIAN_POINT ( 'NONE',  ( 13.61423995985307300, 4.488022391862254195E-17, 101.8956089489302457 ) ) ;
#4092 = AXIS2_PLACEMENT_3D ( 'NONE', #140, #2440, #4161 ) ;
#4093 = ORIENTED_EDGE ( 'NONE', *, *, #1618, .F. ) ;
#4094 = ORIENTED_EDGE ( 'NONE', *, *, #4095, .F. ) ;
#4095 = EDGE_CURVE ( 'NONE', #1488, #2597, #920, .T. ) ;
#4096 = CARTESIAN_POINT ( 'NONE',  ( -9.555338446233552219, 3.000000000000000000, -62.16165546049179369 ) ) ;
#4097 = EDGE_CURVE ( 'NONE', #1003, #2314, #3124, .T. ) ;
#4098 = EDGE_CURVE ( 'NONE', #3024, #142, #3250, .T. ) ;
#4099 = ORIENTED_EDGE ( 'NONE', *, *, #3646, .T. ) ;
#4100 = CIRCLE ( 'NONE', #2667, 1.753160640428558015 ) ;
#4101 = DIRECTION ( 'NONE',  ( 0.000000000000000000, 0.000000000000000000, 1.000000000000000000 ) ) ;
#4102 = CIRCLE ( 'NONE', #2937, 2.980686335360522410 ) ;
#4103 = ORIENTED_EDGE ( 'NONE', *, *, #3999, .F. ) ;
#4104 = CARTESIAN_POINT ( 'NONE',  ( -8.209923638391227740, 0.000000000000000000, 128.2222321976681485 ) ) ;
#4105 = ADVANCED_FACE ( 'NONE', ( #240 ), #3419, .F. ) ;
#4106 = DIRECTION ( 'NONE',  ( 0.000000000000000000, -1.000000000000000000, -0.000000000000000000 ) ) ;
#4107 = DIRECTION ( 'NONE',  ( 1.000000000000000000, 0.000000000000000000, 0.000000000000000000 ) ) ;
#4108 = ORIENTED_EDGE ( 'NONE', *, *, #890, .F. ) ;
#4109 = CARTESIAN_POINT ( 'NONE',  ( 16.25614435196553842, 0.000000000000000000, 128.7829896864512307 ) ) ;
#4110 = DIRECTION ( 'NONE',  ( 1.000000000000000000, -0.000000000000000000, -0.000000000000000000 ) ) ;
#4111 = ORIENTED_EDGE ( 'NONE', *, *, #1041, .T. ) ;
#4112 = DIRECTION ( 'NONE',  ( -1.224275445084856662E-16, 1.000000000000000000, -3.015654529506814774E-18 ) ) ;
#4113 = CYLINDRICAL_SURFACE ( 'NONE', #1835, 4.289567438934708044 ) ;
#4114 = EDGE_LOOP ( 'NONE', ( #1451, #175, #3076 ) ) ;
#4115 = VERTEX_POINT ( 'NONE', #3830 ) ;
#4116 = CARTESIAN_POINT ( 'NONE',  ( -28.29850750463182507, 2.186267646384888685, 117.9205482819357087 ) ) ;
#4117 = FACE_OUTER_BOUND ( 'NONE', #4055, .T. ) ;
#4118 = AXIS2_PLACEMENT_3D ( 'NONE', #1544, #2521, #3491 ) ;
#4119 = CIRCLE ( 'NONE', #1331, 183.7774700275770385 ) ;
#4120 = ORIENTED_EDGE ( 'NONE', *, *, #3207, .F. ) ;
#4121 = DIRECTION ( 'NONE',  ( 0.01230358619205983335, 0.000000000000000000, 0.9999243080187693034 ) ) ;
#4122 = ORIENTED_EDGE ( 'NONE', *, *, #2180, .F. ) ;
#4123 = CARTESIAN_POINT ( 'NONE',  ( 2.199302045677614892, 0.000000000000000000, 138.6381368369064546 ) ) ;
#4124 = AXIS2_PLACEMENT_3D ( 'NONE', #1978, #974, #2247 ) ;
#4125 = ORIENTED_EDGE ( 'NONE', *, *, #3105, .F. ) ;
#4126 = CARTESIAN_POINT ( 'NONE',  ( -73.50179913290159561, 0.000000000000000000, 41.74514583558259773 ) ) ;
#4127 = DIRECTION ( 'NONE',  ( 1.506754744814000181E-18, 1.000000000000000000, 1.224554103204818031E-16 ) ) ;
#4128 = CARTESIAN_POINT ( 'NONE',  ( -23.14120380932824617, 0.000000000000000000, 128.4059543965063028 ) ) ;
#4129 = ORIENTED_EDGE ( 'NONE', *, *, #567, .T. ) ;
#4130 = APPROVAL_ROLE ( '' ) ;
#4131 = CARTESIAN_POINT ( 'NONE',  ( 125.2695716793396628, 0.8867316266720945972, 144.3648202429301080 ) ) ;
#4132 = DIRECTION ( 'NONE',  ( 0.9996967663960295569, 0.000000000000000000, 0.02462468796396178120 ) ) ;
#4133 = VECTOR ( 'NONE', #1648, 1000.000000000000000 ) ;
#4134 = EDGE_CURVE ( 'NONE', #3482, #2755, #738, .T. ) ;
#4135 = EDGE_LOOP ( 'NONE', ( #1568, #2742, #1465, #1626, #1654 ) ) ;
#4136 = ORIENTED_EDGE ( 'NONE', *, *, #2847, .T. ) ;
#4137 = DIRECTION ( 'NONE',  ( -0.02462468796396178466, 0.000000000000000000, 0.9996967663960296679 ) ) ;
#4138 = CARTESIAN_POINT ( 'NONE',  ( 0.3514958534972444926, 0.000000000000000000, 124.5201971287456786 ) ) ;
#4139 = ORIENTED_EDGE ( 'NONE', *, *, #4019, .F. ) ;
#4140 = CARTESIAN_POINT ( 'NONE',  ( 11.11532500644900345, 0.000000000000000000, 128.8462449882857186 ) ) ;
#4141 = AXIS2_PLACEMENT_3D ( 'NONE', #3598, #692, #3014 ) ;
#4142 = CARTESIAN_POINT ( 'NONE',  ( 2.092780475106851024E-14, -20.00000000000000000, 132.5047235328461852 ) ) ;
#4143 = AXIS2_PLACEMENT_3D ( 'NONE', #2790, #1390, #3973 ) ;
#4144 = ORIENTED_EDGE ( 'NONE', *, *, #2446, .T. ) ;
#4145 = CARTESIAN_POINT ( 'NONE',  ( 1.604619215278546562E-14, 3.000000000000000000, 124.2553657713229143 ) ) ;
#4146 = ADVANCED_FACE ( 'NONE', ( #4150 ), #1949, .F. ) ;
#4147 = ORIENTED_EDGE ( 'NONE', *, *, #230, .F. ) ;
#4148 = CARTESIAN_POINT ( 'NONE',  ( 43.62771516003220285, 0.2273323904038760668, 146.3187323145887149 ) ) ;
#4149 = EDGE_CURVE ( 'NONE', #1770, #1963, #1622, .T. ) ;
#4150 = FACE_OUTER_BOUND ( 'NONE', #281, .T. ) ;
#4151 = LINE ( 'NONE', #983, #1785 ) ;
#4152 = EDGE_CURVE ( 'NONE', #1274, #1488, #1750, .T. ) ;
#4153 = VERTEX_POINT ( 'NONE', #196 ) ;
#4154 = CARTESIAN_POINT ( 'NONE',  ( 126.8698503641277853, 1.063444529770830371, 143.7873180627615284 ) ) ;
#4155 = CARTESIAN_POINT ( 'NONE',  ( 1.855942683623820091E-14, 3.000000000000000000, 118.2021133740317538 ) ) ;
#4156 = VERTEX_POINT ( 'NONE', #261 ) ;
#4157 = EDGE_LOOP ( 'NONE', ( #3199, #560, #3348, #3750 ) ) ;
#4158 = CARTESIAN_POINT ( 'NONE',  ( 9.555338446233587746, 0.000000000000000000, 319.2658822085552970 ) ) ;
#4159 = DIRECTION ( 'NONE',  ( 0.9999243080187693034, 0.000000000000000000, -0.01230358619206012305 ) ) ;
#4160 = AXIS2_PLACEMENT_3D ( 'NONE', #2417, #2356, #2098 ) ;
#4161 = DIRECTION ( 'NONE',  ( 0.9996967663960295569, 0.000000000000000000, 0.02462468796396076465 ) ) ;
#4162 = CARTESIAN_POINT ( 'NONE',  ( 127.8711769300759897, 3.000000000000000000, 128.7523356084224417 ) ) ;
#4163 = EDGE_CURVE ( 'NONE', #1822, #2318, #2513, .T. ) ;
#4164 = ORIENTED_EDGE ( 'NONE', *, *, #3197, .F. ) ;
#4165 = CARTESIAN_POINT ( 'NONE',  ( -28.29850750463182507, -17.00000000000000000, 126.3743361410729307 ) ) ;
#4166 = EDGE_CURVE ( 'NONE', #1919, #3482, #4185, .T. ) ;
#4167 = VECTOR ( 'NONE', #3747, 1000.000000000000000 ) ;
#4168 = EDGE_LOOP ( 'NONE', ( #3665, #2850, #1743, #1316 ) ) ;
#4169 = CARTESIAN_POINT ( 'NONE',  ( 3.701730115573274915, -1.148907997898305888, 126.9865857588790021 ) ) ;
#4170 = DATE_TIME_ROLE ( 'classification_date' ) ;
#4171 = CARTESIAN_POINT ( 'NONE',  ( -125.6868083019273570, 0.4736712379369098502, 112.8176905753353907 ) ) ;
#4172 = EDGE_LOOP ( 'NONE', ( #489, #3514, #2703, #3538 ) ) ;
#4173 = CARTESIAN_POINT ( 'NONE',  ( -10.86143353460135508, 0.000000000000000000, 131.3941981719358409 ) ) ;
#4174 = DIRECTION ( 'NONE',  ( 0.000000000000000000, 1.000000000000000000, 0.000000000000000000 ) ) ;
#4175 = ORIENTED_EDGE ( 'NONE', *, *, #2571, .T. ) ;
#4176 = ORIENTED_EDGE ( 'NONE', *, *, #249, .T. ) ;
#4177 = CARTESIAN_POINT ( 'NONE',  ( -28.29850750463182507, 0.2231119695520378532, 110.7738577220418392 ) ) ;
#4178 = DIRECTION ( 'NONE',  ( -0.9999243080187693034, -0.000000000000000000, 0.01230358619206012305 ) ) ;
#4179 = EDGE_CURVE ( 'NONE', #1987, #678, #606, .T. ) ;
#4180 = CARTESIAN_POINT ( 'NONE',  ( 127.8115405316983555, 2.866742394924873594, 128.4249943807593297 ) ) ;
#4181 = DIRECTION ( 'NONE',  ( 0.9999243080187693034, 0.000000000000000000, -0.01230358619206012305 ) ) ;
#4182 = ORIENTED_EDGE ( 'NONE', *, *, #3313, .T. ) ;
#4183 = CARTESIAN_POINT ( 'NONE',  ( 11.04068529726757930, 7.429320160109623824E-16, 122.7802038853981799 ) ) ;
#4184 = ADVANCED_FACE ( 'NONE', ( #541 ), #2697, .T. ) ;
#4185 = B_SPLINE_CURVE_WITH_KNOTS ( 'NONE', 3,
 ( #3507, #1156, #1498, #3761 ),
 .UNSPECIFIED., .F., .F.,
 ( 4, 4 ),
 ( 0.000000000000000000, 0.001423576648048548816 ),
 .UNSPECIFIED. ) ;
#4186 = VERTEX_POINT ( 'NONE', #1596 ) ;
#4187 = LINE ( 'NONE', #2824, #657 ) ;
#4188 = AXIS2_PLACEMENT_3D ( 'NONE', #70, #3781, #788 ) ;
#4189 = CARTESIAN_POINT ( 'NONE',  ( 0.000000000000000000, 0.000000000000000000, 0.000000000000000000 ) ) ;
#4190 = CARTESIAN_POINT ( 'NONE',  ( 2.199302045677614892, 3.000000000000000000, 138.6381368369064546 ) ) ;
#4191 = ORIENTED_EDGE ( 'NONE', *, *, #1460, .F. ) ;
#4192 = CARTESIAN_POINT ( 'NONE',  ( -28.29850750463182507, -17.00000000000000000, 126.0078291427249866 ) ) ;
#4193 = VECTOR ( 'NONE', #752, 1000.000000000000000 ) ;
#4194 = CARTESIAN_POINT ( 'NONE',  ( -3.396291282595387706, -1.380015424064989560, 126.3796885901862197 ) ) ;
#4195 = CIRCLE ( 'NONE', #1610, 2.708110989951148628 ) ;
#4196 = ADVANCED_FACE ( 'NONE', ( #365 ), #3238, .T. ) ;
#4197 = EDGE_LOOP ( 'NONE', ( #1299, #3806, #1969, #367 ) ) ;
#4198 = CARTESIAN_POINT ( 'NONE',  ( -128.9391430405127323, 2.053957625884272886, 117.2434268503507440 ) ) ;
#4199 = AXIS2_PLACEMENT_3D ( 'NONE', #236, #873, #3804 ) ;
ENDSEC;
END-ISO-10303-21;
